{"type": "FeatureCollection", "features": [{"type": "Feature", "properties": {"OBJECTID": 131, "CWA": "LIX", "WFO": "LIX", "LON": -90.39750703986, "LAT": 30.3717823646, "REGION": "SR", "FULLSTAID": "KLIX", "CITYSTATE": "New Orleans LA", "CITY": "New Orleans", "STATE": "Louisiana", "ST": "LA"}, "geometry": {"type": "MultiPolygon", "coordinates": [[[[-90.23396682799995, 29.091463089000115], [-90.23467063899989, 29.091463089000115], [-90.23458862299998, 29.091829300000143], [-90.23417663599997, 29.09187507600018], [-90.23397064199997, 29.09173774700014], [-90.23396682799995, 29.091463089000115]]], [[[-90.17693328899992, 29.10963249200006], [-90.1773224559999, 29.109564150999972], [-90.17737579299995, 29.109815598000125], [-90.17719268799999, 29.110044479000123], [-90.17677471099995, 29.110135674000105], [-90.17672729499992, 29.10979270900009], [-90.17693328899992, 29.10963249200006]]], [[[-90.16660308799999, 29.112882614], [-90.16691589399994, 29.112859726000067], [-90.16701507599998, 29.113203049000163], [-90.16683769199994, 29.11352348300005], [-90.16618513599997, 29.113912374000165], [-90.16621398899997, 29.11311149600016], [-90.16660308799999, 29.112882614]]], [[[-90.16404724099993, 29.114576339999985], [-90.16471100199993, 29.11413001900013], [-90.16501235999993, 29.114164352000046], [-90.16503715499994, 29.114393234000147], [-90.1646957399999, 29.114736557000015], [-90.16428237299993, 29.114850331000014], [-90.16404724099993, 29.114736557000015], [-90.16404724099993, 29.114576339999985]]], [[[-90.16250610399993, 29.115423202999978], [-90.16329002399993, 29.11540031400017], [-90.16310691799998, 29.11620140100007], [-90.16425323499999, 29.117601395000122], [-90.16435813899994, 29.117807388000188], [-90.16425323499999, 29.117898941000192], [-90.16388881499995, 29.117921717000115], [-90.1626892089999, 29.11673164399997], [-90.16245460399995, 29.116224289], [-90.16250610399993, 29.115423202999978]]], [[[-90.8754027039999, 29.23257899100014], [-90.87475753799998, 29.231482210000024], [-90.87355322899992, 29.230406934000086], [-90.87249945899993, 29.23042843900015], [-90.8710744089999, 29.229906306000032], [-90.86985428099996, 29.230105857000126], [-90.8720693489999, 29.226578952000068], [-90.87258548099999, 29.228535954000165], [-90.87441344999996, 29.229589724000164], [-90.8753381869999, 29.23049295600009], [-90.87632744099994, 29.231030594000174], [-90.87684357299992, 29.232170387000053], [-90.87834895899988, 29.231675759000154], [-90.88099413799989, 29.23038542800009], [-90.8798973559999, 29.234579005000057], [-90.87813390399992, 29.236772567000173], [-90.87637045199995, 29.234579004000125], [-90.87624141899994, 29.234084378000034], [-90.87551023099991, 29.233697278000193], [-90.8754027039999, 29.23257899100014]]], [[[-91.05755233799988, 29.24345207200014], [-91.05796813999996, 29.243383408000113], [-91.05783843999995, 29.244848251000064], [-91.05794334399991, 29.245401382000125], [-91.05820274399997, 29.245859146000157], [-91.05904197699988, 29.246568680000053], [-91.05909347599999, 29.246957779000184], [-91.05843925499994, 29.247415543000045], [-91.05673980699999, 29.24762153600011], [-91.05663680999999, 29.247461319000138], [-91.0570545199999, 29.246088028000088], [-91.0570545199999, 29.24445915200016], [-91.05755233799988, 29.24345207200014]]], [[[-91.29610061599993, 29.252706528000033], [-91.29638862599995, 29.25245475800017], [-91.29681015099993, 29.252592087000096], [-91.29681015099993, 29.252889632999995], [-91.29654693599991, 29.253076553000028], [-91.29610061599993, 29.252935410000134], [-91.29610061599993, 29.252706528000033]]], [[[-91.29819488499993, 29.253671646000157], [-91.29850768999995, 29.253259659000094], [-91.29895019499997, 29.253396988000134], [-91.29879569999997, 29.25376319900016], [-91.29819488499993, 29.253671646000157]]], [[[-91.29445648199999, 29.25435829200012], [-91.29484587499996, 29.254312704000085], [-91.29505729699991, 29.254449844000078], [-91.29505729699991, 29.254701614000112], [-91.29438018799993, 29.25490760800011], [-91.2942199709999, 29.254610062000154], [-91.29445648199999, 29.25435829200012]]], [[[-91.29693984999989, 29.254495621000046], [-91.29727935799991, 29.254381180000053], [-91.29751396199998, 29.254472733000057], [-91.29751396199998, 29.25467872600018], [-91.29738426199998, 29.254884720000177], [-91.29694304999998, 29.254975614000045], [-91.29683685299989, 29.254861832000017], [-91.29693984999989, 29.254495621000046]]], [[[-91.29341125499997, 29.255456924000043], [-91.29387664699993, 29.255456923000168], [-91.29398345899989, 29.255594254000073], [-91.29387664799992, 29.25582313500007], [-91.29330444299995, 29.255960464000168], [-91.29325294499995, 29.255708694000134], [-91.29341125499997, 29.255456924000043]]], [[[-91.29581451399997, 29.25575447000017], [-91.29628562899995, 29.25575447000017], [-91.29628562899995, 29.256055832000072], [-91.29607391399992, 29.25626182600007], [-91.29563331599991, 29.256238937000035], [-91.29581451399997, 29.25575447000017]]], [[[-91.29469299399989, 29.256994246999966], [-91.29498290999999, 29.256582260000073], [-91.29537200899995, 29.256742477000103], [-91.29513549799992, 29.25717735300003], [-91.29474639899996, 29.257131577000166], [-91.29469299399989, 29.256994246999966]]], [[[-91.30825805699999, 29.261396408000167], [-91.30859938599997, 29.261259876000054], [-91.30885887099993, 29.261373520000063], [-91.30885887099993, 29.261693954000066], [-91.30823014199996, 29.261899093000125], [-91.30810165399998, 29.26180839500006], [-91.30825805699999, 29.261396408000167]]], [[[-91.30713653599992, 29.262357712000096], [-91.30754913699997, 29.26226686100017], [-91.3077087399999, 29.262563705000048], [-91.30749893199999, 29.26281547500008], [-91.30710766499999, 29.262861062000184], [-91.30695342999996, 29.262746811000056], [-91.30713653599992, 29.262357712000096]]], [[[-91.30915069599996, 29.263319016000082], [-91.30944061299994, 29.263044357000183], [-91.30982589699994, 29.263135910000187], [-91.30982208299997, 29.263364792000118], [-91.30932964599998, 29.263593376000017], [-91.30915069599996, 29.263319016000082]]], [[[-91.30572509799993, 29.26407813999998], [-91.30601119999989, 29.26361656199998], [-91.30645370499997, 29.26375389100008], [-91.30645370499997, 29.26391792300018], [-91.30595590399992, 29.264215057000058], [-91.30572509799993, 29.26407813999998]]], [[[-91.30846595799994, 29.264009476000183], [-91.30893707299992, 29.26389503500002], [-91.30914688099989, 29.26407813999998], [-91.30906677199994, 29.264352798000175], [-91.30854797399996, 29.264490128000148], [-91.3084182739999, 29.26437568700004], [-91.30846595799994, 29.264009476000183]]], [[[-91.30742073199997, 29.264970779000066], [-91.30773604399997, 29.26492546200012], [-91.30794525099992, 29.265085220000003], [-91.30767822299998, 29.265611649000164], [-91.30731964099988, 29.265634537000096], [-91.30718612699991, 29.26545143100003], [-91.30742073199997, 29.264970779000066]]], [[[-89.94990011599992, 29.262709999000037], [-89.94988250699998, 29.262388229000067], [-89.95075988799994, 29.260801315000037], [-89.9519824979999, 29.258993149000162], [-89.95507430999993, 29.255613327000106], [-89.95632934599996, 29.253877640000155], [-89.95835304299999, 29.251901627000166], [-89.96060371399994, 29.250226974000043], [-89.96299743699996, 29.250226974000043], [-89.96593475299994, 29.248064041000077], [-89.96854591499994, 29.24648475600003], [-89.97415924099994, 29.24338722200008], [-89.98008727999996, 29.239793777000045], [-89.98400116099998, 29.23784446700006], [-89.98642730699999, 29.236124039000174], [-89.99475288399998, 29.231199265000157], [-89.99691963199996, 29.230073929000127], [-89.99958991999989, 29.22890663100003], [-90.00039672999998, 29.228719711000167], [-90.00680541999998, 29.225496292000003], [-90.01286315999988, 29.221673965000036], [-90.01696205099995, 29.21943092300006], [-90.01949500899991, 29.217599869000082], [-90.02202796899996, 29.216066360000127], [-90.02615547199997, 29.21274757400016], [-90.02902603099989, 29.21077919000004], [-90.03393554699994, 29.206315994000192], [-90.03547668499994, 29.20441246000007], [-90.03633880599995, 29.203634262000037], [-90.03827094999991, 29.202363968000043], [-90.0401191709999, 29.19982338000017], [-90.04115287299999, 29.198904087000074], [-90.04231071499993, 29.199251174999972], [-90.0443602449999, 29.20048890800018], [-90.04457272599996, 29.201036051000074], [-90.04449762599995, 29.201588550000054], [-90.04323162699995, 29.20338675100004], [-90.0423599149999, 29.20389346500008], [-90.04210662799994, 29.20355033900006], [-90.04184913599994, 29.203470230000107], [-90.0409288589999, 29.203729106000026], [-90.04064941399997, 29.203596115000153], [-90.04038238499999, 29.203931808000107], [-90.04059410099995, 29.204050064000114], [-90.04035758999999, 29.204164505000108], [-90.03936392799994, 29.205489149000073], [-90.03831782799989, 29.20519885000016], [-90.03796912799999, 29.205372049000175], [-90.03752392799993, 29.20586845000014], [-90.03771162699991, 29.206069750000097], [-90.03745412799992, 29.206350749000137], [-90.0375987189999, 29.206611173000056], [-90.03732871999995, 29.20691108700015], [-90.03731338199992, 29.20720557100003], [-90.03701962799994, 29.207474550000143], [-90.03644032799997, 29.207235749000176], [-90.03562492899994, 29.20771794900014], [-90.03588772899991, 29.2079240490001], [-90.03555512799994, 29.20825644900009], [-90.0357268279999, 29.208588949000045], [-90.03550152799994, 29.208818348000136], [-90.03568392799991, 29.20900094900003], [-90.0351911329999, 29.20937706100011], [-90.03414154099994, 29.209131241000023], [-90.03406524699994, 29.209428787000093], [-90.03445434599996, 29.209726334000095], [-90.0344009399999, 29.21000099200012], [-90.03338622999996, 29.21055030800011], [-90.03267442899994, 29.211187548000055], [-90.03286137699996, 29.211347815000067], [-90.03176278899991, 29.212343322000095], [-90.03140312899995, 29.212119349000147], [-90.0300405299999, 29.21327584700009], [-90.02954673799996, 29.214441299000043], [-90.02811472999997, 29.21605224800004], [-90.02769632999991, 29.215710447000106], [-90.0272349299999, 29.215911846000154], [-90.02700962999995, 29.215850946000103], [-90.02612983099988, 29.216674947000115], [-90.02591533099991, 29.217316347000065], [-90.02558273099999, 29.217335146000153], [-90.02502483099994, 29.21770964600006], [-90.0255398299999, 29.21823404700018], [-90.02539493099994, 29.21846814700018], [-90.02550762999994, 29.218725646000053], [-90.02535202999991, 29.21888954700006], [-90.02480483099993, 29.21853834600006], [-90.02402163099998, 29.218795846000035], [-90.0236193309999, 29.21924534500016], [-90.02321163099992, 29.219404546000135], [-90.02294873099993, 29.220097446000068], [-90.0218115319999, 29.22116484600008], [-90.02113023099992, 29.222873645000163], [-90.02096123199999, 29.22375614500004], [-90.02181594399991, 29.224435386000152], [-90.02150344799998, 29.224630356000148], [-90.02121073199993, 29.224425645000167], [-90.02096663099996, 29.224629345000153], [-90.02048923199999, 29.22424304500015], [-90.0201432319999, 29.224287546000028], [-90.0198803319999, 29.224449045000142], [-90.01981863099996, 29.225048344000072], [-90.01909983199988, 29.225612445000138], [-90.01866263199997, 29.225867545000085], [-90.01801083199996, 29.225947145000134], [-90.01769703299999, 29.22661424400013], [-90.0178204319999, 29.226838944000065], [-90.01681723199994, 29.22770504300007], [-90.01694063299993, 29.227892344000054], [-90.01658653299995, 29.228463444000056], [-90.01602863299996, 29.228308944000048], [-90.01628083199995, 29.22869284300009], [-90.01625933199995, 29.229249943000184], [-90.0159214329999, 29.229718044000094], [-90.01503093299993, 29.230457744000034], [-90.01430133299988, 29.230438943000138], [-90.01387753299997, 29.23063094300005], [-90.01370593299998, 29.23119264400009], [-90.01294953299993, 29.23116924300018], [-90.01278323299994, 29.23055134300006], [-90.01258473399997, 29.230481141999974], [-90.01256863299994, 29.23087904300013], [-90.01247743299996, 29.23055134300006], [-90.01219313399997, 29.230527943000027], [-90.01190883399988, 29.231056943000112], [-90.01117383399992, 29.231819943000175], [-90.0097942569999, 29.232671664000065], [-90.00934993499999, 29.232480043000123], [-90.00906033399991, 29.232559643000116], [-90.00888863499995, 29.23266724300015], [-90.00892623399994, 29.23290134300015], [-90.00811028699991, 29.233502154000007], [-90.00741577099996, 29.233556041000156], [-90.00748443599991, 29.232572556000036], [-90.00725746199998, 29.23213005100007], [-90.00671417599995, 29.233471813999984], [-90.0064163209999, 29.233194351000066], [-90.00631141699995, 29.232782364000172], [-90.00609970099993, 29.232812881000086], [-90.0060691839999, 29.233160019000024], [-90.00630187999997, 29.233621597000024], [-90.0053234099999, 29.234766006000143], [-90.00552368199999, 29.234979630000055], [-90.00609110499994, 29.23427533500012], [-90.00642967199997, 29.2344112400001], [-90.00761985799994, 29.235536575000026], [-90.00772666899996, 29.23586082500003], [-90.00751304599999, 29.23602104200006], [-90.00768279999988, 29.236303329000066], [-90.00632443499995, 29.23696454200018], [-90.00720330599995, 29.23814937400016], [-90.00608825699993, 29.23768425000003], [-90.00443267799994, 29.23776817300012], [-90.0043334959999, 29.238340378000146], [-90.00466918899997, 29.238786697000023], [-90.00454711899988, 29.238916397000082], [-90.00363540599994, 29.23919868500019], [-90.0037937159999, 29.23896598800019], [-90.00336456299993, 29.238653183000167], [-90.0031890869999, 29.23869133000005], [-90.0030746459999, 29.238916397000082], [-90.00334930399998, 29.23921012900007], [-90.00314331099992, 29.23950767499997], [-90.00297546399997, 29.239473343000157], [-90.00288984799988, 29.23991561700018], [-90.00234985399999, 29.239912033000053], [-90.00206756599988, 29.239522934000092], [-90.00200462299995, 29.240240097000026], [-90.00131225599995, 29.240388870000174], [-90.0009069759999, 29.24064764100018], [-90.00065994299996, 29.239591599000164], [-90.00045111399993, 29.239968624000028], [-90.00007057099998, 29.23955345200011], [-89.99898529099988, 29.2395763400001], [-89.99807573699991, 29.239923381000096], [-89.99684715299998, 29.239809036000167], [-89.99580383199998, 29.240427017000002], [-89.99514770499997, 29.24047279399997], [-89.9946520449999, 29.2408617750001], [-89.99397277799994, 29.24083900500017], [-89.99311637899996, 29.24200630200005], [-89.99227905299995, 29.242353439000055], [-89.99160003699996, 29.242444992000117], [-89.99013900799997, 29.243108749000044], [-89.98950958399996, 29.243795395000177], [-89.98825836199995, 29.2443675990001], [-89.98841667199991, 29.24503135700013], [-89.9881286619999, 29.245077132999995], [-89.9874763489999, 29.244829178000032], [-89.98583221299998, 29.246042252000052], [-89.98392486599988, 29.246912003000148], [-89.98379516599988, 29.247140884000146], [-89.9840831759999, 29.24766731300008], [-89.98405837999991, 29.247964859000035], [-89.98374175999993, 29.24828529399997], [-89.98100280799997, 29.249113083000168], [-89.98006248499996, 29.249662399000158], [-89.98007011399989, 29.250226974000043], [-89.97720474499994, 29.251881839000134], [-89.97706603999995, 29.251695633000168], [-89.97681426999998, 29.251832962000094], [-89.97693633999995, 29.252073288000076], [-89.97656249999994, 29.25240135200005], [-89.97650718699998, 29.252721786000052], [-89.97605895999999, 29.252943039000172], [-89.97602081299993, 29.25327491799999], [-89.97573457499999, 29.25323198199999], [-89.9749069209999, 29.252157211000167], [-89.97453308099995, 29.252347946000043], [-89.97495269799992, 29.25277519200006], [-89.97511291499995, 29.25343513500019], [-89.97316741899994, 29.254026413000076], [-89.97235826299993, 29.25449518000005], [-89.97224426299994, 29.254381180000053], [-89.97176170299997, 29.254457474000162], [-89.97174835199996, 29.254632950000087], [-89.97134780899995, 29.254564285000185], [-89.96982897599992, 29.254983014000118], [-89.96935272199988, 29.254259108999975], [-89.96812248199996, 29.253580093000096], [-89.96762657199997, 29.253946304000124], [-89.96765136699997, 29.254106522000086], [-89.96895980799997, 29.255159378000144], [-89.96890258699995, 29.255365372000142], [-89.96790771199994, 29.256225580999967], [-89.96741029399993, 29.256482119000054], [-89.96520233199993, 29.254957199000046], [-89.96527862499994, 29.254499435000184], [-89.96488189699988, 29.254522323999993], [-89.96436309799998, 29.255094528000086], [-89.96443939199997, 29.255300522000084], [-89.96671295199997, 29.256834030000164], [-89.96668815599998, 29.257040024000162], [-89.96629333499999, 29.25710868800013], [-89.96616363499999, 29.257406235000133], [-89.96629333499999, 29.257680893000156], [-89.96577262899996, 29.25813865700019], [-89.96485900899995, 29.257978439000055], [-89.96459770199993, 29.258275986000058], [-89.96506881699997, 29.25871086100011], [-89.9649124149999, 29.25893974300004], [-89.96475456199994, 29.259007394000037], [-89.9641265869999, 29.258733749000044], [-89.96391868599994, 29.259103775000085], [-89.96430969199997, 29.259420395000177], [-89.96428489699997, 29.25960350000014], [-89.96271612999993, 29.261551910000037], [-89.96198844899993, 29.261392593000096], [-89.96194110499994, 29.261568199000067], [-89.96174614599988, 29.261574434000124], [-89.96149404599998, 29.261883334000117], [-89.96208953899998, 29.26207923900006], [-89.96166992199994, 29.262537003000148], [-89.96141467099989, 29.262674155000127], [-89.96010589599996, 29.26262855500005], [-89.95953369099993, 29.263132095000174], [-89.9584350589999, 29.26347541800004], [-89.95780944799992, 29.263978958000166], [-89.95767974899996, 29.2642993930001], [-89.95780944799992, 29.26482582100016], [-89.9585596469999, 29.265519534000077], [-89.95861816399997, 29.26581382800009], [-89.95783615099992, 29.266981125000143], [-89.9568710339999, 29.26704978900011], [-89.95524167199994, 29.26660923300011], [-89.95336341899997, 29.265687943000046], [-89.95038434999992, 29.263671034000083], [-89.94991951199995, 29.26306440700006], [-89.94990011599992, 29.262709999000037]]], [[[-90.98480390999993, 29.291255628000158], [-90.98567805699997, 29.290552745000184], [-90.98605407299999, 29.290822240000182], [-90.98552107099994, 29.291204243000095], [-90.98513479199988, 29.291743231999988], [-90.98480390999993, 29.291255628000158]]], [[[-91.33161926299994, 29.30881500200013], [-91.33253392999995, 29.308287000000178], [-91.33287048199992, 29.30835533100003], [-91.33282099999991, 29.308585000000107], [-91.3318786619999, 29.309432983000022], [-91.33154296899994, 29.309387207000157], [-91.33161926299994, 29.30881500200013]]], [[[-91.30963134799993, 29.308265686000027], [-91.3099939999999, 29.308242000000178], [-91.31064605699993, 29.30849456800013], [-91.31088256699996, 29.3088607790001], [-91.31077575699993, 29.309387207000157], [-91.31051635699998, 29.309547424000186], [-91.30944824199997, 29.309524536000083], [-91.30923499999989, 29.309227000000135], [-91.30923499999989, 29.308610338000108], [-91.30963134799993, 29.308265686000027]]], [[[-90.35387420599989, 29.31351280199999], [-90.35345649599998, 29.31282615700013], [-90.35285337099998, 29.31296312799998], [-90.35264587299997, 29.312391281000032], [-90.35212186099994, 29.312550763000104], [-90.35186195299991, 29.312414169000135], [-90.35152435299989, 29.311704636000172], [-90.35018353899989, 29.311328435000178], [-90.34992603899997, 29.311599735000073], [-90.34969003899988, 29.310982236000086], [-90.34885313999996, 29.310336736000124], [-90.34826303999995, 29.310112235000133], [-90.3477266399999, 29.309550936000107], [-90.34747983999989, 29.30913923500009], [-90.3477266399999, 29.30898023600014], [-90.34873513999992, 29.309242136000137], [-90.35070923899997, 29.30893343600019], [-90.35070923899997, 29.308774436000192], [-90.35106333899995, 29.308755736000023], [-90.35142813899989, 29.308269236000115], [-90.35132083899992, 29.30791373599999], [-90.35074143899993, 29.307455236000067], [-90.3496471389999, 29.307389736000175], [-90.34947543899989, 29.306416836000153], [-90.34856353899994, 29.306079936000174], [-90.34837033999997, 29.305425036000145], [-90.34804853999998, 29.30500403700006], [-90.3472331399999, 29.304863737000176], [-90.34664303999995, 29.304442736000055], [-90.34513023999995, 29.304096537000078], [-90.34507664099993, 29.30384393700018], [-90.3454306399999, 29.302749337000023], [-90.34525903999992, 29.301925937000078], [-90.34471184099993, 29.301149437000163], [-90.34537704099989, 29.301570438000056], [-90.34668593999993, 29.30301123700019], [-90.34900333899992, 29.304171437000093], [-90.34936813899992, 29.305144437000138], [-90.3497758399999, 29.305649636000112], [-90.3533378379999, 29.30613613600019], [-90.35380993799998, 29.306809737000037], [-90.35415100799997, 29.307927527000174], [-90.35313987599989, 29.308450699000105], [-90.35301017799998, 29.308771133000164], [-90.35308837799988, 29.30925178500013], [-90.35369110099992, 29.30925178500013], [-90.35424200399996, 29.30850504400007], [-90.35428193799999, 29.308755736000023], [-90.35475403799995, 29.309204736000083], [-90.35535483799993, 29.309335736000094], [-90.35591273799997, 29.310308735000035], [-90.35653993699992, 29.310351248000075], [-90.3565902709999, 29.31101417500014], [-90.35627746599988, 29.311429977000046], [-90.35549163799993, 29.31181907700011], [-90.35510253799993, 29.312688828000034], [-90.35510253799993, 29.31335258500019], [-90.3554954519999, 29.313993454000183], [-90.3555221549999, 29.31431388900012], [-90.35536193799999, 29.314474106000148], [-90.35492133999992, 29.314405441000076], [-90.35387420599989, 29.31351280199999]]], [[[-90.35377773699997, 29.324958132000006], [-90.35349873699994, 29.324873932000173], [-90.3532627379999, 29.32507973200012], [-90.35275843799997, 29.324630732000116], [-90.35268333799996, 29.323526932999982], [-90.35287643799995, 29.32316213300004], [-90.35274773699996, 29.32296563300008], [-90.35200743799999, 29.32271313300015], [-90.35134223799992, 29.32217053300002], [-90.35082723799997, 29.322048933000076], [-90.35107474499989, 29.321104852000076], [-90.35212674299999, 29.31995240499998], [-90.3523082719999, 29.319997787000034], [-90.35282897899992, 29.32153129600016], [-90.35385131699996, 29.322172165000154], [-90.35458373899996, 29.322011948000124], [-90.35500223499997, 29.321692370000164], [-90.35510253899992, 29.321805954000183], [-90.35510253899992, 29.322378159000152], [-90.35429382299998, 29.323087692000172], [-90.3541107179999, 29.3245105740001], [-90.35428323399998, 29.32511438100005], [-90.35377773699997, 29.324958132000006]]], [[[-91.34522247299998, 29.32503891000016], [-91.34558808799994, 29.324762791000126], [-91.34647369399994, 29.32494545000003], [-91.34654998799994, 29.325426101999994], [-91.34610748299991, 29.325839999000095], [-91.34540557899993, 29.325748444000055], [-91.3451409999999, 29.32542800000016], [-91.34522247299998, 29.32503891000016]]], [[[-91.34506225599995, 29.33261680600009], [-91.34432983399995, 29.332204819000026], [-91.34365081799996, 29.330415726000012], [-91.34333229099991, 29.33016395600015], [-91.34137153599994, 29.330232620000174], [-91.34071731599988, 29.329935074000048], [-91.34061431899988, 29.329637527000045], [-91.34210395799988, 29.329248428000085], [-91.3453216549999, 29.327802657999996], [-91.3460780229999, 29.327643023000064], [-91.34667968799994, 29.328126907000126], [-91.34676170299997, 29.328516006000086], [-91.34932327299998, 29.329454422000083], [-91.34987449599998, 29.330072403000145], [-91.34984588599997, 29.33071327200014], [-91.34956225699989, 29.33098720600009], [-91.34888458299991, 29.330621719000135], [-91.34639549299999, 29.330003738000073], [-91.34626007099996, 29.33039283800008], [-91.34914207499992, 29.331354141000133], [-91.34947967599999, 29.331651688000136], [-91.34945487999988, 29.3318614960001], [-91.34909605799993, 29.332228116000067], [-91.34835624699991, 29.332479477000163], [-91.34757232699991, 29.332342148000066], [-91.34657904799997, 29.33257084799999], [-91.34595107999996, 29.332479477000163], [-91.34506225599995, 29.33261680600009]]], [[[-91.23217010499991, 29.373800278000033], [-91.23436164899988, 29.371992111000054], [-91.23540878299991, 29.37061500500016], [-91.23632812499989, 29.36908149700014], [-91.23653411899988, 29.368047714000113], [-91.23655891399989, 29.36726951600002], [-91.23627471899988, 29.36628532400016], [-91.23642730699993, 29.36406135600015], [-91.23632240399996, 29.36346626300002], [-91.23671340899995, 29.36236381500015], [-91.23723602299998, 29.361471176000066], [-91.23760223399995, 29.359407425000143], [-91.23754882799989, 29.358972549000043], [-91.23678970299989, 29.358675003000087], [-91.23676299999988, 29.356771469000137], [-91.2362918849999, 29.355100632000187], [-91.23605346799997, 29.353494644000193], [-91.23581886299996, 29.352899551000064], [-91.23380279499992, 29.35109138500019], [-91.23356819199995, 29.350610733000053], [-91.23325347899993, 29.348157883000113], [-91.2330169679999, 29.34751701400012], [-91.23165893599992, 29.34527015700013], [-91.23016548199996, 29.343919754000012], [-91.22880172699996, 29.342958450000083], [-91.22762489299998, 29.341672897000024], [-91.22725868299989, 29.340963364000004], [-91.22616004899993, 29.34032249500001], [-91.22574043399993, 29.33952140800011], [-91.2250862119999, 29.338853836000112], [-91.22280883799993, 29.33475303600011], [-91.22168731699998, 29.333700179999994], [-91.2209510799999, 29.333311081000033], [-91.21974945099993, 29.33140754700014], [-91.21969604499998, 29.330606461000116], [-91.2198715209999, 29.330434799000102], [-91.22108077999997, 29.33010292100016], [-91.22139739999989, 29.32980537400016], [-91.22285842899998, 29.32911491400006], [-91.22424507099993, 29.3279933930001], [-91.22429656999992, 29.327650070000175], [-91.22393035899995, 29.32762718200007], [-91.22105407699996, 29.32911491400006], [-91.22019165099994, 29.32918345100012], [-91.21911811799993, 29.328702927000165], [-91.21765327499998, 29.32739830000014], [-91.21686935399993, 29.32641410800005], [-91.2166862489999, 29.325887679999994], [-91.21585082999997, 29.325361252000164], [-91.21509551999998, 29.324422836000167], [-91.21459197999991, 29.32299995400018], [-91.21435546899994, 29.32079887400016], [-91.21438598599991, 29.320295334000036], [-91.21459197999991, 29.32011222799997], [-91.22494697599996, 29.31811714200012], [-91.22698797699996, 29.31777411600018], [-91.2271194459999, 29.317956923999986], [-91.22756195099993, 29.317930222000086], [-91.22847747799995, 29.317701339999985], [-91.22827148399995, 29.316717148000123], [-91.22688293499988, 29.316900253000085], [-91.22682952899999, 29.317289352000046], [-91.21906470299996, 29.318734886000072], [-91.21903991699998, 29.318094254000187], [-91.21772956799998, 29.317476273000125], [-91.21778106699998, 29.316812515000095], [-91.21704864499998, 29.316194534000033], [-91.21723174999994, 29.31571388200007], [-91.21798896799993, 29.31538963300011], [-91.21807098499988, 29.315183640000043], [-91.21720504799993, 29.314840317000176], [-91.2168121339999, 29.315275192000172], [-91.21660423299994, 29.315919876000066], [-91.2159500119999, 29.316125870000008], [-91.21558380199997, 29.317544937000093], [-91.2167358399999, 29.31882667500014], [-91.21786376299997, 29.318552502000102], [-91.21830558799996, 29.31866645800011], [-91.21827697799989, 29.318918228000143], [-91.21440887499995, 29.319654465000042], [-91.21388435399996, 29.31963157700011], [-91.21257781999998, 29.318876266000075], [-91.21121978799994, 29.31756782400015], [-91.21056365999993, 29.31713295000003], [-91.20993804899996, 29.316881180000166], [-91.2092819209999, 29.316858292000063], [-91.20834159899994, 29.317338943000152], [-91.20792368999997, 29.317384534000098], [-91.20755767799989, 29.317041397000025], [-91.2061996459999, 29.316789627000162], [-91.20352935799991, 29.31523323100015], [-91.20151519799998, 29.31312370300003], [-91.19989776599994, 29.31255149800006], [-91.19842811399991, 29.312963050000178], [-91.19382476799996, 29.310213089000115], [-91.19343185399998, 29.311361313000077], [-91.19285583499999, 29.312070847000143], [-91.19118308999998, 29.312620163000133], [-91.19018554699994, 29.313215256000092], [-91.18781089899994, 29.31418037400016], [-91.1849594119999, 29.31722450300009], [-91.18451499899999, 29.31759452800003], [-91.18307495099992, 29.318281173999992], [-91.18169021599994, 29.320596695000006], [-91.18045806799995, 29.320459366000136], [-91.18069457999991, 29.321195601], [-91.1797027589999, 29.321516037000038], [-91.17794799899991, 29.322477341000024], [-91.17617034899996, 29.32295799300016], [-91.17588043199993, 29.323255539000115], [-91.17596244799995, 29.32412529000004], [-91.17420959499998, 29.33040428200013], [-91.17188262899998, 29.330381393000152], [-91.17049407999997, 29.33019828800019], [-91.16908264199998, 29.330587387000094], [-91.16759490999999, 29.330152512000097], [-91.16555137899991, 29.330449910000027], [-91.16349029499997, 29.33019828800019], [-91.16259765599995, 29.32941627500003], [-91.16201972999988, 29.328386307000073], [-91.16199493399989, 29.326829910000185], [-91.16231199099991, 29.326768516000072], [-91.16253852799991, 29.322622299000102], [-91.1605072019999, 29.319242477000046], [-91.1603775019999, 29.318235397000024], [-91.16126441999995, 29.31601142900007], [-91.16354370099998, 29.31434059100019], [-91.16380310099993, 29.31402015700013], [-91.16393279999994, 29.313379288000135], [-91.16505813599997, 29.312025070000175], [-91.16542319199993, 29.31106679900006], [-91.16607856799999, 29.310880661000112], [-91.16631317099996, 29.31056022600012], [-91.16688919099994, 29.307283401000177], [-91.16751861699998, 29.30606651300019], [-91.16733550999999, 29.30439567600007], [-91.1676788339999, 29.303522110000074], [-91.16757202099996, 29.30196571400012], [-91.16806793099994, 29.30093574500006], [-91.16817474399988, 29.299169540000037], [-91.16885375999993, 29.29729270900009], [-91.16885375999993, 29.29621315000003], [-91.16914367699997, 29.29483985900015], [-91.1691150669999, 29.294610977000048], [-91.16843414399995, 29.29376029900004], [-91.16822814899996, 29.29220390300003], [-91.1676502219999, 29.290941238000073], [-91.16757202099996, 29.288286209000034], [-91.16720581099992, 29.287595749000104], [-91.16707611099991, 29.286634445000175], [-91.16725921599999, 29.28544426000019], [-91.16883087199989, 29.283609390000095], [-91.16924667399996, 29.28294563300011], [-91.1696929929999, 29.281568527000047], [-91.17024231099998, 29.28120231600002], [-91.17042541499995, 29.280447006000088], [-91.17068481399991, 29.280103683000164], [-91.17057990999996, 29.279668808000167], [-91.17008399999997, 29.279073715000038], [-91.16963958799994, 29.277467728000147], [-91.16911697399996, 29.276552200000026], [-91.16914367699997, 29.276002884000093], [-91.16950988799988, 29.275129318000097], [-91.16950988799988, 29.27446556100017], [-91.16838836699998, 29.27325248700015], [-91.16848945599992, 29.272726059000092], [-91.16979980499997, 29.271787643000096], [-91.17016463699997, 29.271692635000022], [-91.1705055239999, 29.272218704000124], [-91.17031860499998, 29.267499924000163], [-91.1694576459999, 29.26770546099999], [-91.16765594499998, 29.266237259000036], [-91.16652870199994, 29.2659168240001], [-91.16577339199989, 29.265344620000178], [-91.16512298599997, 29.264497757000186], [-91.1648578629999, 29.26376533500013], [-91.16358184799992, 29.262319565000098], [-91.16261291599994, 29.26059913600011], [-91.16143798799999, 29.260576248000177], [-91.16083526599988, 29.260004044000084], [-91.16025733899994, 29.259935379000183], [-91.15968322799995, 29.259408951000125], [-91.15866202799998, 29.25959184600009], [-91.1567554479999, 29.258581160999995], [-91.15542602499994, 29.25814628600017], [-91.15464019799992, 29.258169174000102], [-91.15364837599992, 29.257368088000078], [-91.15537071199998, 29.254983901999992], [-91.15607452399996, 29.255418777000045], [-91.15693664699995, 29.255605698000124], [-91.15772247299998, 29.25557899500012], [-91.1598129269999, 29.255098343000157], [-91.16041374199989, 29.255331039000055], [-91.16234970099993, 29.25542259200006], [-91.16289710999996, 29.25528526300019], [-91.16452026399992, 29.253953934000037], [-91.16530609099993, 29.253084183000112], [-91.16616821299988, 29.25141334500006], [-91.16555976899997, 29.248949051000125], [-91.16812324499989, 29.246381760000077], [-91.16901397699996, 29.244527817000062], [-91.16950988799988, 29.242761612000038], [-91.17086791999998, 29.241434097000024], [-91.17149543799991, 29.240400314000055], [-91.17173194899999, 29.2398967740001], [-91.17178344699988, 29.238706589000117], [-91.17157745399999, 29.23783683800019], [-91.17094612099999, 29.236623764], [-91.17026710499994, 29.235750198000062], [-91.16953468299988, 29.235200882000072], [-91.16849136399998, 29.234766006000143], [-91.16697501999994, 29.2346019740001], [-91.16511917099996, 29.235040665000042], [-91.16310691899997, 29.235223770000175], [-91.16334342999994, 29.236162186], [-91.1637039179999, 29.236551285000132], [-91.16430664099994, 29.236825943000156], [-91.16564178499993, 29.236665726000126], [-91.16739176099992, 29.236070938000125], [-91.16781234699994, 29.236116409000033], [-91.16802024899988, 29.236436844000025], [-91.1676788339999, 29.238111496000045], [-91.1665573119999, 29.23950767499997], [-91.16637229899999, 29.240217209000093], [-91.16564178499993, 29.241155623999987], [-91.16496086099988, 29.241594315000157], [-91.16409873999999, 29.241754532000186], [-91.16164207499992, 29.241750717000116], [-91.16059684799995, 29.24200248699998], [-91.15921020599995, 29.24255561800004], [-91.15766906699992, 29.24367713900017], [-91.15652003999998, 29.24404295700009], [-91.1553421019999, 29.243467331000033], [-91.15440333599997, 29.243535881000014], [-91.15351104699994, 29.243398666000132], [-91.15290975499994, 29.243649839000057], [-91.14956855799988, 29.24268913300017], [-91.14886474699995, 29.24262046800004], [-91.14705657899998, 29.24321556100017], [-91.14627647399999, 29.24419975300009], [-91.14630126899999, 29.24449729899999], [-91.14653587299995, 29.244703293000157], [-91.14656066899988, 29.24527549700008], [-91.14742279199999, 29.24585151700012], [-91.14742279199999, 29.246126175000143], [-91.1466674799999, 29.247270584000034], [-91.14648246799999, 29.24852943400009], [-91.14601135299989, 29.24967765800011], [-91.14598846499996, 29.252050400000144], [-91.14624786399992, 29.252508163000073], [-91.14624786399992, 29.252828598000008], [-91.14507039299997, 29.25369834900016], [-91.1447906489999, 29.25369834900016], [-91.14434242199991, 29.252965927000105], [-91.14356231699998, 29.25262260400001], [-91.14175414999994, 29.252962112000034], [-91.13953343999992, 29.253762942000037], [-91.13924407999997, 29.253629684000032], [-91.13900947599996, 29.253099442000064], [-91.13919258099997, 29.252504348000002], [-91.13955879199989, 29.25222969100014], [-91.14005729299993, 29.252161453000156], [-91.1406021119999, 29.252504348000002], [-91.1409759519999, 29.252435684000034], [-91.14134216299993, 29.25195503200007], [-91.14126014699997, 29.25097084000015], [-91.14102363599994, 29.250696182000183], [-91.14031791699995, 29.250696182000183], [-91.13997650099992, 29.251680374000046], [-91.13913924299999, 29.25190871700005], [-91.13739013699995, 29.25112724300004], [-91.13605690099996, 29.25105857800014], [-91.1358489989999, 29.250684738000075], [-91.13566589399994, 29.24905204800018], [-91.13459205599992, 29.247404099000164], [-91.13443756099991, 29.246599197000023], [-91.13423156699992, 29.24284172100016], [-91.13462257399993, 29.23988533000005], [-91.13527679299989, 29.238031387000035], [-91.13637542699996, 29.23631477400005], [-91.13763046299988, 29.234914779999997], [-91.13823127699993, 29.233724594000137], [-91.13815307599992, 29.23283195500011], [-91.13773345899995, 29.231569290000152], [-91.13692474399994, 29.23072242700016], [-91.13520049999988, 29.229505539000172], [-91.13481140199997, 29.228796005000106], [-91.13426208499999, 29.226526260000128], [-91.13343048099989, 29.225152969000135], [-91.13212585399998, 29.22361564600004], [-91.13134002699996, 29.222055435000186], [-91.13097381599994, 29.220727921000105], [-91.13099861099994, 29.21941947900018], [-91.13654722099994, 29.218198601000097], [-91.14228404599999, 29.21930342400009], [-91.15043487299988, 29.22187901800004], [-91.15478073399993, 29.222780009000076], [-91.16786582499992, 29.224761215000058], [-91.17300878799989, 29.223883647000093], [-91.17898615799993, 29.222241020000126], [-91.18795776399992, 29.220281601000124], [-91.19778251599996, 29.220876694000083], [-91.21615219099994, 29.22518348700015], [-91.21907806399992, 29.226030350000144], [-91.22652816799996, 29.22866249100008], [-91.23308563199993, 29.231962204000126], [-91.23998832699993, 29.234983444000193], [-91.2442474369999, 29.23569297800009], [-91.24610137899992, 29.23624229400008], [-91.24832534799998, 29.237134933000107], [-91.25517654499993, 29.23937797500008], [-91.25572204599996, 29.23974418600011], [-91.26113128699996, 29.241853714000058], [-91.26405334499998, 29.242750168000157], [-91.26719474799995, 29.243482590000156], [-91.27150535599998, 29.24490547200014], [-91.27317810099993, 29.245824814000173], [-91.2757415769999, 29.24687767000006], [-91.27703857399996, 29.247648239000114], [-91.27809193399997, 29.24756825200018], [-91.27884674099988, 29.247751236000056], [-91.27981567399996, 29.248277664000057], [-91.28172302199994, 29.24967384300004], [-91.28436660799991, 29.25185966500004], [-91.29092407199988, 29.256052017000172], [-91.29711914099994, 29.260934830000167], [-91.30274200399992, 29.265932082999996], [-91.30352592499997, 29.266988754000124], [-91.30552668199994, 29.268968519000055], [-91.31259918299997, 29.277917862000095], [-91.31533813499993, 29.279958725000085], [-91.32065200799997, 29.285985947000142], [-91.32180023199993, 29.287523270000065], [-91.32561874399994, 29.291116714000054], [-91.33252334599996, 29.296407700000145], [-91.33495330799997, 29.298746109000092], [-91.33819580099998, 29.3027324680001], [-91.34165191699998, 29.308622360000186], [-91.34254455599995, 29.30988121000007], [-91.34609985399993, 29.314008713000078], [-91.34717718099989, 29.315494220000176], [-91.34992217999991, 29.319711685000186], [-91.35107421899994, 29.32200431800004], [-91.35217285199997, 29.323770523000064], [-91.35274505599989, 29.326150894000136], [-91.3528518679999, 29.32919883700015], [-91.35314178499993, 29.330690384000036], [-91.35303918599999, 29.33146804200004], [-91.35275268599997, 29.331422806000035], [-91.35147094699988, 29.330369949000044], [-91.35044860799997, 29.32982063300011], [-91.3479919429999, 29.32752800000003], [-91.34775543199993, 29.327047348000065], [-91.34775543199993, 29.326292038000076], [-91.3479919429999, 29.325994492000177], [-91.34864234899999, 29.325601578000146], [-91.34966278099995, 29.32528114300004], [-91.34984588599997, 29.32505226100011], [-91.34976959199997, 29.323587418000102], [-91.34992217999991, 29.32258033800008], [-91.34934616099991, 29.320081711000057], [-91.34840393099995, 29.31842994700014], [-91.34722518899997, 29.317125320000116], [-91.34623146099989, 29.316347122000025], [-91.34489822399996, 29.31556510900009], [-91.34241485599995, 29.314466476000064], [-91.34199523899997, 29.31389427200014], [-91.34157753099993, 29.31176185600009], [-91.34126281699992, 29.311029434000034], [-91.34037017799994, 29.310136795000176], [-91.33872413599994, 29.309057236000115], [-91.33791351399998, 29.308782578000148], [-91.33684158299997, 29.308599472000083], [-91.33535153499992, 29.308668068000088], [-91.33454132099996, 29.30853080700018], [-91.33336639399994, 29.307935715000156], [-91.33234405499996, 29.30795860300009], [-91.33171653699992, 29.308164597000086], [-91.3308010099999, 29.309289932000183], [-91.33046088899994, 29.30938112600012], [-91.33030700699999, 29.309289932000183], [-91.3300952919999, 29.308553696000047], [-91.32962226899991, 29.30798149100019], [-91.3291263569999, 29.307775497000023], [-91.32807922399996, 29.307844162000094], [-91.32583045999996, 29.306928635000133], [-91.32478523299989, 29.306699753000032], [-91.32368469199997, 29.30681419399997], [-91.32298088099992, 29.30752754200006], [-91.3225631709999, 29.307619095000064], [-91.32102012599995, 29.30729866000013], [-91.31945037799994, 29.307733536], [-91.31845855699993, 29.30743598900017], [-91.31636428799993, 29.30592536900008], [-91.31568336499998, 29.305788040000152], [-91.31356143099993, 29.305902402000015], [-91.30937957799995, 29.305673599000045], [-91.30810546899988, 29.30684471100011], [-91.30765151999998, 29.307485580000105], [-91.30760192899993, 29.30883598300005], [-91.30708168199999, 29.308973191000177], [-91.3054351799999, 29.30883598300005], [-91.30344581599996, 29.30832862900013], [-91.30274009799996, 29.308374405000052], [-91.29518127399996, 29.309705734000147], [-91.29188537599993, 29.31133079500006], [-91.29125785899998, 29.31183433500013], [-91.28971481299993, 29.314516068000046], [-91.28937530499991, 29.315843582000127], [-91.28934478799988, 29.317106247000083], [-91.28976821899994, 29.31820488000011], [-91.2908630369999, 29.319536209000034], [-91.29112815899998, 29.320131302000163], [-91.29096984899996, 29.32079505900009], [-91.28979301499993, 29.321344376000184], [-91.28780364999989, 29.32168769800012], [-91.28704070999993, 29.321989059000146], [-91.28382682799992, 29.324186325000028], [-91.28095054599999, 29.325284958000054], [-91.27867507999991, 29.326959610000074], [-91.27746582099996, 29.328424454000128], [-91.27671051099998, 29.329797745000178], [-91.27634429899996, 29.331197739000174], [-91.27621269199994, 29.333398819000024], [-91.27563476599988, 29.336877823000123], [-91.2758445739999, 29.339994431000036], [-91.27641868599989, 29.34169197099999], [-91.27623557999993, 29.342790604000072], [-91.2752151489999, 29.344236374000104], [-91.27437210099993, 29.344850540000152], [-91.27356719999989, 29.345952988000022], [-91.27170562699996, 29.352300643999968], [-91.2710781109999, 29.35376930200016], [-91.27000427099995, 29.357206345000066], [-91.2691879269999, 29.35846519500012], [-91.26733398399989, 29.360620499000106], [-91.26665306099989, 29.36119270300003], [-91.2649230969999, 29.361948013000188], [-91.26151847799997, 29.36247444200012], [-91.26042175299989, 29.362962723000123], [-91.25875091599994, 29.36307716400006], [-91.25744247499995, 29.363580704000185], [-91.25618553199996, 29.364519119000136], [-91.25296592699999, 29.36756706200015], [-91.25141906699992, 29.36875724800001], [-91.25090026899989, 29.368734360000076], [-91.25060272199994, 29.367704391000075], [-91.24979400599995, 29.367826462000096], [-91.24970817499991, 29.36929130600015], [-91.24956512499989, 29.36968040500011], [-91.24917221099997, 29.36984062200014], [-91.23954009999989, 29.37158775300003], [-91.23857498199999, 29.37197685200016], [-91.23585510299989, 29.37391471899997], [-91.23541146599996, 29.37407463400018], [-91.23451995799991, 29.373800278000033], [-91.23397064199997, 29.37389183000016], [-91.23394012499995, 29.374074936], [-91.23451995799991, 29.374372482000126], [-91.23441324599997, 29.374727056000154], [-91.23323821999992, 29.374601364000057], [-91.23237609899991, 29.37432670600009], [-91.23216628999995, 29.374120712000092], [-91.23217010499991, 29.373800278000033]]], [[[-89.81162059499997, 29.40702238400013], [-89.81356165199998, 29.406660031000058], [-89.81562165999998, 29.40781893100018], [-89.81534034599997, 29.408549728000025], [-89.81162059499997, 29.40702238400013]]], [[[-89.77658977799996, 29.41411505300016], [-89.77654901499989, 29.41119520900014], [-89.77728144499991, 29.411103657000183], [-89.77730814599988, 29.410691669000016], [-89.77657571099996, 29.41057722800008], [-89.77652611899993, 29.403638267000133], [-89.77762475799989, 29.40393581300009], [-89.77791086899992, 29.40586224900011], [-89.7790095009999, 29.405766882000137], [-89.77903620399996, 29.40535489400014], [-89.77833048599996, 29.405263341000136], [-89.77828089399992, 29.40416470000008], [-89.78023974099989, 29.404645361000178], [-89.78082265599988, 29.405282045999968], [-89.78064841499997, 29.40927902600015], [-89.77900568699994, 29.4117903020001], [-89.77938715699997, 29.412017277000132], [-89.77963892599996, 29.411954334000143], [-89.78060405199994, 29.41029669800014], [-89.78056515499992, 29.41118896000006], [-89.77944934199996, 29.412534773000118], [-89.77658977799996, 29.41411505300016]]], [[[-89.81313633499997, 29.41746360500008], [-89.81336304099989, 29.417305997000028], [-89.81336304099989, 29.4177020030001], [-89.81313633499997, 29.417646710000042], [-89.81313633499997, 29.41746360500008]]], [[[-89.93020527999988, 29.461861695000096], [-89.92981897899989, 29.46163749499999], [-89.92881047999998, 29.46165619500016], [-89.92833847999998, 29.46199249500006], [-89.92614977199997, 29.46212330200018], [-89.92529147199997, 29.462366104000182], [-89.92493825299994, 29.462349096000025], [-89.92496130099988, 29.46217889200011], [-89.92443296199997, 29.461560907999967], [-89.92414876099997, 29.46158379900004], [-89.92343197999992, 29.462217890000147], [-89.92029175499988, 29.462029804000053], [-89.91990555599989, 29.461207804000082], [-89.9200772559999, 29.46105830400012], [-89.91951935599991, 29.460012094000092], [-89.9200772559999, 29.4602922950001], [-89.92151486499995, 29.460572594000098], [-89.92269506399998, 29.46038569400008], [-89.92404686299989, 29.46122649500012], [-89.92730847199994, 29.461133095000037], [-89.92831697999998, 29.4609275950001], [-89.92994777899992, 29.460198894000087], [-89.93370288799991, 29.461002295000014], [-89.9344109949999, 29.461282496000024], [-89.93520615199998, 29.461227117000192], [-89.9354803569999, 29.46174400800004], [-89.9359514709999, 29.462110219000067], [-89.93872285799989, 29.463506397999993], [-89.93844056899997, 29.465034193000065], [-89.93731141899997, 29.466138548000004], [-89.93665718999995, 29.46625680400001], [-89.93564057299994, 29.465841002000104], [-89.93430769799988, 29.465006336000158], [-89.93441099599988, 29.464757502000168], [-89.93372428799995, 29.46414100300001], [-89.93417489599989, 29.46401020200011], [-89.93099918499996, 29.461880395000037], [-89.93020527999988, 29.461861695000096]]], [[[-89.88987779799999, 29.47464235800004], [-89.88993134899988, 29.474630644000115], [-89.88985826199996, 29.47472608200019], [-89.88987779799999, 29.47464235800004]]], [[[-89.9774557739999, 29.46328130400002], [-89.97743359099996, 29.46011876800003], [-89.97810763299998, 29.459473192000075], [-89.97991003299995, 29.458800592000046], [-89.98308583199992, 29.461789891000024], [-89.98548903099999, 29.462537192000127], [-89.9870340309999, 29.46545169000001], [-89.98651903099994, 29.46814188900015], [-89.98823562999996, 29.471056189000024], [-89.9870340309999, 29.471952889000136], [-89.98711982999998, 29.473073690000092], [-89.98958605699994, 29.474244807000048], [-89.98860134599994, 29.47491014700006], [-89.98746674099993, 29.47701546400009], [-89.98533674399988, 29.47563635500012], [-89.9857778889999, 29.474070111000174], [-89.98499512699999, 29.472829147000027], [-89.98253229199997, 29.4708817880001], [-89.98157699099994, 29.471257702000116], [-89.98211227299993, 29.47302006400008], [-89.98016610899992, 29.473363716000108], [-89.98037492399999, 29.471663357000182], [-89.97974847699999, 29.471544034000146], [-89.97970581099992, 29.469972610000184], [-89.97819456099995, 29.468559695000067], [-89.9774780269999, 29.466457367000032], [-89.9774557739999, 29.46328130400002]]], [[[-89.87041149499998, 29.477710757000125], [-89.8683989089999, 29.477550666000127], [-89.86714168099996, 29.4776191360001], [-89.8669092699999, 29.477459113000123], [-89.86687875199999, 29.476749579], [-89.86716866999996, 29.475948492999976], [-89.8671400589999, 29.474826972000187], [-89.86682534699997, 29.474048774000096], [-89.86580490699993, 29.473224791000064], [-89.86483597399996, 29.472744138000166], [-89.86405014599995, 29.47258392200007], [-89.86250709299992, 29.472698363000177], [-89.86203597799994, 29.472561034000137], [-89.86383099099993, 29.471160021000117], [-89.8642815899999, 29.466377513000168], [-89.86370228199996, 29.466041313000062], [-89.86370228199996, 29.465462113000115], [-89.8643244829999, 29.46473350600013], [-89.86443178299999, 29.46350050600006], [-89.8648609899999, 29.46297740700004], [-89.86544028999998, 29.45980129800006], [-89.86544028199995, 29.45683059200013], [-89.86523108199998, 29.45613459200007], [-89.86463028299988, 29.45571419200013], [-89.86489848199989, 29.45541059200019], [-89.86523648199989, 29.455592791000072], [-89.86680288999997, 29.45401399100001], [-89.86732318999998, 29.453873793000128], [-89.86810638999992, 29.453341283000157], [-89.86819758999991, 29.45291628300015], [-89.87003229699997, 29.452131485000052], [-89.87017709799994, 29.452444485], [-89.86998929799995, 29.452794785000037], [-89.86998929799995, 29.45337398400011], [-89.86960309799997, 29.453472084000055], [-89.86939389699995, 29.454214792000016], [-89.86898618999999, 29.454569792000086], [-89.86893258999999, 29.455116292000184], [-89.86909889099996, 29.455321893000075], [-89.8689915899999, 29.455578792000097], [-89.86827268999991, 29.45587299200008], [-89.86760218999996, 29.456695092000075], [-89.8669208899999, 29.459595799], [-89.86837999799991, 29.46206190600003], [-89.87181330499993, 29.462659807000023], [-89.87464570399999, 29.461837699000057], [-89.87584731199996, 29.459670500000072], [-89.87430230399991, 29.45473799200016], [-89.87790721199997, 29.455933791000064], [-89.87755992099989, 29.45677959800014], [-89.87777354399998, 29.457649350000167], [-89.87832285999997, 29.45815288900019], [-89.87895038599993, 29.458088040000064], [-89.87972773399997, 29.457592614000077], [-89.88019176499995, 29.458015430000103], [-89.87973430699998, 29.458339810000098], [-89.87963130999998, 29.458843349999995], [-89.88020542199996, 29.459575779000147], [-89.88035991699996, 29.46019376000004], [-89.87999370599994, 29.460743078000178], [-89.8800223159999, 29.461132177000138], [-89.88051822799997, 29.461338170000033], [-89.88041332299991, 29.461956151000095], [-89.88127545199995, 29.463379034000127], [-89.88140515299989, 29.464111462000176], [-89.88116864099999, 29.464386122000178], [-89.87968058499996, 29.4645690750001], [-89.87892177599997, 29.464203016000113], [-89.8780558389999, 29.46424497800018], [-89.87737681599992, 29.465873854000165], [-89.87768962999996, 29.465850964000026], [-89.87873644899997, 29.464706896000052], [-89.87899952099991, 29.46491857800015], [-89.8787119669999, 29.465828077000026], [-89.8780558389999, 29.466903821000187], [-89.87666728199991, 29.468460226000104], [-89.87554194599988, 29.47068038000009], [-89.87475993299995, 29.471180113000173], [-89.87412669399998, 29.472599181000135], [-89.87362930699993, 29.47278594000005], [-89.87321116699997, 29.47274032500013], [-89.87221552199992, 29.47248855500004], [-89.87103868799989, 29.471801909000078], [-89.87075067799998, 29.47182479700001], [-89.87072397599997, 29.472694548000163], [-89.86991335299996, 29.47319808800006], [-89.86957192999995, 29.473770293000086], [-89.86980844899989, 29.474823157000117], [-89.87080599099994, 29.476932685000065], [-89.87080599099994, 29.477459113000123], [-89.87041149499998, 29.477710757000125]]], [[[-89.86692034399994, 29.47900326200005], [-89.86827837599998, 29.478408170000023], [-89.86961353099991, 29.478911711000023], [-89.87018573599994, 29.479323698000087], [-89.8701628469999, 29.47962124300011], [-89.86992668199991, 29.4798270550001], [-89.86953723699992, 29.47978146200012], [-89.86836230099999, 29.47930080900005], [-89.86689173399998, 29.479186369000047], [-89.86692034399994, 29.47900326200005]]], [[[-89.86308065599997, 29.478394413000046], [-89.86341634999991, 29.478394413000046], [-89.8638874639999, 29.47896661900012], [-89.8638626689999, 29.479653264000035], [-89.86359945499999, 29.479905033000136], [-89.86344686999996, 29.479948898000146], [-89.86294523399994, 29.479561712000077], [-89.86289373599993, 29.478577519999988], [-89.86308065599997, 29.478394413000046]]], [[[-89.98726916499993, 29.517380800000183], [-89.98864801299999, 29.515471626000135], [-89.98981473099997, 29.51499433200007], [-89.98923137199989, 29.513827614000036], [-89.98742826299997, 29.51393367900016], [-89.9867388379999, 29.51308515700015], [-89.98642064299997, 29.511441146000095], [-89.9855721209999, 29.510539591000168], [-89.98498876199989, 29.506562143000053], [-89.98430039299996, 29.50541308100003], [-89.98434302799996, 29.502564439000082], [-89.98502939699995, 29.501767864000158], [-89.9860814519999, 29.501683384000103], [-89.98661425599994, 29.502638393000154], [-89.98647727099996, 29.50434411600014], [-89.98733799599995, 29.504954427000087], [-89.98761972799997, 29.504627428000106], [-89.98960238099988, 29.505494929000065], [-89.9901653199999, 29.50614833500009], [-89.99097380299992, 29.50614833500009], [-89.99190966499992, 29.506493954000007], [-89.99243865299991, 29.50737843100012], [-89.99301238199996, 29.50761318499997], [-89.99324713599992, 29.50845640800003], [-89.9939641659999, 29.509423522000134], [-89.9961773629999, 29.51141104500016], [-89.99488910499997, 29.511727977000078], [-89.99527860999996, 29.513306455000134], [-89.99696584499992, 29.513205854999967], [-89.99761957999993, 29.51414178200008], [-89.99798065999988, 29.515311149000127], [-89.99729692299996, 29.515186402000154], [-89.99695768599997, 29.514426344000185], [-89.99485686599996, 29.51410618800014], [-89.99244444299995, 29.513029788000097], [-89.99248747299993, 29.51249481300016], [-89.99210941699994, 29.512464416], [-89.99219797599989, 29.51356693500003], [-89.99165753999995, 29.51491690800009], [-89.99109854899996, 29.515166401000045], [-89.99039204699994, 29.51629425100009], [-89.98975173399998, 29.516242799999986], [-89.98922827299992, 29.517474013000026], [-89.98805541899998, 29.517839371000036], [-89.98726916499993, 29.517380800000183]]], [[[-89.73252907999989, 29.611315983000054], [-89.73274079399994, 29.611203450000062], [-89.73287049499999, 29.611359853000124], [-89.73300210099995, 29.612096090000023], [-89.73289528999993, 29.612324972000124], [-89.73266052299994, 29.612347696000086], [-89.7323230849999, 29.611840506000192], [-89.73252907999989, 29.611315983000054]]], [[[-89.64371346699988, 29.619952858000147], [-89.64379330299994, 29.61977034400013], [-89.64410637999998, 29.619884193000075], [-89.64541672799993, 29.620914162000076], [-89.6464638679999, 29.621921241000052], [-89.6463875739999, 29.6221959020001], [-89.6456265359999, 29.62187546500013], [-89.64371346699988, 29.619952858000147]]], [[[-89.46587371899989, 29.640081406000093], [-89.46634471799996, 29.63989908300016], [-89.46702575699999, 29.640401840000095], [-89.46757507299998, 29.640470505000053], [-89.46796989299997, 29.64079028800012], [-89.46881103499993, 29.640790939000055], [-89.46917708399991, 29.640950434000047], [-89.46836471699993, 29.644318883000096], [-89.46846771199995, 29.64700126600013], [-89.46831321699995, 29.647206609000136], [-89.46805190999999, 29.647046392000107], [-89.46802520799991, 29.646588628000075], [-89.46734619099993, 29.646200180000108], [-89.46713256799995, 29.64539462800002], [-89.46679115299997, 29.64498264000008], [-89.46671306499996, 29.644662669000127], [-89.46710967999991, 29.643815994000192], [-89.4665298459999, 29.643404007000072], [-89.4666595459999, 29.642510717000107], [-89.46636962899998, 29.642213170000048], [-89.46624007499992, 29.641732433000186], [-89.46640014599996, 29.641180038000186], [-89.46576690699993, 29.640561406000188], [-89.46571540799994, 29.640309636000154], [-89.46587371899989, 29.640081406000093]]], [[[-89.64288663799994, 29.652775998000095], [-89.64128636999999, 29.651562924000075], [-89.64139127399994, 29.65105938400012], [-89.6423106179999, 29.649434320000182], [-89.64290952599998, 29.64931988000012], [-89.64312314899996, 29.649892084000044], [-89.64291333999995, 29.650166743000113], [-89.64301633799994, 29.65085339000018], [-89.64332914299996, 29.651562924000075], [-89.64380216499995, 29.6521580160001], [-89.64435529599996, 29.65197491100014], [-89.64425229899996, 29.65112804900008], [-89.6437525749999, 29.650075190000052], [-89.64372587099996, 29.64931988000012], [-89.6429934489999, 29.648743860000025], [-89.6430716509999, 29.648331874000064], [-89.64361952699994, 29.648263389000192], [-89.64516782799996, 29.648862117000135], [-89.64550924399998, 29.649136774000056], [-89.6459002499999, 29.649914973000023], [-89.64650297199995, 29.65037273700011], [-89.64752531099998, 29.650761836000015], [-89.64752531099998, 29.650967830000013], [-89.64681577799996, 29.651173824000182], [-89.64611196599992, 29.651677364000136], [-89.64619016799998, 29.65250515400004], [-89.64655637899989, 29.6533520160001], [-89.64631986699999, 29.65351223400006], [-89.64500951899998, 29.653420681000057], [-89.64422178199993, 29.65291332600009], [-89.64288663799994, 29.652775998000095]]], [[[-89.46917780099989, 29.64994069300002], [-89.46957397599988, 29.64986228900011], [-89.46994018599992, 29.65015983600017], [-89.47138214099994, 29.65167045600009], [-89.47240447999997, 29.65235710100012], [-89.47245788599997, 29.652841568000156], [-89.4721965789999, 29.653390232999982], [-89.47130584699994, 29.653550451000115], [-89.47067642199988, 29.654122655000037], [-89.46991539099992, 29.654443090000143], [-89.46949621099998, 29.655769454000108], [-89.46915435799991, 29.65579349300009], [-89.46897130099995, 29.65522144100015], [-89.46923446699998, 29.65300113400002], [-89.46923255899998, 29.650616948000106], [-89.46907806399997, 29.64999961900014], [-89.46917780099989, 29.64994069300002]]], [[[-89.46178436299994, 29.653847997000014], [-89.45994758699993, 29.653733556000077], [-89.4593963619999, 29.654125214000146], [-89.45913696299993, 29.654767339000102], [-89.45861053499999, 29.654399872000113], [-89.45824432499995, 29.654468536000138], [-89.45782470699999, 29.65488178000004], [-89.45753669699991, 29.65488178000004], [-89.45698547399996, 29.654309575000013], [-89.45509719799998, 29.65346271200002], [-89.45457267899991, 29.653554265000082], [-89.45417816499997, 29.65394371300016], [-89.45268440199999, 29.65389758800012], [-89.45229148899989, 29.65414935800004], [-89.45163608999997, 29.654240911000045], [-89.4511108399999, 29.653736115000186], [-89.45076942399999, 29.652062719000128], [-89.45100579099994, 29.651788229000147], [-89.45197486899991, 29.651582067000163], [-89.45226478599994, 29.65130740900014], [-89.45302581899989, 29.651308060000133], [-89.4542312619999, 29.65066719100014], [-89.45638275099992, 29.651079178000032], [-89.45837402299992, 29.651239395000005], [-89.46105003399992, 29.650689428000078], [-89.46165466299993, 29.650712967000175], [-89.4623625189999, 29.650918474000036], [-89.46293640099998, 29.651330948000066], [-89.46366882299998, 29.651536942000064], [-89.46427154499992, 29.651491165000095], [-89.46472167999997, 29.651284520000104], [-89.46626996599991, 29.649929468000096], [-89.46684265099998, 29.64990806600008], [-89.46710777299995, 29.650456731000133], [-89.4672393649999, 29.65157877500002], [-89.4672126769999, 29.652497594000124], [-89.46678924599996, 29.65334510800011], [-89.46600723299991, 29.65396243800018], [-89.46437835599988, 29.654832840000097], [-89.46273040799997, 29.656598394000127], [-89.46233367899998, 29.65675735500008], [-89.46202087499995, 29.656642914000088], [-89.46202087499995, 29.656347275000087], [-89.4625720979999, 29.655087774000037], [-89.46259689299995, 29.65449268100008], [-89.46218109099999, 29.654008865000037], [-89.46178436299994, 29.653847997000014]]], [[[-89.70805820699997, 29.658231837000187], [-89.70811924199995, 29.656782251000152], [-89.70924839199995, 29.656782251000152], [-89.70982059699992, 29.656896692000146], [-89.71008762999992, 29.657171352000148], [-89.70982441699988, 29.657835108000143], [-89.70935352399994, 29.658063879000167], [-89.70859226399989, 29.657880884000008], [-89.70819650099992, 29.65827296400016], [-89.70805820699997, 29.658231837000187]]], [[[-89.64546322899997, 29.655829304999997], [-89.64464688399994, 29.654295795000166], [-89.64467358799999, 29.65402113600004], [-89.64685177899992, 29.65411268800017], [-89.6476147219999, 29.653838031000078], [-89.64839864199996, 29.653838031000078], [-89.64984250499992, 29.654158465000137], [-89.65332914099997, 29.65406691300001], [-89.65718198699994, 29.65354048500018], [-89.65854574499991, 29.653727404000108], [-89.65859724299992, 29.654002062000075], [-89.65836263899996, 29.654436939000107], [-89.65741850199998, 29.65507780700017], [-89.65707630599991, 29.655146246000072], [-89.65600133899989, 29.654871813], [-89.65574003199993, 29.654986254000164], [-89.6556332209999, 29.655581348], [-89.65592313699989, 29.65592467000016], [-89.65589261999997, 29.656336660000136], [-89.65565992299997, 29.656657094000025], [-89.65490079899996, 29.657091970000124], [-89.65458394599995, 29.657114602000036], [-89.65442777699997, 29.6565197650001], [-89.65377164599988, 29.656267995000064], [-89.65337873199996, 29.655672900000127], [-89.65287900699991, 29.655787340000188], [-89.65253949899989, 29.656657094000025], [-89.65258908899989, 29.65796172100005], [-89.65238118899993, 29.65835082000018], [-89.65211683599989, 29.65846493100014], [-89.65149045699997, 29.658144826000182], [-89.65110135799989, 29.657481069000085], [-89.65065122299995, 29.65706908200019], [-89.65010190399988, 29.656817312000157], [-89.64787299499994, 29.656794335000086], [-89.64632535099997, 29.656561727000053], [-89.64546322899997, 29.655829304999997]]], [[[-89.58282368699992, 29.657944203000056], [-89.58172830199999, 29.657076005000135], [-89.57999126999988, 29.657097340000064], [-89.57818501199989, 29.65737199800003], [-89.57784168599994, 29.657257557000037], [-89.57697574899998, 29.65638780600011], [-89.57715885399995, 29.656227589000082], [-89.57993977299998, 29.65553712899998], [-89.58090870599995, 29.65503358800015], [-89.58185475399989, 29.655056477000187], [-89.58298390399995, 29.654644490000123], [-89.5833730029999, 29.654644490000123], [-89.58392231999989, 29.655102253000052], [-89.5845288569999, 29.65613222200011], [-89.58562940099989, 29.657185077999998], [-89.58727925699992, 29.658401966000156], [-89.58728307199999, 29.658630848000087], [-89.58573811999992, 29.65869951600007], [-89.58424275499993, 29.658539300000143], [-89.58282368699992, 29.657944203000056]]], [[[-89.51167488099992, 29.659001653000132], [-89.50986526899993, 29.65840169300003], [-89.50845336899988, 29.65737342800014], [-89.50721931499993, 29.65691501400005], [-89.50632667499997, 29.655999486000155], [-89.50596046499999, 29.65526325000019], [-89.5061187739999, 29.65517234800012], [-89.50800323499999, 29.65561103800019], [-89.50949859599996, 29.65643501300002], [-89.51110076899994, 29.656869888000074], [-89.51230621299993, 29.656800573000112], [-89.51427459699988, 29.65696525600015], [-89.51684274199994, 29.657239726000114], [-89.51726341199992, 29.657468145000053], [-89.51723480199996, 29.657857895000177], [-89.51684188799993, 29.658246343000144], [-89.5167083739999, 29.65900230400007], [-89.51631736799999, 29.659093206000136], [-89.51495361299993, 29.658864324000035], [-89.51440429699988, 29.65916061400003], [-89.51353836099992, 29.659253423000166], [-89.51167488099992, 29.659001653000132]]], [[[-89.44270519199995, 29.661340815000074], [-89.44339942999994, 29.66088611300006], [-89.44374084499992, 29.660429001000125], [-89.44363594099997, 29.659028356000135], [-89.44376800599997, 29.65896011300009], [-89.44478607199994, 29.659900665000066], [-89.44709777799989, 29.66052055400013], [-89.44791412399991, 29.66052055400013], [-89.44948577899993, 29.660104752000166], [-89.45030212399996, 29.659646988000134], [-89.45063972499992, 29.65907413200017], [-89.45050811799996, 29.658776586000045], [-89.44974708599989, 29.658112828000014], [-89.44793701199995, 29.656693761000156], [-89.44741821299993, 29.656465530000162], [-89.44628524799998, 29.656602208000095], [-89.44465940999993, 29.65724253700006], [-89.44452858099993, 29.657151525000188], [-89.44452858099993, 29.655980413000066], [-89.4453430179999, 29.655109406000065], [-89.44531440699996, 29.65428668700008], [-89.44518279999988, 29.654080693000083], [-89.44468498299989, 29.653943364000042], [-89.44389915499988, 29.65389758800012], [-89.44268798799999, 29.654310226000177], [-89.4427700039999, 29.654790227000035], [-89.44366264299998, 29.655614202000095], [-89.44374084499992, 29.6558475490001], [-89.44400405899995, 29.65799838800018], [-89.44363489899996, 29.65829602800011], [-89.44287490799996, 29.658364598000105], [-89.4422988899999, 29.658158604999983], [-89.43936157199988, 29.65628051800013], [-89.43865203899998, 29.656074524000132], [-89.43734168999993, 29.656052892000105], [-89.4369506839999, 29.6558475490001], [-89.4368209839999, 29.655363083000168], [-89.43854713399992, 29.652089421000028], [-89.43914985699996, 29.65107852700004], [-89.43948407499988, 29.650787251999986], [-89.44017065299994, 29.65064434500016], [-89.44156646699997, 29.650896072000137], [-89.44329833999996, 29.65082740800011], [-89.44610214199992, 29.651376073000165], [-89.44686126699992, 29.65213203400009], [-89.44722747799995, 29.65348625200005], [-89.44772338899998, 29.65378379800012], [-89.4483842699999, 29.653738220000093], [-89.45006179799998, 29.655591314000105], [-89.4518203749999, 29.65703326900018], [-89.45278930699999, 29.658319473000176], [-89.45281219499992, 29.65880012500014], [-89.45207977299998, 29.659669876000066], [-89.45192527799998, 29.660172765000027], [-89.45247459399997, 29.66141254200005], [-89.45302581899989, 29.661916733000112], [-89.45294761699995, 29.662167851999982], [-89.45095443699995, 29.66157275900008], [-89.44869995099992, 29.661984746000144], [-89.44801711999992, 29.66164142300005], [-89.44778060899989, 29.662030523000112], [-89.44736099199997, 29.662076299000148], [-89.4465999599999, 29.661595647000183], [-89.44552612299998, 29.661685944000112], [-89.4446334839999, 29.66120529200009], [-89.44431876999988, 29.661458318000086], [-89.44429016099991, 29.662008286000116], [-89.44326782199988, 29.662441254000044], [-89.44187927199994, 29.662396733000037], [-89.4412232389999, 29.661961947000123], [-89.44125366199995, 29.661779404000185], [-89.44166896499996, 29.66157300400016], [-89.44270519199995, 29.661340815000074]]], [[[-89.45363044699997, 29.662419622000073], [-89.45502471899994, 29.661386489999984], [-89.45559692499995, 29.66056251500015], [-89.45745849599996, 29.661157608000053], [-89.45772170999999, 29.661431615000083], [-89.45779991099994, 29.66179782600011], [-89.45738029499995, 29.662144963000173], [-89.45625305199997, 29.66230518100008], [-89.45546722399996, 29.66209918700008], [-89.45368194599996, 29.66273880000017], [-89.45363044699997, 29.662419622000073]]], [[[-89.46667623099995, 29.664287288000025], [-89.46433258099995, 29.66134071400012], [-89.46430396999995, 29.660699193000085], [-89.46385955799997, 29.659349442000064], [-89.46378326399997, 29.658796310000128], [-89.46404266399992, 29.658224106000034], [-89.46522521999998, 29.657033920000117], [-89.46564236999996, 29.65692015200011], [-89.46592712399996, 29.657514572000082], [-89.46577262899996, 29.658521001000167], [-89.46566772499989, 29.658887211999968], [-89.46514129599996, 29.65909385700013], [-89.46488189699988, 29.659371679000174], [-89.46490478499993, 29.659917831000087], [-89.46561622699988, 29.6602414300001], [-89.46689605699993, 29.660078048999992], [-89.4671094929999, 29.660173333000103], [-89.46671295199997, 29.660791397000082], [-89.46663665799997, 29.661752701000182], [-89.46677017199988, 29.662049596000145], [-89.46732139599993, 29.662438695000105], [-89.46802902199988, 29.662438695000105], [-89.46949768199988, 29.661752701000182], [-89.47004699699994, 29.661867142000176], [-89.47020721399997, 29.662164688000075], [-89.47020721399997, 29.662988012000028], [-89.46965634099996, 29.66390304300012], [-89.46860694899999, 29.664246862000084], [-89.46771240199996, 29.664228439000055], [-89.4671630869999, 29.664520264000146], [-89.46667623099995, 29.664287288000025]]], [[[-89.68069435199999, 29.662032721000116], [-89.67946029599995, 29.661094306000166], [-89.67906738299996, 29.66095697700007], [-89.67870117199993, 29.66114008200003], [-89.67851615899991, 29.661918281000055], [-89.67835784999994, 29.66205560900005], [-89.67794014099997, 29.661964055999988], [-89.67746711699988, 29.66130029900006], [-89.67678619399993, 29.66084253500003], [-89.67683959899995, 29.66011011500018], [-89.67728591899998, 29.65877878400005], [-89.67751920799992, 29.65868774600017], [-89.67804504399999, 29.659144995000077], [-89.67867446899993, 29.65932810000004], [-89.67909789999999, 29.659099218000108], [-89.67935724599994, 29.658046457000125], [-89.67979980599989, 29.658069251000086], [-89.68048454399997, 29.658549902000118], [-89.68150729799993, 29.65845848400005], [-89.68250061099997, 29.65877878400005], [-89.68281723199999, 29.658984778000047], [-89.68276573299988, 29.65944254200008], [-89.6823722069999, 29.659537597000053], [-89.68147827199994, 29.659144995000077], [-89.68118835499996, 29.65944254200008], [-89.68116546699991, 29.66015589000017], [-89.68134857299998, 29.66056787800011], [-89.68218780599994, 29.66127741100013], [-89.68260742299992, 29.661368964000133], [-89.6830537429999, 29.66111719500003], [-89.68324066299994, 29.660636543000066], [-89.68342376899989, 29.659259435000138], [-89.68321014599996, 29.658641454000076], [-89.68339515899993, 29.65832102100012], [-89.68454910499992, 29.65742838100016], [-89.68486403799994, 29.657360078000124], [-89.68559814599996, 29.658298132000084], [-89.68562103499988, 29.658572790000107], [-89.68541313399999, 29.658847449000177], [-89.6843621839999, 29.659053442000072], [-89.68407226699998, 29.659286139000017], [-89.68423248499994, 29.659515021000175], [-89.68578125199991, 29.659259435000138], [-89.68599105999994, 29.659076331000108], [-89.68641449199998, 29.657703040000058], [-89.68672586799988, 29.657611904000134], [-89.68690849599989, 29.657771704000083], [-89.68740631399999, 29.657771704000083], [-89.68782601399988, 29.657657758000028], [-89.68787933599992, 29.657977698000025], [-89.68738151799988, 29.658572790000107], [-89.68735290799992, 29.658984778000047], [-89.68848205799998, 29.660361884000167], [-89.68826843499988, 29.661460517000023], [-89.68787933599992, 29.662215827000125], [-89.68640686299989, 29.66413843500004], [-89.68554474099994, 29.664527533000125], [-89.68425918799988, 29.66434442900004], [-89.68391967999997, 29.664115547000108], [-89.68360687399996, 29.66329157200005], [-89.68314529599996, 29.662810921000187], [-89.68182159499992, 29.662788031000048], [-89.68132568399994, 29.662215827000125], [-89.68069435199999, 29.662032721000116]]], [[[-89.44452770799995, 29.66466692500012], [-89.44499969499992, 29.664574926000057], [-89.44518275899998, 29.66478152400009], [-89.44515800499988, 29.66514713000015], [-89.44350433299991, 29.66642952000018], [-89.44292592099993, 29.666772001000027], [-89.4426422119999, 29.666749455000115], [-89.4426422119999, 29.666498183999977], [-89.44374084499992, 29.665193558000055], [-89.44452770799995, 29.66466692500012]]], [[[-89.46887206999992, 29.666013718000045], [-89.46929158599988, 29.665945070000078], [-89.47052032999994, 29.666492856000104], [-89.47080993699996, 29.66686058000016], [-89.47083663899991, 29.667226140000025], [-89.47039222699993, 29.6673863580001], [-89.46949958799996, 29.667043035000063], [-89.46881866599995, 29.66637802100007], [-89.46887206999992, 29.666013718000045]]], [[[-89.46475219699994, 29.665876389000175], [-89.46508828299994, 29.665785108000136], [-89.46548461899994, 29.666059494000137], [-89.46569633499996, 29.666631047000067], [-89.46614074699988, 29.667179108000028], [-89.46611595199994, 29.667500798000162], [-89.46585082999997, 29.667659759999992], [-89.46388626099997, 29.6670888110001], [-89.46399116499992, 29.66653949500011], [-89.46475219699994, 29.665876389000175]]], [[[-89.43618774399994, 29.663586919000068], [-89.43563842799995, 29.661937714000146], [-89.43490600599995, 29.66106987000012], [-89.43453407299995, 29.66088611300006], [-89.43299102799995, 29.66068077100016], [-89.43248878399993, 29.660450576000187], [-89.43215179399994, 29.66008186300013], [-89.43220519999994, 29.659257889000173], [-89.43183326799999, 29.658799474000034], [-89.43094062799992, 29.658318822000012], [-89.43049621599994, 29.65786105800015], [-89.43044287299995, 29.657472420000147], [-89.43060302699996, 29.65719795199999], [-89.43214797999997, 29.656693761000156], [-89.43430328399995, 29.655523300000027], [-89.43469238299991, 29.6553859710001], [-89.4352416989999, 29.65545845000014], [-89.43616104099993, 29.656281774000036], [-89.43657684299995, 29.656465530000162], [-89.43817901599994, 29.656717300000025], [-89.44014739999989, 29.657518387000152], [-89.44119262699996, 29.658090591000075], [-89.44169616799996, 29.658639256000072], [-89.44287109399994, 29.65923500100007], [-89.44318962099999, 29.659760778000134], [-89.44311141999992, 29.66038257200006], [-89.44211470299996, 29.660885210000117], [-89.44098663299997, 29.661160772000187], [-89.4407806399999, 29.66090965300009], [-89.44091033899997, 29.65971374500009], [-89.43959808199992, 29.65818023700018], [-89.43820571899994, 29.658570592000103], [-89.4371795639999, 29.65804290800014], [-89.43605613699998, 29.658044164000046], [-89.43563651999989, 29.658479039000042], [-89.43558502199988, 29.658914566000135], [-89.43581962599995, 29.659142797000072], [-89.43579101599988, 29.659807205000163], [-89.43621063199993, 29.660451889000058], [-89.4378890989999, 29.660657883000056], [-89.43815612799989, 29.66084098800019], [-89.43885803199998, 29.660772324000163], [-89.43912506199996, 29.661046982000187], [-89.44004058899992, 29.660886765000157], [-89.44043731699998, 29.661390305000054], [-89.44048881499998, 29.661687200000188], [-89.43959617599995, 29.66180164100018], [-89.43943786599988, 29.661937714000146], [-89.43946647699994, 29.662144963000173], [-89.44195548299996, 29.663128320000055], [-89.44153594999995, 29.663816452000162], [-89.4409084319999, 29.664414708000095], [-89.44033241299991, 29.664620702000093], [-89.43993759199992, 29.664319341000123], [-89.43972778299991, 29.663770025000133], [-89.43943977399988, 29.663518254000167], [-89.43910217299992, 29.66349411000016], [-89.43888854999994, 29.66367847200013], [-89.43888854999994, 29.664254491000065], [-89.43988609299993, 29.66519290700012], [-89.44009399399994, 29.665857314999982], [-89.44006919999998, 29.666749303000074], [-89.43970298799991, 29.667527501000166], [-89.43930816699992, 29.667733495000164], [-89.43849563599991, 29.667756383000096], [-89.43841743499996, 29.667435949000037], [-89.43870544399988, 29.667024612000034], [-89.43875884999994, 29.666635513000074], [-89.43810272199994, 29.665971104999983], [-89.43697357199994, 29.66551334100012], [-89.43668556099999, 29.66519290700012], [-89.43618774399994, 29.663586919000068]]], [[[-89.66600036599988, 29.670202255000163], [-89.66668701199995, 29.669469833000107], [-89.66665649399988, 29.669057846000044], [-89.66607856799993, 29.66864585900015], [-89.66610717899994, 29.668485641000018], [-89.66673469499989, 29.668165207000186], [-89.66673469499989, 29.667749405000052], [-89.66576576199992, 29.66667747500003], [-89.66608428999996, 29.666196823000007], [-89.66687011799996, 29.66562080400007], [-89.66725953199995, 29.665575212000192], [-89.66765403699992, 29.665807724000047], [-89.66765403699992, 29.666952133000166], [-89.66796874999994, 29.667249680000168], [-89.66812133799993, 29.668073654000125], [-89.66870117199994, 29.66873741100011], [-89.66901779199998, 29.66937828099998], [-89.66969871499998, 29.669744492000177], [-89.67174529999994, 29.669950485000072], [-89.67242622399988, 29.66963005100007], [-89.67295074499992, 29.669080734000147], [-89.67284583999998, 29.66821098300005], [-89.67218971399996, 29.66743278500013], [-89.67130279499992, 29.667112350000025], [-89.66922759999989, 29.667226791000132], [-89.66849517799989, 29.666837692], [-89.66833496099997, 29.666540146000102], [-89.66841506999992, 29.666196823000007], [-89.66862487799995, 29.66608238200007], [-89.67032813999992, 29.665876389000175], [-89.67108917199994, 29.66552925100001], [-89.67148346499994, 29.66546100900007], [-89.67276763999996, 29.66585350000014], [-89.67378997799995, 29.66585350000014], [-89.6738433839999, 29.6662425990001], [-89.67355346699998, 29.666769028000033], [-89.67352867099999, 29.667341232000126], [-89.67394828699997, 29.667753220000122], [-89.67578125099993, 29.668508530000054], [-89.67378997799995, 29.67068672199997], [-89.67287254299998, 29.67109489400019], [-89.67116546599993, 29.671255112000154], [-89.66909599399992, 29.671964645000116], [-89.66751861599988, 29.673067093000043], [-89.66647148099997, 29.6735935210001], [-89.66594695999999, 29.673685074000105], [-89.66545104999989, 29.67350196800004], [-89.6651077269999, 29.67299842800014], [-89.66532134999989, 29.672239304000186], [-89.66592025799991, 29.671621323000124], [-89.66576385499991, 29.670637131000092], [-89.66600036599988, 29.670202255000163]]], [[[-89.47010612499997, 29.675015752000093], [-89.46947669899993, 29.674992864000103], [-89.46743011499996, 29.675450628000192], [-89.46698760999993, 29.67497062600006], [-89.46577835099998, 29.67453510000007], [-89.46572494599991, 29.67414600100011], [-89.46493720999996, 29.67270023100008], [-89.4648361209999, 29.672082901000124], [-89.46496581999992, 29.67176246600019], [-89.46538470699994, 29.6716939210001], [-89.4655914309999, 29.67183113100009], [-89.46577453599997, 29.672773361000054], [-89.46606445299994, 29.673322678000147], [-89.46682739299996, 29.67394065900004], [-89.46721649199998, 29.67448997499997], [-89.46753692699991, 29.674444199000106], [-89.46782302899999, 29.67391711900001], [-89.46816444399997, 29.673665349000146], [-89.46861076399995, 29.673596685000177], [-89.46961212199994, 29.67428398100003], [-89.46989631699995, 29.67361575800004], [-89.46992492699997, 29.672517776000177], [-89.46923828099995, 29.671372716000064], [-89.46848297099996, 29.670799255000134], [-89.46685218799996, 29.669930761000046], [-89.46669387799989, 29.669633214000044], [-89.46682739299996, 29.669382095000117], [-89.46714019799998, 29.669290543000045], [-89.46747970599989, 29.669656102000147], [-89.46771621699992, 29.669656102000147], [-89.46803211799994, 29.669083645000114], [-89.46837324399996, 29.669012669000153], [-89.46879196199995, 29.670068090000143], [-89.46910667399999, 29.67050296500014], [-89.46981620799994, 29.671029393000026], [-89.47201538099995, 29.672128677000046], [-89.47301483199993, 29.672197342000118], [-89.47312154699989, 29.672426017000134], [-89.47301483199993, 29.67290496800001], [-89.4718894959999, 29.67476016700016], [-89.47175598099994, 29.67613792399999], [-89.47157287999994, 29.676366798000117], [-89.47123718399996, 29.676479340000185], [-89.47071075499997, 29.675222397000027], [-89.47010612499997, 29.675015752000093]]], [[[-89.51735877999988, 29.67709857699998], [-89.51751708999996, 29.67684745800011], [-89.51788330099998, 29.676870346000044], [-89.51850891099997, 29.678018570000177], [-89.51979827899999, 29.679300307999995], [-89.51998138499994, 29.679620743000157], [-89.51992797899993, 29.68007785500015], [-89.51916694599993, 29.680283849000148], [-89.5188541409999, 29.680192296000087], [-89.5170688639999, 29.67922717800019], [-89.51709747299998, 29.678678513000193], [-89.51741218599989, 29.67780811000017], [-89.51735877999988, 29.67709857699998]]], [[[-89.43833923299997, 29.678457260000073], [-89.43878173799999, 29.6783618930001], [-89.44048881499998, 29.679143254000167], [-89.44143486099995, 29.68044788100019], [-89.44101715199992, 29.68065261800018], [-89.43954467799995, 29.679967229000056], [-89.43826293899997, 29.678936004000093], [-89.43815630199998, 29.67866305800004], [-89.43833923299997, 29.678457260000073]]], [[[-89.57960700999996, 29.680585210000118], [-89.58023643599995, 29.678685492000113], [-89.58047328599997, 29.678708865000033], [-89.58091735799997, 29.6793498990001], [-89.58136367799995, 29.6796696830001], [-89.5826759339999, 29.68021899900009], [-89.58288574199992, 29.680471420000117], [-89.58288574199992, 29.680768316000126], [-89.58241271999998, 29.680859868000084], [-89.58164977999996, 29.680515289000084], [-89.58102416999998, 29.680562322000185], [-89.57955169699994, 29.681203842000116], [-89.5788726809999, 29.681687657999987], [-89.57839965799991, 29.68173343400008], [-89.57801055999988, 29.68152809100002], [-89.57806014999989, 29.681367223000052], [-89.57871627799989, 29.68118030300002], [-89.57960700999996, 29.680585210000118]]], [[[-89.5132389069999, 29.681519811000044], [-89.51355436199998, 29.681222135000155], [-89.51481246899988, 29.681451146000143], [-89.51489067099999, 29.68188602200007], [-89.51436614999994, 29.682365417000028], [-89.51305389399988, 29.682937622000054], [-89.51294898999998, 29.68248111500003], [-89.51326751599998, 29.681840896999972], [-89.5132389069999, 29.681519811000044]]], [[[-89.5541095719999, 29.683816259000025], [-89.5541095719999, 29.683175389000098], [-89.55541992199988, 29.681642532000183], [-89.55570983899997, 29.681687657999987], [-89.55570983899997, 29.68258094800001], [-89.5560512539999, 29.68285495500004], [-89.55890655399998, 29.68313026400017], [-89.55930322699993, 29.683404821000067], [-89.55927658099995, 29.683659856000133], [-89.55901336699992, 29.683792114000028], [-89.55707549999994, 29.683746338000162], [-89.5556049359999, 29.684365575000186], [-89.55523681599993, 29.684365575000186], [-89.55476379399994, 29.68402225200009], [-89.5541095719999, 29.683816259000025]]], [[[-89.47073745699998, 29.68083316500008], [-89.47081756599994, 29.68019294700008], [-89.47142028799999, 29.678745270000093], [-89.47131350999996, 29.677831079000043], [-89.47147072799999, 29.677351068000007], [-89.47222900399993, 29.678014755000163], [-89.47262573199998, 29.678655624000157], [-89.47262573199998, 29.679433171000085], [-89.4717864989999, 29.680742264000116], [-89.47200012299999, 29.68081092800014], [-89.47286224399994, 29.68003273000005], [-89.47338835599993, 29.67987260900003], [-89.47388458399996, 29.68023872400005], [-89.47409629799989, 29.68119937600011], [-89.47375488299997, 29.6819076540001], [-89.47273063699998, 29.682320897000068], [-89.47218131999989, 29.68319064800005], [-89.47134208699998, 29.68394977300005], [-89.47115898099997, 29.684567754000113], [-89.47076606799993, 29.684750859000076], [-89.47042846699998, 29.68442916900011], [-89.47042274499995, 29.683877294000183], [-89.47071266199998, 29.68325931300012], [-89.47084426899994, 29.68243533800006], [-89.47073745699998, 29.68083316500008]]], [[[-89.45022582999997, 29.684366226000122], [-89.45033264199992, 29.681821823000178], [-89.44996070899998, 29.680768316000126], [-89.4495925899999, 29.680241887000193], [-89.44883346599988, 29.679532354000003], [-89.44744110199997, 29.678868595999973], [-89.4452133179999, 29.678867340000068], [-89.44510650599989, 29.67877322900017], [-89.44515228299991, 29.677124023000147], [-89.44461059599996, 29.676645279000184], [-89.44345166799991, 29.67627739599999], [-89.44298172099991, 29.675866428999996], [-89.44282541499996, 29.67550044900014], [-89.44308662399999, 29.674928014000102], [-89.44335335899996, 29.67481251000015], [-89.44809722899998, 29.673852921000048], [-89.45043182399996, 29.67366600000014], [-89.45072174099988, 29.673482895000177], [-89.45061492999992, 29.672910038999987], [-89.4408302309999, 29.67483646100004], [-89.44033241299991, 29.674722020000104], [-89.44036102299998, 29.67426490800011], [-89.44114685099998, 29.672084808000193], [-89.44169616799996, 29.671308517], [-89.44195938099989, 29.67119342500007], [-89.44261169399988, 29.67137718200013], [-89.44339986199998, 29.671285149000028], [-89.44358444299996, 29.671399419000068], [-89.44379424999994, 29.67233783500012], [-89.44413757299992, 29.672636032000185], [-89.44479370199991, 29.67220115700013], [-89.44741630599992, 29.67201740000013], [-89.4484119419999, 29.671399419000068], [-89.44880676299988, 29.67082786600014], [-89.44888305699999, 29.668145482000057], [-89.4476776119999, 29.667139053000028], [-89.44778442399996, 29.666566849000105], [-89.44859504699997, 29.665833776000113], [-89.44867324799992, 29.665444677000153], [-89.4483337399999, 29.664913177000017], [-89.44751930199993, 29.664456669999993], [-89.44751930199993, 29.66406757100009], [-89.44773101799996, 29.663885117000063], [-89.44814872699999, 29.663884465000024], [-89.44841003399995, 29.66418266300019], [-89.44872474699991, 29.664090459000192], [-89.44901466399995, 29.66367847200013], [-89.45003509499992, 29.66335868800013], [-89.45153045699999, 29.663244247000137], [-89.45187377899998, 29.663312912000038], [-89.45195007299998, 29.663610458000164], [-89.45137405399993, 29.663953130000095], [-89.4510078429999, 29.664410894000127], [-89.44982719399997, 29.66482288100019], [-89.44969177199994, 29.66503334000015], [-89.4498023989999, 29.665650670000048], [-89.45368194599996, 29.670873642000174], [-89.45397186299994, 29.67156028700009], [-89.45397186299994, 29.672931671000185], [-89.45349883899996, 29.67396354700014], [-89.45276641799995, 29.67453765900001], [-89.4522399899999, 29.67449188200004], [-89.45134735099992, 29.674995422000165], [-89.45009017499996, 29.67634676100016], [-89.44898986799996, 29.676301305000095], [-89.44885826099988, 29.677056615000083], [-89.45011901899994, 29.678841893000026], [-89.45150756799995, 29.679967880000163], [-89.4511642459999, 29.680425644000024], [-89.45119285599998, 29.68065387500019], [-89.4517440809999, 29.68092918400015], [-89.4520874019999, 29.68147850000014], [-89.45195579499995, 29.683976476000055], [-89.45234680299995, 29.684251785000185], [-89.45329284699989, 29.684247971000048], [-89.45350265499991, 29.68441135100005], [-89.45349883899996, 29.684755325000083], [-89.45303153999993, 29.68514377300005], [-89.45263671899988, 29.685258214000044], [-89.45148277399989, 29.685258214000044], [-89.45092895199997, 29.685163659000125], [-89.45048713699993, 29.684869115000083], [-89.45022582999997, 29.684366226000122]]], [[[-89.45352935799991, 29.667711258000168], [-89.45360565199991, 29.66727638200007], [-89.45431518599992, 29.667070389000173], [-89.45541381799995, 29.666017532000183], [-89.4555206309999, 29.66530418400015], [-89.45530935699992, 29.664507004000086], [-89.45562362699991, 29.664159124000093], [-89.45932006799995, 29.663885117000063], [-89.45955657999991, 29.66402244600016], [-89.45958518999998, 29.664319341000123], [-89.45885086099997, 29.664937322000185], [-89.4587707529999, 29.66521198000015], [-89.46024131899998, 29.666333501000167], [-89.4605560299999, 29.666864395000175], [-89.46102790499998, 29.666883423000172], [-89.46128845199996, 29.667093277000106], [-89.46139526399998, 29.667504613000062], [-89.46165466299993, 29.667642593000096], [-89.46207618699992, 29.667363469000122], [-89.46192169199992, 29.66667747500003], [-89.4622650149999, 29.665945053000144], [-89.4622650149999, 29.665441513000076], [-89.46176147499989, 29.66456985500008], [-89.46118927099991, 29.66415977500003], [-89.46113586399991, 29.663862228000028], [-89.46147346499998, 29.663518254000167], [-89.46244579399996, 29.66333208500015], [-89.46288871899992, 29.663724248000165], [-89.46309661899988, 29.66431999200006], [-89.46351623499999, 29.66454887399999], [-89.46351623499999, 29.665258408000113], [-89.46298980699993, 29.667181015000097], [-89.46331024199998, 29.667753220000122], [-89.46331024199998, 29.66812133799999], [-89.46299552899995, 29.66829807000005], [-89.46331024199998, 29.66887092600001], [-89.46407127399999, 29.669038121000085], [-89.46409606899988, 29.669427872000085], [-89.46291732799989, 29.67132694000003], [-89.46318051899999, 29.672590192000087], [-89.4631538399999, 29.673276250000185], [-89.46218109099999, 29.6745567320001], [-89.4616851809999, 29.67595416800009], [-89.46147727999994, 29.67703372700015], [-89.46147727999994, 29.67916232800013], [-89.46195030199999, 29.68177539600015], [-89.46376037699991, 29.685323715000038], [-89.46381373199989, 29.68591823500003], [-89.46363067599992, 29.68624115000017], [-89.46208190899995, 29.686424255000134], [-89.46121978799994, 29.686218262000068], [-89.45688629199992, 29.684680939000145], [-89.45489363899992, 29.68441142300003], [-89.45378875799997, 29.68376541100008], [-89.45298004199992, 29.683584213000188], [-89.45274352899992, 29.683330536000028], [-89.45281982299991, 29.682622910000134], [-89.45342445399996, 29.68138629600014], [-89.45337104899988, 29.681020086000046], [-89.45302963399996, 29.68095142100009], [-89.45290374799993, 29.680677414000115], [-89.45363616999998, 29.67918396000016], [-89.45365905799991, 29.678405762000068], [-89.45326995799996, 29.67767524700014], [-89.45171737699991, 29.676324193000085], [-89.45172119099999, 29.675958632999993], [-89.4540786739999, 29.675156896000033], [-89.45478820799997, 29.672498703000088], [-89.4547348019999, 29.671857834000093], [-89.45413207999997, 29.670736313000077], [-89.45397186299994, 29.66991168700008], [-89.45392036399994, 29.669198339000047], [-89.45423889299991, 29.66812133799999], [-89.45352935799991, 29.667711258000168]]], [[[-89.60149002099996, 29.694806400999994], [-89.60085868799996, 29.69462329600003], [-89.59949493399989, 29.694737737000025], [-89.59844589199997, 29.694531743000027], [-89.59807777399999, 29.694325750000132], [-89.59799957299998, 29.693868637000037], [-89.59957504299996, 29.693661992000102], [-89.60083007899999, 29.693639755000106], [-89.60161971999992, 29.69379932100003], [-89.60198783899995, 29.69402820300013], [-89.60206595299991, 29.694463232000146], [-89.6017773129999, 29.694852064000145], [-89.60149002099996, 29.694806400999994]]], [[[-89.54563522299998, 29.691788975999998], [-89.54587173499988, 29.69167453500006], [-89.5461082459999, 29.69183475200009], [-89.54608154299996, 29.69281894400018], [-89.5462379459999, 29.69355136600018], [-89.54502868699996, 29.694192886000167], [-89.54434966999992, 29.695111577000034], [-89.54377144299991, 29.69534047600007], [-89.54301284599995, 29.695382303000088], [-89.54256629899999, 29.695176427000092], [-89.54267120399993, 29.69487953200013], [-89.54411315899995, 29.694192235000173], [-89.54492568999996, 29.693208043000084], [-89.54563522299998, 29.691788975999998]]], [[[-89.59002685599995, 29.69600105300009], [-89.59081268299997, 29.695978165000156], [-89.5919647209999, 29.69712257200007], [-89.59091758699992, 29.697373693000145], [-89.5906562809999, 29.697327916000177], [-89.59020996099991, 29.696846008000136], [-89.5895786289999, 29.696709935000115], [-89.5895786289999, 29.69650394200005], [-89.59002685599995, 29.69600105300009]]], [[[-89.53249359099993, 29.69721412700011], [-89.53285888599993, 29.696665497000026], [-89.53330230699999, 29.696870804000014], [-89.5343010279999, 29.69692035900016], [-89.53456115799992, 29.697057724000047], [-89.53466606099988, 29.697491948000106], [-89.53398513799999, 29.69817859400007], [-89.53243803899994, 29.69870461800008], [-89.53207397499995, 29.698385239000174], [-89.53173065199996, 29.697607040000037], [-89.53183746299999, 29.69730949400008], [-89.53249359099993, 29.69721412700011]]], [[[-89.56420911199996, 29.702874676000135], [-89.56428891199988, 29.702600447000066], [-89.56491851799996, 29.702760696000098], [-89.56549644599988, 29.70319492100009], [-89.56562614399996, 29.703770940000027], [-89.56531143299992, 29.703816716000063], [-89.56484222399996, 29.70361137400016], [-89.56420911199996, 29.702874676000135]]], [[[-89.54553161599989, 29.703904971000043], [-89.54440116899991, 29.70365268400019], [-89.54347991999998, 29.703720093000186], [-89.54248642999994, 29.704018832000088], [-89.54055023199993, 29.702650070000175], [-89.54051971399991, 29.702280045000066], [-89.54093933099989, 29.701959610000074], [-89.54214477499988, 29.701913834000038], [-89.54460907099997, 29.70264625500016], [-89.54736518999994, 29.702073400000074], [-89.5481262209999, 29.701433182000073], [-89.54815673799993, 29.700860977000048], [-89.54752349899996, 29.70015079200016], [-89.54673767099996, 29.69996643100012], [-89.54670906099989, 29.699715917000162], [-89.54702758899998, 29.699533462999966], [-89.54778480499994, 29.699555700000133], [-89.5479202269999, 29.699417114000028], [-89.5479202269999, 29.699275970000087], [-89.5472640989999, 29.698892593000096], [-89.5473403929999, 29.698659897000027], [-89.54817962499999, 29.698797226000067], [-89.55082702599992, 29.699922562000097], [-89.55195617699991, 29.69983100800016], [-89.55221939099994, 29.699944799000093], [-89.55211448699993, 29.700562780000155], [-89.55111694299995, 29.70108795200008], [-89.55090713499999, 29.70143253100008], [-89.55075073199998, 29.702920263000067], [-89.55048370399993, 29.70331001300019], [-89.55054092399996, 29.703698461000158], [-89.55085563599988, 29.70388538100019], [-89.55169486999995, 29.703950231000192], [-89.55169486999995, 29.70418292700009], [-89.55143000099997, 29.70438937800003], [-89.54773585299995, 29.70477802000005], [-89.54626464799998, 29.704023361000054], [-89.54553161599989, 29.703904971000043]]], [[[-89.58139800999993, 29.70649528500013], [-89.5811347959999, 29.706242864000103], [-89.58050537199989, 29.70626449600013], [-89.58013915899994, 29.705736160000072], [-89.57979583699989, 29.70564395600013], [-89.57906341699993, 29.705688477000137], [-89.57764434799992, 29.70628864000014], [-89.57717323299994, 29.70621997600017], [-89.57693481399997, 29.705921173000036], [-89.57640838599991, 29.705923080000105], [-89.57565043299991, 29.706379351000123], [-89.57520294199992, 29.7064488580001], [-89.5741808279999, 29.705693891000067], [-89.57473182699994, 29.705117528000073], [-89.57501983599997, 29.704523086999984], [-89.57546672399997, 29.70452283600008], [-89.5760173789999, 29.70491153500018], [-89.57685852099996, 29.705213547000085], [-89.57845687999992, 29.70500308700008], [-89.58000945999999, 29.704225540000152], [-89.58171081599988, 29.703904454000053], [-89.58226203899994, 29.70365268400019], [-89.58386230499991, 29.70248603800013], [-89.58412318199998, 29.702485387000138], [-89.58435821599988, 29.70275688200013], [-89.5850143429999, 29.70268821700006], [-89.58559417699996, 29.70333225000013], [-89.58664321899994, 29.703629796000087], [-89.58687972999991, 29.704362218000085], [-89.58690637399997, 29.70534550600013], [-89.58679962199994, 29.705987930000163], [-89.58645629899996, 29.706398010000157], [-89.58535766599988, 29.706970215000126], [-89.5847310229999, 29.70699432700019], [-89.58396911599993, 29.706237793000128], [-89.58362579299995, 29.706285477000165], [-89.58325958299997, 29.706741333000025], [-89.5831527709999, 29.707202911000024], [-89.58260345499991, 29.707408905000193], [-89.58249664299996, 29.70816612200008], [-89.58194732699991, 29.70859909100011], [-89.58184051499995, 29.70896720899998], [-89.58160568799997, 29.70905811000017], [-89.58126830999993, 29.70892143200001], [-89.58168792699996, 29.707637787000124], [-89.58168792699996, 29.70688438400009], [-89.58139800999993, 29.70649528500013]]], [[[-89.60561375099991, 29.704400445000147], [-89.6057167049999, 29.70385486600003], [-89.60613941199989, 29.703783158000135], [-89.60726928699995, 29.704332352000108], [-89.60763549799992, 29.704263687000036], [-89.60813140899995, 29.70382881200004], [-89.60862731799995, 29.703691483000114], [-89.60897061799994, 29.70382879800019], [-89.60891723699996, 29.705247879000126], [-89.60873413099989, 29.705614090000097], [-89.60778808599997, 29.705984116000025], [-89.60755157599993, 29.706327438000187], [-89.60862731799995, 29.706647873000122], [-89.60986328099989, 29.707838058000107], [-89.61099243199999, 29.708408356000064], [-89.61141204899997, 29.708774567000034], [-89.61141204899997, 29.709051132000127], [-89.6108899699999, 29.70921061100006], [-89.61028480499994, 29.709073369000066], [-89.60724067699988, 29.707997625000075], [-89.60687446599997, 29.70630389900009], [-89.60561375099991, 29.704400445000147]]], [[[-89.5617179869999, 29.70523578400008], [-89.56090545699999, 29.704068486000153], [-89.55914688099989, 29.702828710000063], [-89.55835914599999, 29.702782933000094], [-89.55767631499998, 29.702943151], [-89.55654907299999, 29.702782933000094], [-89.55649575099989, 29.702463005000084], [-89.55736541699991, 29.701454163000108], [-89.55744171099991, 29.701135635000014], [-89.55733489999989, 29.700927734000174], [-89.55639076199992, 29.70081455000019], [-89.55618286099997, 29.70058631900008], [-89.55633926399992, 29.700196569000127], [-89.55657286999997, 29.70005982500004], [-89.55746459999995, 29.70003700300009], [-89.55895996099997, 29.70056343100009], [-89.55932998699996, 29.700860326000054], [-89.55990600599989, 29.702234268000097], [-89.56048393199995, 29.702691381000136], [-89.56205940199999, 29.70333225000013], [-89.56365776099989, 29.704205816000126], [-89.56570434499997, 29.704549789000055], [-89.56806182899999, 29.704252243000155], [-89.56985092199994, 29.70493823700008], [-89.57024383399994, 29.705281560000117], [-89.57024383399994, 29.705464666000182], [-89.57003021199995, 29.705648422000138], [-89.56727981699993, 29.706403081000133], [-89.56667327999992, 29.706747055000164], [-89.56604576099994, 29.707272832000058], [-89.56581115699998, 29.70768481800002], [-89.56489181499995, 29.708142583000154], [-89.56455230699993, 29.70897037200018], [-89.56418418899995, 29.709336583000038], [-89.56400294099996, 29.709336583000038], [-89.56397437999999, 29.708947484000078], [-89.56455230699993, 29.707914352000046], [-89.56442260699993, 29.706882477000192], [-89.56397437999999, 29.70651752200007], [-89.5623741149999, 29.70583087700004], [-89.5617179869999, 29.70523578400008]]], [[[-89.60144805799996, 29.71092987100002], [-89.60139083899992, 29.709763828999996], [-89.6010761259999, 29.709008519000065], [-89.60105133199988, 29.70843696600008], [-89.60115432699996, 29.707955663000178], [-89.60157394399988, 29.707333867000045], [-89.60325241099991, 29.707013433000157], [-89.60401153599997, 29.70696830700018], [-89.6044598549999, 29.7071050830001], [-89.60469627399993, 29.70735675500015], [-89.60466766399998, 29.70774650600015], [-89.60338592499988, 29.709466283000097], [-89.60330581699998, 29.709969823000165], [-89.60356893099993, 29.710633668000128], [-89.60320281999992, 29.710793798000054], [-89.60257720899995, 29.71042633100012], [-89.60223197999989, 29.710427587000027], [-89.60183715799997, 29.71093112700015], [-89.60144805799996, 29.71092987100002]]], [[[-89.60604931299997, 29.709030354000163], [-89.60535240199994, 29.708936040000026], [-89.60461807299993, 29.70918781000006], [-89.60448837299998, 29.709096257], [-89.60448646499998, 29.708684270000106], [-89.6051416329999, 29.708044052000105], [-89.6054840089999, 29.708044052000105], [-89.60603332499988, 29.70822715800017], [-89.60697936999992, 29.708959579000066], [-89.60915374799998, 29.709417343000098], [-89.60955047599992, 29.70980644200006], [-89.60949706999997, 29.71088218699998], [-89.60913085899995, 29.71124839800018], [-89.60858154299996, 29.711476629000174], [-89.60784912099996, 29.711456299000076], [-89.60732269399989, 29.71120643600011], [-89.60658645599995, 29.71024066700005], [-89.60637664799998, 29.709439580000094], [-89.60604931299997, 29.709030354000163]]], [[[-89.60162630099995, 29.712800900000047], [-89.60126113899992, 29.712533300000075], [-89.60073661799998, 29.712556188000065], [-89.60044860799991, 29.712857549000034], [-89.60010719399992, 29.71290332500007], [-89.59997560699998, 29.712739320000082], [-89.60002899199992, 29.71136665300014], [-89.59953308099995, 29.709512711000002], [-89.59953308099995, 29.709009171000105], [-89.5999221809999, 29.708871841000132], [-89.6006546019999, 29.709192276000067], [-89.60086631899992, 29.70971805300013], [-89.60060119699995, 29.710611343000153], [-89.60063171399997, 29.71111488300005], [-89.6017341619999, 29.711640660000114], [-89.6024932869999, 29.712440491000166], [-89.60251998899997, 29.71276218100013], [-89.60212707499988, 29.712994878000075], [-89.60162630099995, 29.712800900000047]]], [[[-89.56224133099994, 29.710458596000024], [-89.56295013399989, 29.710390091000136], [-89.56315612799995, 29.710525513000164], [-89.56313323999996, 29.710823059000063], [-89.56295013399989, 29.71119117700016], [-89.56140136599998, 29.712495804000184], [-89.56119346699995, 29.7132962390001], [-89.56064431399989, 29.71341449500011], [-89.55899047899999, 29.71270561200015], [-89.55951690699993, 29.712059021000186], [-89.56224133099994, 29.710458596000024]]], [[[-89.5762023929999, 29.71146583600006], [-89.57711791999992, 29.71142005900009], [-89.57806396499996, 29.711715698000148], [-89.57827568099998, 29.71267825800004], [-89.57893180799988, 29.713342015000137], [-89.57893180799988, 29.71379977900017], [-89.57777595499994, 29.71418887800013], [-89.57659530599994, 29.714234655000098], [-89.57509994499992, 29.71386844400007], [-89.57609748799996, 29.712701146000143], [-89.57596588099989, 29.711603165000156], [-89.5762023929999, 29.71146583600006]]], [[[-89.64014434799998, 29.717483521000133], [-89.63980102499988, 29.717460632000098], [-89.63925311899993, 29.717713659000026], [-89.63820266699992, 29.717713659000026], [-89.63660430899989, 29.717458074000092], [-89.63476562499994, 29.71773273200006], [-89.63426971399991, 29.71755027800009], [-89.6335868839999, 29.716885869000066], [-89.63287734999989, 29.716794317000165], [-89.63075256399998, 29.715302770000108], [-89.63007354799993, 29.714708328000143], [-89.62976074199997, 29.713951111000085], [-89.63025665299989, 29.71374702500009], [-89.63162231399997, 29.71404457100016], [-89.63269805899989, 29.713724136000053], [-89.6335868839999, 29.713700597000127], [-89.63471515999993, 29.713883560000113], [-89.63660430899989, 29.714574163000123], [-89.63739204399997, 29.714162175000126], [-89.63802337499999, 29.713201523000066], [-89.63904571499995, 29.71283531200004], [-89.63946533199993, 29.712121964000175], [-89.63999150199993, 29.711870245000057], [-89.64090701499993, 29.712377232000165], [-89.64014434799998, 29.71255874600007], [-89.63967513999995, 29.713315313000066], [-89.63919830299994, 29.713430405000167], [-89.63870239299996, 29.713956832999997], [-89.63867759699997, 29.714345281000192], [-89.63925170899995, 29.71459770200005], [-89.64067077599992, 29.71482658400015], [-89.64256095899992, 29.71464282700009], [-89.64300666399993, 29.714757111000154], [-89.64400291399994, 29.715516393000087], [-89.6441612239999, 29.71599704500005], [-89.64245605599996, 29.716271703000075], [-89.64203643799993, 29.71679687500017], [-89.64182281499995, 29.717758179000157], [-89.64119529699997, 29.718034092000153], [-89.64072406399998, 29.717988741], [-89.64014434799998, 29.717483521000133]]], [[[-89.58761787399993, 29.717553441000064], [-89.5870933519999, 29.716660802000035], [-89.58722686899995, 29.716112136999982], [-89.58843231299994, 29.71542549100002], [-89.58885192899993, 29.71501285300019], [-89.58948135399993, 29.71480685900019], [-89.58956146199989, 29.71457862900013], [-89.58989939599991, 29.71444128100012], [-89.59053039599996, 29.714509964000058], [-89.59257683699991, 29.7141393280001], [-89.59270477299992, 29.71423339800009], [-89.59270477299992, 29.71457481400006], [-89.59186553999996, 29.715013504000126], [-89.59076690699999, 29.71599704500005], [-89.59060668899997, 29.71656990100007], [-89.59008598299988, 29.717118566000067], [-89.59016418499988, 29.717348099000105], [-89.59066200399997, 29.717255895000164], [-89.59111022899998, 29.716936111000166], [-89.59129333499993, 29.71624946600008], [-89.59158325199996, 29.71604347200008], [-89.59184265199991, 29.716135025000142], [-89.59213066099994, 29.716660802000035], [-89.59197235099998, 29.717279434000034], [-89.5903472899999, 29.718496323000124], [-89.58977127099996, 29.719136541000125], [-89.58901214599996, 29.71922683700012], [-89.58877563499999, 29.719045639000058], [-89.58887863199999, 29.718083684000135], [-89.58856391799998, 29.717805211000098], [-89.58761787399993, 29.717553441000064]]], [[[-89.48313903799999, 29.71890068100015], [-89.48348145199998, 29.71837352200015], [-89.48387609499997, 29.718351364000114], [-89.48458099399994, 29.718717575000085], [-89.48497722899992, 29.718580295000095], [-89.48531341599994, 29.718877792000114], [-89.48555374099993, 29.71949512200007], [-89.48550224299993, 29.719998662000137], [-89.48523783799999, 29.720181928000045], [-89.48403167699996, 29.72027332000016], [-89.4832992549999, 29.719724655000107], [-89.48313903799999, 29.71890068100015]]], [[[-89.53927993799994, 29.719460790000028], [-89.54009395699995, 29.716688057000056], [-89.54054069499995, 29.71671039300014], [-89.5408782959999, 29.717121124000073], [-89.54101371899992, 29.71760303200017], [-89.54090690599998, 29.71927768400019], [-89.54140472399996, 29.71998596200018], [-89.54143333399992, 29.72028476400004], [-89.53933906299994, 29.721335022000062], [-89.53778839099988, 29.721771240000066], [-89.53755187999997, 29.72149848900017], [-89.53760528599992, 29.72117805500011], [-89.53846740699993, 29.720537186000115], [-89.53927993799994, 29.719460790000028]]], [[[-89.52852058399992, 29.723878209000077], [-89.52768135099996, 29.723374669000123], [-89.52618598899994, 29.723374669000123], [-89.52558135899989, 29.72300845800015], [-89.52340565599991, 29.723374669000123], [-89.52298736599994, 29.72316932700005], [-89.52224922199997, 29.722180669000124], [-89.52167510999999, 29.72087669400014], [-89.52262115599996, 29.720556259000034], [-89.52282714799992, 29.72025806200014], [-89.52282714799992, 29.719867706000173], [-89.52214813199998, 29.71830940200016], [-89.52196502699991, 29.71656990100007], [-89.52238464399989, 29.715082169000027], [-89.52301216099994, 29.714532200999997], [-89.5239295959999, 29.71464664200016], [-89.52503204299995, 29.715585057000112], [-89.52560997099988, 29.71636325600008], [-89.52597618099998, 29.717439000000127], [-89.52749633799988, 29.71943473800019], [-89.52752494799995, 29.719662969000183], [-89.52736663799999, 29.719800298000052], [-89.5258712779999, 29.71975326500018], [-89.52492523199999, 29.720418930000108], [-89.52461242699991, 29.720853154000167], [-89.52461242699991, 29.72119712800003], [-89.5252380369999, 29.72202110300009], [-89.52552795399993, 29.722135544000025], [-89.52645111099991, 29.721910477000165], [-89.52726173399992, 29.721333806000132], [-89.52781176199989, 29.72069411200016], [-89.52815246599994, 29.720762252999975], [-89.53017425499996, 29.722665787000096], [-89.53083038299997, 29.722963333000052], [-89.53195953399995, 29.722963333000052], [-89.53395068199995, 29.723282452000092], [-89.53389739999989, 29.72353553800002], [-89.53164291399997, 29.72449619000014], [-89.53130340599995, 29.724450414000046], [-89.53043746899988, 29.723832432999984], [-89.52999114999989, 29.723923986000045], [-89.52998924399992, 29.724610631000076], [-89.52901840199996, 29.724931066000067], [-89.5283660899999, 29.72484016400017], [-89.52828407299995, 29.724427526000113], [-89.52852058399992, 29.724152868000147], [-89.52852058399992, 29.723878209000077]]], [[[-89.62129211399997, 29.72399902300009], [-89.62079238899992, 29.723611181000024], [-89.62079238899992, 29.723271672000067], [-89.62168121299999, 29.723291397000025], [-89.62359619099999, 29.723955154000123], [-89.62396621699997, 29.723931615000026], [-89.62397003199993, 29.72363281200012], [-89.62365150499994, 29.723382299000093], [-89.62375640899995, 29.72251254800011], [-89.62331008899997, 29.722329442000103], [-89.62223434399993, 29.722626989000105], [-89.62189483599991, 29.722352982000075], [-89.62186622599995, 29.72207767200001], [-89.62218475299994, 29.72155189500012], [-89.62338638299997, 29.720406835000063], [-89.62341308599997, 29.720059697000124], [-89.62312323799995, 29.71932772000008], [-89.62328338599997, 29.71847915600017], [-89.62275695799991, 29.71799850500014], [-89.6228103649999, 29.717725754000185], [-89.6233062739999, 29.71763420100018], [-89.62425231999993, 29.717817307000075], [-89.62506103499999, 29.71747398400015], [-89.62584544699996, 29.717568997000114], [-89.62738799999994, 29.71866798399998], [-89.62725830099993, 29.71974563599997], [-89.6273918149999, 29.719907109000133], [-89.6280746459999, 29.719816208000168], [-89.62841796899988, 29.71997642499997], [-89.62894439699994, 29.71974563599997], [-89.62891387899998, 29.719289129000174], [-89.62818145899996, 29.71855545000011], [-89.62810516499997, 29.71777534500012], [-89.62833786099992, 29.717412297000124], [-89.62862396199989, 29.71734428400009], [-89.62915039099994, 29.71771049500012], [-89.62969970699999, 29.718442917000118], [-89.6299114229999, 29.719014470000047], [-89.62975311299988, 29.71999740600006], [-89.62938499499995, 29.7204793140001], [-89.62828445399992, 29.72093707800019], [-89.62718009799988, 29.722241704000112], [-89.62665557899999, 29.72228748100008], [-89.62639617899993, 29.72212791400011], [-89.6262626649999, 29.7206853080001], [-89.62600135799994, 29.72031909700013], [-89.62543487499988, 29.720296860000133], [-89.62542533999988, 29.724324529000057], [-89.62275695699992, 29.72521591700007], [-89.62229156599994, 29.724943161000056], [-89.6220288589999, 29.724573221000185], [-89.62155342099999, 29.72455341100016], [-89.62129211399997, 29.72399902300009]]], [[[-89.56269073499999, 29.726146698000093], [-89.56216430699999, 29.72596359300013], [-89.56069741099992, 29.726193488000035], [-89.56043243399995, 29.726078033000192], [-89.55938720699999, 29.72498130800011], [-89.55906867999988, 29.724362676000112], [-89.55822944599998, 29.72408801800009], [-89.55807113599997, 29.72351581300012], [-89.55759811399997, 29.72319156399999], [-89.55759811399997, 29.722848241000122], [-89.55830573999992, 29.721703832000173], [-89.55815124399993, 29.72074317900018], [-89.55830548699998, 29.72046831400013], [-89.55883026099997, 29.720468521000043], [-89.55948638899991, 29.721818924000104], [-89.56069564799998, 29.722482030000094], [-89.56122016899991, 29.72243625400006], [-89.5616931919999, 29.722047155000098], [-89.56148529099994, 29.72110748300014], [-89.56074714699997, 29.72028476400004], [-89.56014442499998, 29.719987218000085], [-89.56017303599998, 29.719575882000186], [-89.56048447799998, 29.719300520000104], [-89.5609580659999, 29.719255521000036], [-89.56148529099994, 29.71959877000012], [-89.56213859299999, 29.719484822000084], [-89.56245422299997, 29.72012519800012], [-89.56324005099998, 29.72081184400008], [-89.56400299099994, 29.721109390000038], [-89.56471252499995, 29.721084595000036], [-89.56515693699993, 29.72055942300011], [-89.56520843499993, 29.72012519800012], [-89.56478886999997, 29.719369331000053], [-89.56510353099998, 29.717995945999974], [-89.56518173199999, 29.715909307000118], [-89.5643405909999, 29.714078252000036], [-89.56442260699993, 29.713735580000105], [-89.56507873499999, 29.71352958700004], [-89.56646728499993, 29.71382713300011], [-89.56704711899994, 29.713575363000075], [-89.56833076499993, 29.713620488000174], [-89.57027435299989, 29.71313667300018], [-89.57102966299993, 29.7131824490001], [-89.57200431899992, 29.71363956200014], [-89.57231896699994, 29.71407449300017], [-89.57202911399997, 29.714326859000096], [-89.56896018999993, 29.715405767000163], [-89.56812095599997, 29.716069524000147], [-89.5668621069999, 29.717351262000136], [-89.5661010739999, 29.718774144000065], [-89.5661010739999, 29.719850540000152], [-89.56654739399988, 29.72033054100018], [-89.56644248999999, 29.72207004300003], [-89.56683349599996, 29.72271156300019], [-89.56744003299997, 29.72328311700005], [-89.56754302999991, 29.72374343900009], [-89.5672817229999, 29.723927800000183], [-89.56668090799991, 29.723903656000118], [-89.56607818599997, 29.723398209000152], [-89.56476211499995, 29.72280246500003], [-89.56457900999999, 29.722894017000158], [-89.56463241699998, 29.72305423500012], [-89.5662307739999, 29.724180222000086], [-89.56620597799997, 29.724385564000045], [-89.56599426399998, 29.724615097000083], [-89.56449890099998, 29.725162506000174], [-89.56347656299994, 29.725254059000065], [-89.56334495499993, 29.725438421000035], [-89.56342315799992, 29.725599289000172], [-89.56481170699999, 29.72589492800006], [-89.56513023399998, 29.726102178000133], [-89.56515502899998, 29.72628593400009], [-89.56502532999997, 29.72646838900016], [-89.56439971899994, 29.726604462000125], [-89.56337165799994, 29.726491277000093], [-89.56269073499999, 29.726146698000093]]], [[[-89.61042785699999, 29.727972031000036], [-89.61064147899998, 29.72781181300013], [-89.6116337389999, 29.72792519600017], [-89.61186978299997, 29.728704310000126], [-89.61174011199995, 29.729298894000124], [-89.61040115399999, 29.728314702000034], [-89.61042785699999, 29.727972031000036]]], [[[-89.4283676149999, 29.727067947000023], [-89.42755889899996, 29.725233077999974], [-89.42755889899996, 29.72406578100015], [-89.42768859899996, 29.723585129000128], [-89.42807960499988, 29.723149602000092], [-89.42944335899995, 29.722600937000095], [-89.43067741399989, 29.724156682000114], [-89.43146514899996, 29.72436332700005], [-89.43172645599992, 29.724156682000114], [-89.43209838999996, 29.723423004000153], [-89.43214607199991, 29.723012273000165], [-89.4317016419999, 29.722715324000035], [-89.4313354489999, 29.72193718000011], [-89.43072891199989, 29.721478765000143], [-89.42994308499999, 29.721478765000143], [-89.42920684799998, 29.721684758000038], [-89.4275817869999, 29.7212905880001], [-89.42747497599998, 29.719827001000056], [-89.42771148799989, 29.718957901000124], [-89.42755508399995, 29.718316381000136], [-89.4275817869999, 29.717424393000044], [-89.4283676149999, 29.716070175000084], [-89.42823791499995, 29.714628220000066], [-89.42781829799992, 29.713872910000077], [-89.42592811599997, 29.711831395000047], [-89.42340850899996, 29.710296631000062], [-89.4228305819999, 29.709725681000066], [-89.4228305819999, 29.709473912000078], [-89.42459106399991, 29.707822800000088], [-89.42619323699995, 29.707090378000032], [-89.42716216999992, 29.70754814100019], [-89.42991638199999, 29.709497452000107], [-89.42991638199999, 29.710367203000033], [-89.4297027589999, 29.71071052600007], [-89.4293377059999, 29.71091586800003], [-89.4288408409999, 29.71082323799999], [-89.42891883899995, 29.71041232800013], [-89.42936706499995, 29.709953308000138], [-89.42936706499995, 29.709703445000173], [-89.42907714899991, 29.709496801000114], [-89.42862701499996, 29.709564209000177], [-89.42755508399995, 29.710297887000138], [-89.42736816399992, 29.710550308000165], [-89.42739677399999, 29.71091586800003], [-89.42957305899989, 29.712152481000146], [-89.43022918699995, 29.713296890000038], [-89.43044280999993, 29.713391607000176], [-89.43167495699993, 29.713162725000018], [-89.43214816699998, 29.71323150800015], [-89.43314361599994, 29.713712692000172], [-89.43421936099998, 29.713621140000043], [-89.43511199999989, 29.713735580000105], [-89.43558502199988, 29.71391868600017], [-89.43579101599988, 29.714170456000033], [-89.43571472199994, 29.714557648000095], [-89.43547916199992, 29.714741916000037], [-89.43183135999999, 29.71405410799997], [-89.43057250999993, 29.714353561000166], [-89.43025779699991, 29.714742009000133], [-89.43012618999995, 29.716183965000084], [-89.43015289299996, 29.71664238000011], [-89.43049430799994, 29.717030828000077], [-89.43122863799994, 29.717328374000033], [-89.43232751499994, 29.717123047000143], [-89.43309020999999, 29.71724128699998], [-89.43466758699992, 29.718659703000128], [-89.43534851199996, 29.718866348000063], [-89.43616485599989, 29.7186832430001], [-89.43676757799994, 29.71824836700017], [-89.43721198999992, 29.717652623000106], [-89.43734741199995, 29.716983795000033], [-89.43708229099997, 29.71622974100012], [-89.43642616299991, 29.715680425000187], [-89.43629483799998, 29.71524524200015], [-89.43666076699998, 29.7148799900001], [-89.43731689499992, 29.714788437000095], [-89.43794822699994, 29.714993778999997], [-89.43865203899998, 29.716848373000175], [-89.43907165499996, 29.717214584000033], [-89.44051933399993, 29.717191045000106], [-89.44093894999992, 29.717423742000108], [-89.4409923479999, 29.717740322000168], [-89.43794822699994, 29.719369237000024], [-89.43755340599995, 29.719666784000026], [-89.43742179999998, 29.720124547000182], [-89.43739700299989, 29.721795385000064], [-89.43773651099991, 29.72317314100019], [-89.43875884999994, 29.724889755000106], [-89.43946838399995, 29.725553513000136], [-89.44038772599998, 29.726102178000133], [-89.44028335799993, 29.7264256360001], [-89.43994331399989, 29.72654087000018], [-89.43752860999996, 29.726220433000037], [-89.4369239809999, 29.726308171000028], [-89.43600463899998, 29.726655308999966], [-89.43524196099992, 29.727388131000055], [-89.4347717899999, 29.727502070000128], [-89.4343027299999, 29.727433705000067], [-89.43374824499995, 29.72697574400013], [-89.43254089399989, 29.726928711000028], [-89.4314880369999, 29.727159500000027], [-89.43072509799993, 29.727823257000182], [-89.43075561399996, 29.728532791000077], [-89.43172836299999, 29.728921239000044], [-89.4320945749999, 29.729379003000076], [-89.43275070199996, 29.72981387800013], [-89.43303680399998, 29.730110168000124], [-89.43301391599994, 29.730317418000027], [-89.4327011119999, 29.730503082000098], [-89.43038940399998, 29.729630773000167], [-89.42852724099998, 29.729356199000165], [-89.42810821499995, 29.728782654000042], [-89.4283676149999, 29.727067947000023]]], [[[-89.51159013599994, 29.73243758900003], [-89.51114654499997, 29.732004166000138], [-89.51103982199993, 29.73152326800016], [-89.51140594499998, 29.730928421000044], [-89.51145935099993, 29.73042422900005], [-89.50965089299996, 29.72971516600012], [-89.50941085799991, 29.729485814000157], [-89.50952148399989, 29.729051590000097], [-89.51030731299988, 29.7288455960001], [-89.51169586199995, 29.72799873400004], [-89.51227569599996, 29.727975845000174], [-89.51515960699993, 29.728708267000002], [-89.51647186299988, 29.7288455960001], [-89.51739120499991, 29.729325597000127], [-89.51870345999998, 29.72974139900009], [-89.5191726679999, 29.730451584000093], [-89.51906585799992, 29.731000900000083], [-89.51830863999999, 29.731366460000118], [-89.51691818199998, 29.731183354999985], [-89.51610565199996, 29.731273651000038], [-89.5159473409999, 29.730927770000108], [-89.51652526899994, 29.73042869600016], [-89.51649856699999, 29.730153386000154], [-89.5159988399999, 29.73015403700009], [-89.51563262899998, 29.730584447000183], [-89.5147933959999, 29.730264013000124], [-89.51408386299994, 29.73040134200005], [-89.51392364499998, 29.73097419700008], [-89.51416015699994, 29.73140907300001], [-89.51463342699992, 29.73156807700002], [-89.5149230959999, 29.7320302170001], [-89.51542663599992, 29.731939316000137], [-89.5161037449999, 29.732053106000137], [-89.51657676699995, 29.732556646000035], [-89.51665496899994, 29.732922857000062], [-89.51613044499999, 29.73310595800018], [-89.51208877599998, 29.732644384000025], [-89.51159013599994, 29.73243758900003]]], [[[-89.5284118649999, 29.734436034999987], [-89.52547454799992, 29.733293533000165], [-89.52573585499988, 29.73253757200007], [-89.52605438199998, 29.732400894000136], [-89.52665710399992, 29.732629776000067], [-89.52794074999997, 29.732514684000137], [-89.52807228599994, 29.73185247600003], [-89.52872848499999, 29.732102697000016], [-89.53059196599997, 29.731919591000178], [-89.5308017729999, 29.73175937400015], [-89.53064727799995, 29.731164932000183], [-89.53012084999989, 29.730638504000126], [-89.52959442099996, 29.730382268000085], [-89.52857208299991, 29.730405156000188], [-89.5277843479999, 29.731000249000147], [-89.52691841099994, 29.730771367000045], [-89.52626228299994, 29.730840032000117], [-89.52513122599998, 29.731092453000144], [-89.52400207499988, 29.73164367700008], [-89.52319322099993, 29.73148125800003], [-89.52313995399999, 29.73136711100011], [-89.52371978799988, 29.73079490700019], [-89.5240325929999, 29.73019981400006], [-89.52400398299994, 29.72969562300017], [-89.52348327599992, 29.728870392000033], [-89.52371978799988, 29.728277206000143], [-89.52358627299992, 29.727151220000053], [-89.52390098599994, 29.726807897000185], [-89.52458190899989, 29.727201462000153], [-89.52573595099989, 29.72676687200004], [-89.52605383999992, 29.726812286000097], [-89.52631378199993, 29.726922989000116], [-89.52676200899998, 29.72791034400018], [-89.52767944299995, 29.72884941100017], [-89.52875518799993, 29.728895187000035], [-89.5291213999999, 29.729284286000166], [-89.53022384599996, 29.729558294000128], [-89.53077506999995, 29.729993169000124], [-89.53132629399988, 29.730176926000127], [-89.53232574499998, 29.730340958], [-89.53334808299991, 29.73027164200016], [-89.5338726039999, 29.730111425000132], [-89.53473854099997, 29.729466741000067], [-89.53563117999994, 29.72775012700015], [-89.5363922119999, 29.727293015000157], [-89.53660583499999, 29.72690391500015], [-89.54051208499999, 29.726469040000097], [-89.54148483299991, 29.72607929000003], [-89.54245758099995, 29.725301743000102], [-89.54300689699994, 29.725324631000035], [-89.54347801199998, 29.72580463100013], [-89.54379272499995, 29.726675034000095], [-89.5438194269999, 29.727292363000117], [-89.54350280799991, 29.727588654000044], [-89.54266357399996, 29.727658574000145], [-89.54227066099992, 29.728024785000116], [-89.54229736299999, 29.728418350000084], [-89.54282188399998, 29.7296536610001], [-89.54379272499995, 29.73054695100012], [-89.54434394799995, 29.73077518200006], [-89.54589080799997, 29.730775833000052], [-89.54628753699996, 29.730569839000054], [-89.54705047599998, 29.72976875300003], [-89.54705047599998, 29.728647232000014], [-89.5462112429999, 29.72777557400002], [-89.54471206699998, 29.727177922000124], [-89.54439735399995, 29.726743047000127], [-89.54439735399995, 29.726445501000057], [-89.54455566399997, 29.726078033000192], [-89.54594612099993, 29.725163762000136], [-89.5463657379999, 29.72456867000011], [-89.54702186599997, 29.724179570000047], [-89.54723358199993, 29.723878860000013], [-89.54796791199999, 29.72140628500017], [-89.54802131699995, 29.719964330000153], [-89.54809760999996, 29.719689672000186], [-89.54851913499994, 29.719323461000158], [-89.54854583799994, 29.719070435000162], [-89.54809570299989, 29.71899795500002], [-89.54723236599995, 29.720032091000178], [-89.54665565499994, 29.72010165900008], [-89.54610443099989, 29.71973544800005], [-89.54495239299996, 29.718519211000057], [-89.54450416599991, 29.718289678000133], [-89.54269409199998, 29.71863174400005], [-89.54232788099995, 29.718425751000098], [-89.54235076899988, 29.718290329000126], [-89.54361152599995, 29.717488591000006], [-89.5474700929999, 29.716001511000115], [-89.54951477199995, 29.716001511000115], [-89.5511703489999, 29.715246201000127], [-89.55135337499996, 29.71540634800016], [-89.55130004899996, 29.71579361000005], [-89.55027771099992, 29.717946355000095], [-89.55019378699996, 29.718587875000026], [-89.55088043299997, 29.719644547000087], [-89.55106353799994, 29.720697403000145], [-89.55184936499995, 29.722000121999997], [-89.55177307099996, 29.722596471000088], [-89.55101013199999, 29.723583221000183], [-89.55088043299997, 29.724751775000072], [-89.55072124399999, 29.724888872999998], [-89.5504608149999, 29.724819183000136], [-89.55020141699993, 29.724271774000044], [-89.54990959199995, 29.72431690000002], [-89.54977416999992, 29.72452354400008], [-89.54907035799988, 29.72653705300013], [-89.54907035799988, 29.72720081100016], [-89.54922485399999, 29.72747421300005], [-89.54980468799988, 29.72763633700015], [-89.55011939999997, 29.727475469000183], [-89.55038070699993, 29.726949041000125], [-89.55080223099992, 29.72692615200009], [-89.55090713499999, 29.727406804000054], [-89.55169296299988, 29.728394811000044], [-89.55248069799995, 29.729127233000042], [-89.55334472699997, 29.7295398710001], [-89.55694198499998, 29.730134313000065], [-89.55888366699998, 29.729745865000098], [-89.55959320099993, 29.730707169000027], [-89.56124805799999, 29.731119043000035], [-89.56203460699999, 29.731554031000144], [-89.56203460699999, 29.731849670000145], [-89.56179809599996, 29.73194247900011], [-89.56061744699997, 29.731530492000047], [-89.55683898899997, 29.731185913000047], [-89.55596923799993, 29.731622696000045], [-89.5555782319999, 29.732056920000048], [-89.55502700799997, 29.73217136100004], [-89.55397796599993, 29.731391907000045], [-89.55319213899992, 29.73143768300008], [-89.5529556269999, 29.731256485000188], [-89.55271911599988, 29.73054695100012], [-89.55229949999989, 29.72992897000006], [-89.55206298799993, 29.729789734000065], [-89.55145835899992, 29.729905431000134], [-89.55053710899989, 29.73065948500016], [-89.55056571999995, 29.731347387000085], [-89.55082702599992, 29.731644932999984], [-89.55384668799991, 29.732103219000066], [-89.55397605899998, 29.73230869000014], [-89.55384635899998, 29.732472722000182], [-89.55116844199995, 29.73267871600018], [-89.55059242199997, 29.73251849900015], [-89.5501174929999, 29.732124329000044], [-89.54862403899989, 29.731965368000147], [-89.5474681849999, 29.732426946000146], [-89.54685974099993, 29.733274460000075], [-89.54520988499996, 29.733868901000164], [-89.54400253399996, 29.735036199000092], [-89.54345130899992, 29.735127752000153], [-89.54331970199996, 29.73473930400013], [-89.54374122699994, 29.733388250000075], [-89.54374122699994, 29.732354467000107], [-89.54355621399998, 29.731850927000153], [-89.54308509799989, 29.73109561700005], [-89.54232788099995, 29.730455399000164], [-89.5420093539999, 29.729951207], [-89.54190826399997, 29.729150771000036], [-89.54074859599996, 29.728577916000177], [-89.5389633179999, 29.72916793800016], [-89.53770446799996, 29.729146306000132], [-89.5353927619999, 29.73013305700016], [-89.53295135499997, 29.733406067000033], [-89.53248240299996, 29.733613205000154], [-89.53171920799997, 29.733567540000024], [-89.53150939899996, 29.733865087000027], [-89.53150939899996, 29.734323502000052], [-89.53213882399996, 29.735078160000114], [-89.53208746299998, 29.735287413000094], [-89.53130252499994, 29.735379522000187], [-89.53061675999999, 29.73487216700005], [-89.5284118649999, 29.734436034999987]]], [[[-89.64772224399991, 29.736497228000133], [-89.64806365999993, 29.736474339999972], [-89.64837646499996, 29.737182617000087], [-89.64801205599991, 29.737366919000067], [-89.64775085399998, 29.73704528800016], [-89.64772224399991, 29.736497228000133]]], [[[-89.64856147799998, 29.739613836000046], [-89.64846038799999, 29.738077164000117], [-89.6485895109999, 29.737687413000117], [-89.64977264399994, 29.73789405800005], [-89.65094855199999, 29.73732212100009], [-89.65123748799988, 29.737527847000024], [-89.65142059299995, 29.73908424400014], [-89.65066528299997, 29.739223480000078], [-89.64979553299997, 29.739083593000146], [-89.64942741399989, 29.73968250000007], [-89.6489028929999, 29.73992919900013], [-89.64856147799998, 29.739613836000046]]], [[[-89.36028712599995, 29.828951932000166], [-89.36054992699991, 29.827085495000176], [-89.36054992699991, 29.82490730300009], [-89.36007690399992, 29.824014664000003], [-89.35899734499998, 29.823121373000106], [-89.35700035099995, 29.822320287000082], [-89.3525314339999, 29.821404760000064], [-89.35024227099996, 29.82129077600007], [-89.34865622799992, 29.821541472000035], [-89.34801483199999, 29.82099342300006], [-89.34585761999989, 29.820283239000105], [-89.34567451499993, 29.81980258700014], [-89.34598922699996, 29.819115941000177], [-89.3459110259999, 29.81881839500005], [-89.34517669699989, 29.81824684100019], [-89.3441238399999, 29.81588554400014], [-89.34380721999997, 29.814534490000085], [-89.34254646299996, 29.812657659000138], [-89.34267616299991, 29.81189853400008], [-89.34326846599998, 29.811880127999984], [-89.34362467799997, 29.812196080000035], [-89.34383392299998, 29.813276291000136], [-89.34417590299995, 29.8135731860001], [-89.34625132499997, 29.814328741000168], [-89.3466949459999, 29.814968109000176], [-89.34693145799991, 29.816638947], [-89.34722137499995, 29.81696128800013], [-89.34791187899998, 29.81711797200012], [-89.34911537199997, 29.8161824390001], [-89.34987640399999, 29.81588554400014], [-89.35145187399996, 29.815610234000076], [-89.35142707799992, 29.815266912000084], [-89.35084915199991, 29.81508380600002], [-89.35087585499997, 29.81467247000012], [-89.35334396399992, 29.814507787000082], [-89.35442352399997, 29.81361579900016], [-89.35465621999998, 29.813203160000057], [-89.35497283899997, 29.811759949000077], [-89.35528564499998, 29.81136829100018], [-89.35821533199993, 29.810155869000084], [-89.35910797199989, 29.810155869000084], [-89.35935839699988, 29.810338323000053], [-89.36038207999997, 29.81225967400013], [-89.36101531999998, 29.81308555600009], [-89.36156463599991, 29.813291550000088], [-89.36482295099995, 29.81374866200008], [-89.3665377019999, 29.813839111000163], [-89.36808013899997, 29.81331443800019], [-89.37014281699993, 29.812281984000037], [-89.37144260099996, 29.812829069000088], [-89.37383270299989, 29.812807083000052], [-89.37388610799997, 29.812440221000088], [-89.37372779899994, 29.812371556000187], [-89.3715744029999, 29.812347412000122], [-89.37026214599996, 29.811845779000066], [-89.37026214599996, 29.811227798000004], [-89.37062835699999, 29.810609818000046], [-89.37166515699988, 29.810171657000126], [-89.37254333499999, 29.810239792000175], [-89.37296295199997, 29.810445786000173], [-89.3737792959999, 29.811315536000166], [-89.37412261999998, 29.811937332000127], [-89.37441547999998, 29.812044862000107], [-89.37462615999999, 29.811796188000187], [-89.37393951399991, 29.810766220000005], [-89.37393951399991, 29.81049156200004], [-89.37430572499994, 29.810308455999973], [-89.37506192799998, 29.810140846000138], [-89.3755416869999, 29.81022071800004], [-89.37621307399996, 29.81042671199998], [-89.3775482179999, 29.811206818000073], [-89.37828826899994, 29.81114006000007], [-89.37956237799995, 29.810613632000184], [-89.37993012599992, 29.810612981000077], [-89.38033923199993, 29.81109363300004], [-89.38023241999997, 29.811894719000065], [-89.37962779099996, 29.813176458000157], [-89.37962779099996, 29.813866918000087], [-89.37999400199993, 29.814530675000185], [-89.38040924199993, 29.81475830100004], [-89.38108716499988, 29.814509207000185], [-89.38146775499996, 29.814553982000064], [-89.38297710299997, 29.815350262000038], [-89.38413199499996, 29.815035281000007], [-89.38498659999993, 29.81514925500005], [-89.38700866699992, 29.816389084000036], [-89.38937377899998, 29.817121506000092], [-89.39052581799996, 29.817281723000065], [-89.39128865399994, 29.818035535000092], [-89.39102610599997, 29.818566625000187], [-89.3904724119999, 29.819025039999985], [-89.3904724119999, 29.819322586000112], [-89.39128741299993, 29.820603673000164], [-89.39199066199996, 29.820991516000163], [-89.39512252799989, 29.820672338000065], [-89.3957538599999, 29.82048923200017], [-89.39662170399993, 29.819940567000174], [-89.39667510999993, 29.819345474000045], [-89.39620208699995, 29.818887711000116], [-89.39476013199993, 29.818269730000054], [-89.3947029119999, 29.817902868000033], [-89.39501953099989, 29.81753730800017], [-89.3954276639999, 29.81749175000016], [-89.39614868199999, 29.81788063000016], [-89.39754160899997, 29.81902438900005], [-89.39919528099989, 29.81994373100008], [-89.39973449699994, 29.820034027000077], [-89.40053558299996, 29.819944382000017], [-89.40200805699993, 29.819463730000052], [-89.40394883199991, 29.81831902600004], [-89.40552520799997, 29.818159103000028], [-89.40652465799997, 29.81781131500003], [-89.40803912399997, 29.81687693200007], [-89.40880973999998, 29.817492886000082], [-89.40909957899999, 29.817471807000175], [-89.40999603299997, 29.8168029790001], [-89.41052246099991, 29.81543159500012], [-89.41097833599997, 29.815089497000088], [-89.41128214899999, 29.815156285000114], [-89.41403954299994, 29.817310584000097], [-89.41393279999994, 29.8177013400001], [-89.41269683699988, 29.81861686700006], [-89.4127260109999, 29.819577520000053], [-89.41235789299998, 29.81987506600018], [-89.40933665299997, 29.82083637000011], [-89.40783938499999, 29.8211796920001], [-89.40666961699998, 29.82120132400013], [-89.40575937999989, 29.82102226700016], [-89.40497589199998, 29.82172775300006], [-89.40438355299995, 29.82175159000019], [-89.40182113599991, 29.821248357], [-89.40014132499994, 29.821248357], [-89.3974615009999, 29.821637456000133], [-89.39609527599993, 29.822025299000188], [-89.39423370399999, 29.822231293000186], [-89.39054870299992, 29.823354714000118], [-89.38796234099999, 29.823879242000032], [-89.38695526099997, 29.823511124000106], [-89.3852691649999, 29.823327367000104], [-89.38317108199993, 29.821771622000085], [-89.38204193099995, 29.820623398000066], [-89.38135719399997, 29.819524114000103], [-89.38054656999992, 29.817689896000047], [-89.37967681899994, 29.816726685000162], [-89.37913128899999, 29.81652407500013], [-89.3761428919999, 29.81675041200009], [-89.37506103499993, 29.81656837500003], [-89.37369153399993, 29.816654900000174], [-89.37233734099999, 29.81608325700006], [-89.37162837099993, 29.815991703999998], [-89.37097224299993, 29.81631213900016], [-89.37007934699994, 29.817479585000115], [-89.36943455899996, 29.817801653000117], [-89.3682937619999, 29.817295074000015], [-89.36737823499999, 29.81658744800012], [-89.36700439499998, 29.81762123100009], [-89.36771392799989, 29.818559647000143], [-89.36853083699998, 29.819131200000072], [-89.36921557499988, 29.81933719400007], [-89.37039565999999, 29.81933719400007], [-89.37174986999997, 29.818854351000027], [-89.37340655799989, 29.819513639000036], [-89.37404823299988, 29.819402044000128], [-89.37462615999999, 29.81885337800003], [-89.37543353099994, 29.818970983000042], [-89.3754959119999, 29.819816589000027], [-89.37570818799992, 29.820302311999967], [-89.37704905599992, 29.82092029300003], [-89.38053893999995, 29.82309722900004], [-89.38111877399996, 29.823648453000033], [-89.38104123799991, 29.82412782700004], [-89.38029144399997, 29.8242657830001], [-89.3785247809999, 29.82392311100017], [-89.37754496699989, 29.8239682360001], [-89.37636566199996, 29.82428741500013], [-89.37284088099989, 29.82575035100018], [-89.3705062869999, 29.8270301820001], [-89.36611994799989, 29.829072301000053], [-89.36528947199992, 29.82918958900018], [-89.36385979899995, 29.828660475000106], [-89.3632551099999, 29.82866412900006], [-89.36120605499991, 29.829420090000156], [-89.36020660399993, 29.830287933000136], [-89.35990905799991, 29.83037948600014], [-89.35997200099996, 29.82960254400018], [-89.36028712599995, 29.828951932000166]]], [[[-89.31853675799988, 29.834470097999997], [-89.31764411899991, 29.832570379000117], [-89.31651306199996, 29.83149081900018], [-89.31612396199989, 29.830690384000093], [-89.31325530899994, 29.82920200100017], [-89.30908203099989, 29.828971863000106], [-89.3106021879999, 29.82752734900015], [-89.31078529499996, 29.827069584000185], [-89.31099700899989, 29.82475662200011], [-89.31050109899996, 29.823059081999986], [-89.30994415299989, 29.822053258000096], [-89.30742263899998, 29.820428197000183], [-89.30684661899994, 29.819576263000044], [-89.30642700199996, 29.81786155700013], [-89.30634498599994, 29.81600696300012], [-89.30642700199996, 29.815223694000053], [-89.30676407999994, 29.814927862000104], [-89.30743621199997, 29.814837119000174], [-89.30892046999992, 29.81609851600018], [-89.30944824199992, 29.816373825000085], [-89.31077045999996, 29.816009921000045], [-89.31149291999998, 29.81628227200008], [-89.31157549899996, 29.81676227300011], [-89.3111024769999, 29.817357366000067], [-89.31083679099993, 29.8180217740001], [-89.31044444199989, 29.8181355640001], [-89.3101942969999, 29.818410222000125], [-89.30976104699994, 29.8183415580001], [-89.30965614399997, 29.81799823500006], [-89.30910491899994, 29.817541122000137], [-89.30844744699988, 29.817563359000133], [-89.30815887499989, 29.817699432000097], [-89.30799865699998, 29.81799888600017], [-89.30847167999991, 29.81854820300009], [-89.31031474199995, 29.819646184000078], [-89.31049784699997, 29.82079440800004], [-89.31064767099991, 29.82094788500001], [-89.31120490999996, 29.820611303000078], [-89.31151962299998, 29.81868488000009], [-89.31204681299988, 29.818525009000098], [-89.31220245399999, 29.818798065000124], [-89.31188964799992, 29.81992530800005], [-89.31194305399993, 29.821161270000175], [-89.3111024769999, 29.82207614600003], [-89.31101989699994, 29.822486877000188], [-89.31196594199997, 29.82375145000009], [-89.31307220499991, 29.82452964800018], [-89.31348419199998, 29.824665070000037], [-89.31456756599994, 29.824575424000045], [-89.31851005599998, 29.823701207000113], [-89.32040405299995, 29.822008133000168], [-89.3206100459999, 29.821687698000062], [-89.32087326099992, 29.82017261200008], [-89.32113647499995, 29.819897954000112], [-89.32146462599991, 29.81980777900003], [-89.32326513099997, 29.820447017000163], [-89.32310485799991, 29.822168350000027], [-89.32281684899988, 29.822190587000193], [-89.32229614299996, 29.82189369200006], [-89.32173919699989, 29.821916580000163], [-89.32082232499988, 29.822762792000162], [-89.3199539179999, 29.823289870999986], [-89.31966400199997, 29.82390594499998], [-89.3196105959999, 29.82452583300011], [-89.32000732399996, 29.824964522000073], [-89.32086413599995, 29.824804468000025], [-89.32134684599993, 29.82496387200007], [-89.3210588369999, 29.827367131000187], [-89.32021960299994, 29.82853442900017], [-89.32016619699988, 29.829270665000138], [-89.32103403999992, 29.8299573110001], [-89.32250213599997, 29.830690384000093], [-89.32237267499994, 29.831170527000154], [-89.32008799599998, 29.833554570000103], [-89.32014140199993, 29.833897893000028], [-89.32037061799991, 29.834099156000036], [-89.32091522199994, 29.8338527680001], [-89.32127055199993, 29.833875005000095], [-89.32169016899991, 29.834401433000096], [-89.32216390899998, 29.83444761600009], [-89.32268961999995, 29.83474475600019], [-89.3228212269999, 29.83495075000019], [-89.3228212269999, 29.83563739500005], [-89.32455444299995, 29.836278915000037], [-89.32560595599989, 29.837197606000075], [-89.32560595599989, 29.837720220000165], [-89.32481822099993, 29.83836490400006], [-89.32364747499997, 29.839944188000175], [-89.32333402199998, 29.839944188000175], [-89.3222427369999, 29.83928043100002], [-89.32056426999992, 29.838821411000083], [-89.31885528799995, 29.838663052000186], [-89.31911468499999, 29.83685428400014], [-89.31853675799988, 29.834470097999997]]], [[[-89.33133697499989, 29.847802465000143], [-89.33028521299991, 29.84707080300018], [-89.32952364999989, 29.847092930000144], [-89.32706591899995, 29.848489110000173], [-89.32664708599998, 29.848489110000173], [-89.32526588399992, 29.848031347000074], [-89.32408389199992, 29.848031347000074], [-89.3227310179999, 29.84841918899997], [-89.32211303699995, 29.84839755700017], [-89.3210620889999, 29.847710912000082], [-89.32082366899994, 29.847344701000054], [-89.32082366899994, 29.847093582000184], [-89.32109982599991, 29.84688778000003], [-89.32218397099996, 29.847226273000047], [-89.32290077199991, 29.846978490000083], [-89.32332229599996, 29.84656650300019], [-89.32342529299996, 29.845536535000065], [-89.32311248799994, 29.843608856000174], [-89.32263946499995, 29.842647552000187], [-89.3228473659999, 29.841458623000165], [-89.32342529299996, 29.84065372200007], [-89.32476806599993, 29.839487076000182], [-89.32513427699996, 29.83880043000005], [-89.32631492599995, 29.838433568000028], [-89.32697296099997, 29.837860107000097], [-89.3269195559999, 29.837285344000065], [-89.32628822299995, 29.83609515900008], [-89.32610511799999, 29.834996526000054], [-89.3257904059999, 29.83469772300009], [-89.32453155499991, 29.834196091000024], [-89.32413482699997, 29.83369255100007], [-89.32457923899995, 29.831513707000113], [-89.32452583299988, 29.830254857000057], [-89.32429122899993, 29.829591100000073], [-89.32363319499996, 29.829018895000104], [-89.32347869899996, 29.827251434000118], [-89.32310676599991, 29.82677203900016], [-89.32310676599991, 29.82649738000009], [-89.3240814209999, 29.825946808000026], [-89.32505226099994, 29.82496387200007], [-89.32589721699992, 29.824502945000177], [-89.32702064499989, 29.823220556000024], [-89.3275077969999, 29.823039017000042], [-89.32788848899997, 29.823151724000013], [-89.32788848899997, 29.823449928000173], [-89.32754516599988, 29.823747635000018], [-89.3275736459999, 29.823947633000046], [-89.32824673099992, 29.82381683300008], [-89.32859802099995, 29.82413673399998], [-89.32859802099995, 29.82452583300011], [-89.32781085099992, 29.82565051800003], [-89.32781085099992, 29.8261540580001], [-89.3281522659999, 29.826588933000096], [-89.32894000099998, 29.827023809000025], [-89.3300704959999, 29.827322006000088], [-89.33064898499998, 29.827641790000087], [-89.33169993399991, 29.8289921920001], [-89.33359202399998, 29.82997638400019], [-89.33414459199997, 29.830778122000083], [-89.33445739699988, 29.831628799000043], [-89.3355394269999, 29.832955663000064], [-89.33595904399988, 29.834878270000047], [-89.3364562989999, 29.835889816000076], [-89.33811187699996, 29.837080002000164], [-89.34118899399988, 29.83783466100016], [-89.34218679099996, 29.83824596600016], [-89.34287127499994, 29.838727300000187], [-89.34305438099994, 29.839162174000137], [-89.34289550799997, 29.841339111000025], [-89.34264946799993, 29.84156772], [-89.34234619099999, 29.841523473000166], [-89.34185028099989, 29.84016799900013], [-89.3414029999999, 29.83978251100018], [-89.34076690699999, 29.83984947200014], [-89.33896908299988, 29.840606273000162], [-89.33845710799989, 29.840562169000066], [-89.33706283599992, 29.839921300000015], [-89.33551405199995, 29.839509814999985], [-89.3343835739999, 29.83953220100011], [-89.33354243299993, 29.839783971000145], [-89.33141383199995, 29.840745275000074], [-89.33073100099995, 29.841225927000096], [-89.33012390099998, 29.84186554000013], [-89.32962799099988, 29.842763901000126], [-89.32952117899993, 29.843816757000013], [-89.32988738999995, 29.84509849500006], [-89.33015307499994, 29.84544116700016], [-89.33135986299993, 29.846242905000054], [-89.3320617679999, 29.846355438000046], [-89.3333744759999, 29.846129525000094], [-89.3338851929999, 29.846540451000124], [-89.33499125399993, 29.84672354500003], [-89.3360944659999, 29.847661321000146], [-89.33627757099993, 29.848351781000076], [-89.33592252299997, 29.848603551000167], [-89.33372688299994, 29.847985570000105], [-89.33204460099995, 29.847962682000116], [-89.33133697499989, 29.847802465000143]]], [[[-89.26934051599989, 29.85410118100009], [-89.26873779399995, 29.853342056000088], [-89.26802825899995, 29.85290527300009], [-89.26802825899995, 29.85267829900016], [-89.26840711499995, 29.852587471000106], [-89.26936778099991, 29.852952306000134], [-89.27031382599995, 29.853642766000064], [-89.27062988299997, 29.853643417000058], [-89.2707900989999, 29.853525162000153], [-89.2707900989999, 29.853273392000062], [-89.27033996599988, 29.852952306000134], [-89.27028846799999, 29.8524945420001], [-89.2700913029999, 29.85238796599998], [-89.26936721799996, 29.852608983000096], [-89.26915740999999, 29.85247165400017], [-89.26905075399998, 29.852105234000078], [-89.26950073199998, 29.851739883000107], [-89.27123260599996, 29.851259232000075], [-89.27157592799995, 29.850961685000016], [-89.27210235599995, 29.849908829000128], [-89.27270507799989, 29.849404638000067], [-89.27323150599995, 29.84924442000016], [-89.27497100799991, 29.84924316400003], [-89.27632205399993, 29.84897052500014], [-89.2781829839999, 29.849197388000164], [-89.28018278699989, 29.84885710000009], [-89.28030261099997, 29.85002261900013], [-89.28095873899997, 29.85057193500012], [-89.28116607699991, 29.851053238000077], [-89.28085192699996, 29.851605718000144], [-89.27982768099992, 29.85194522600017], [-89.2796693709999, 29.85210925800004], [-89.27988108699998, 29.852338140000143], [-89.28337478599997, 29.85172015900008], [-89.28602821899995, 29.850686953000036], [-89.28659598899992, 29.850668027000097], [-89.28707885699993, 29.851079941000023], [-89.28713226299999, 29.851652145000116], [-89.2874984739999, 29.852476120000176], [-89.28941973699989, 29.853665654000054], [-89.28941973699989, 29.854123418000086], [-89.28924680499989, 29.854218785000057], [-89.2868423459999, 29.854217529000152], [-89.28634509099999, 29.854630773000054], [-89.28605555099989, 29.85515651600008], [-89.28546361499997, 29.855317418000084], [-89.28516387899992, 29.85502052300012], [-89.28513526899997, 29.85444766700016], [-89.28471374499998, 29.854076385000155], [-89.28460979399995, 29.853575557000113], [-89.28298187299998, 29.85366439800009], [-89.28176879899996, 29.854122162000124], [-89.28116607699991, 29.85508537300018], [-89.28052358199994, 29.85558826200014], [-89.28018041199988, 29.85558826200014], [-89.27945899999997, 29.855267827000148], [-89.27864265399995, 29.85515338600004], [-89.27780342099993, 29.854420964000155], [-89.27727699299999, 29.854237859000193], [-89.2769622799999, 29.85382587200013], [-89.2765159619999, 29.853642766000064], [-89.27648937799995, 29.85343660400008], [-89.27711868399996, 29.852498357000172], [-89.27706909199992, 29.85176658600011], [-89.27628326399991, 29.85084724400008], [-89.2751235959999, 29.850664139000116], [-89.27451952999996, 29.850938146000146], [-89.27380999599995, 29.851533239000048], [-89.27310046199995, 29.85231143700014], [-89.27246891699991, 29.85336443500006], [-89.27178629899993, 29.853917424000088], [-89.27244242699993, 29.854192082000054], [-89.27254486099997, 29.854398727000046], [-89.27257403399989, 29.855244939000045], [-89.27233752299998, 29.856686895000166], [-89.27196940499988, 29.857167546000028], [-89.27128600599991, 29.857168193000177], [-89.27059936499995, 29.856616974000133], [-89.26994323799994, 29.85554248500017], [-89.26934051599989, 29.85410118100009]]], [[[-89.33535957199996, 29.857652013000063], [-89.33509826699998, 29.857080460000134], [-89.33457183799993, 29.856597900000168], [-89.33357238799994, 29.85623168900014], [-89.33225878799999, 29.85627872200007], [-89.33180999799998, 29.85653114300004], [-89.33149584799997, 29.856965368000033], [-89.33084106399991, 29.85698890700013], [-89.33049774199992, 29.856484716000068], [-89.33018112199994, 29.855408971000145], [-89.33005142199994, 29.85476428700008], [-89.33026122999996, 29.85313797000009], [-89.32986450299995, 29.85249710100004], [-89.32952117899993, 29.852455139000142], [-89.3289991289999, 29.853047673000162], [-89.3289991289999, 29.854241674000093], [-89.32944488499993, 29.85518074000015], [-89.32949829099994, 29.855638504000183], [-89.32898824799997, 29.855933714999992], [-89.3284225459999, 29.855684280000048], [-89.32715988199999, 29.85460788500012], [-89.32581901699996, 29.854218785000057], [-89.32395419199992, 29.85428745000013], [-89.3204953469999, 29.855086833000087], [-89.32022094699994, 29.85490543100019], [-89.31985473599997, 29.853303909000033], [-89.31903839099988, 29.85257083600004], [-89.31909179699988, 29.851926804000016], [-89.31940598299997, 29.85167480100006], [-89.31994531999999, 29.851583645000176], [-89.32125549599994, 29.851786164000146], [-89.32196807899993, 29.85160636900008], [-89.32369232199994, 29.851697922000085], [-89.3239784239999, 29.851445501000114], [-89.32450866699998, 29.850141525000026], [-89.32751473199994, 29.84938302500018], [-89.32805277499995, 29.84977443300005], [-89.32974680099994, 29.84970242000003], [-89.32999857899995, 29.84990817800019], [-89.33039093099995, 29.85069084200012], [-89.33128356899994, 29.851194382000187], [-89.33160075299998, 29.851605718000144], [-89.33207568199992, 29.853734319000125], [-89.33228302099991, 29.853918076000127], [-89.33259963999996, 29.853894536000155], [-89.33299446099988, 29.853413884000133], [-89.3337821959999, 29.853345220000165], [-89.33404540999999, 29.853116989], [-89.33448150499993, 29.853048693000062], [-89.33493804899996, 29.853300095000066], [-89.3356082549999, 29.853300095000066], [-89.33585357699997, 29.85387039200009], [-89.33646392799994, 29.853849411000056], [-89.33780670199991, 29.853528976000064], [-89.33911704999997, 29.85286456800003], [-89.34017181399992, 29.851921082000104], [-89.34016609199989, 29.851395909000075], [-89.3396930689999, 29.850663488000123], [-89.34092903099997, 29.849793737000027], [-89.34119415399988, 29.849428177000163], [-89.34134864799995, 29.848969762000138], [-89.34120941099997, 29.847135544000082], [-89.34239959699988, 29.84757041900008], [-89.34200724599992, 29.84899265000007], [-89.34197997999996, 29.849884033000023], [-89.34219035199999, 29.850388829000053], [-89.34258270299995, 29.850961685000016], [-89.34332275399998, 29.851556778000145], [-89.34492548999998, 29.852288549000036], [-89.34521484299995, 29.852563858000167], [-89.34537371699992, 29.85279208900016], [-89.34532031099997, 29.853387181000187], [-89.34487152099996, 29.85379982000012], [-89.34137782099998, 29.85535938000004], [-89.3405900859999, 29.85595447300011], [-89.34017047099991, 29.856618230000095], [-89.33982714699994, 29.856824224000093], [-89.33890971199997, 29.85689670300013], [-89.33863067699997, 29.857353210000156], [-89.33826474699998, 29.857354467000164], [-89.33811950699993, 29.8568286900001], [-89.33768455299992, 29.85653685200009], [-89.3370668689999, 29.85701153600013], [-89.33635711799997, 29.85719490100007], [-89.33635711799997, 29.857467651000093], [-89.33664703399995, 29.85760688800019], [-89.33750227399992, 29.85756188800019], [-89.33769988999995, 29.857767104999994], [-89.33769988999995, 29.858154297000056], [-89.33751543999995, 29.858727757999986], [-89.33622788499991, 29.86081444399997], [-89.33532127799998, 29.86111035700003], [-89.3347568509999, 29.860631292000107], [-89.33475494399994, 29.85992175800004], [-89.33535957199996, 29.858430211000154], [-89.33535957199996, 29.857652013000063]]], [[[-89.2954902649999, 29.86012775200004], [-89.29654121399994, 29.859738652000146], [-89.29688262899992, 29.85937244200005], [-89.29724121099991, 29.859283447000053], [-89.29782867499995, 29.85941886900008], [-89.29861450199996, 29.860012054000038], [-89.30023193399995, 29.859922408999978], [-89.30045947099995, 29.860104863000174], [-89.29809245199993, 29.861298864000105], [-89.29734042499996, 29.861366882000027], [-89.29638671999993, 29.86086082500003], [-89.29557012099997, 29.860700282000153], [-89.2953568779999, 29.86028846199997], [-89.2954902649999, 29.86012775200004]]], [[[-89.32125002299995, 29.874791652000056], [-89.32101440399998, 29.874673842999982], [-89.32109069799998, 29.87442207300012], [-89.32159423799999, 29.87403297400016], [-89.3266372679999, 29.87215614300004], [-89.32686140499999, 29.872111496000173], [-89.32713755799989, 29.872292820999974], [-89.32690104499994, 29.872979467000164], [-89.32690104499994, 29.873620336000158], [-89.32718658399995, 29.87435340900015], [-89.32611088899995, 29.87497133700009], [-89.32554670499991, 29.875110518000156], [-89.32443046599991, 29.87476856000012], [-89.32348632799994, 29.874790192000148], [-89.3222362979999, 29.875430733000087], [-89.32159042399996, 29.87486011200002], [-89.32125002299995, 29.874791652000056]]], [[[-89.30831146199989, 29.881463353000072], [-89.30786132799989, 29.881441116000133], [-89.30708722599996, 29.881966893000026], [-89.30680084199997, 29.881965637000064], [-89.30618286099991, 29.881349564000175], [-89.30562591599994, 29.88116455100004], [-89.30339431799996, 29.880864445999975], [-89.30083523299993, 29.880180172000053], [-89.29911041399998, 29.880702972000165], [-89.29782160899998, 29.88075000500004], [-89.29627093499994, 29.881276433000096], [-89.29443034199988, 29.882172886999967], [-89.29009246799995, 29.882030487000122], [-89.28683471699998, 29.881345749000104], [-89.28749084499992, 29.881071091000138], [-89.28821630099998, 29.88102514900004], [-89.28929973699991, 29.881252364000147], [-89.29181734699995, 29.881116588000054], [-89.29372632799999, 29.88136706500012], [-89.29514312699996, 29.88095474200003], [-89.29574584999995, 29.880064011000115], [-89.29582405199989, 29.878918950000127], [-89.2965335849999, 29.8783238580001], [-89.29674529999994, 29.877958298000067], [-89.29677009599993, 29.877293889000043], [-89.29723157099994, 29.877085284000145], [-89.29797991799995, 29.87770587700004], [-89.29842376699997, 29.87782096900014], [-89.29895210299992, 29.877656285000057], [-89.30002975499991, 29.876488988000176], [-89.30001068099995, 29.875089645000116], [-89.30021851299989, 29.874860187000138], [-89.30087661699997, 29.874654119000127], [-89.30299658599989, 29.874197234000064], [-89.30353220999996, 29.874242131000187], [-89.30529459999997, 29.87486011200002], [-89.30605753899994, 29.87531787600011], [-89.30805206299993, 29.875532150000026], [-89.31161498999995, 29.8755874630001], [-89.31299591099997, 29.87522632300005], [-89.31392669699989, 29.875223160000075], [-89.31713625599991, 29.87438039300008], [-89.31769999599999, 29.874562566000122], [-89.31751688999998, 29.87486011200002], [-89.31612396199989, 29.875133514000083], [-89.31593951299999, 29.87529498800012], [-89.31599153499997, 29.875451056000088], [-89.31697964099999, 29.875295689000097], [-89.31759509099993, 29.875363652000146], [-89.31757029599993, 29.87553149900009], [-89.3159339909999, 29.87634052100003], [-89.31278094299995, 29.87669879600014], [-89.31217631499993, 29.876950567000108], [-89.31117686299996, 29.877751653000132], [-89.30973109299993, 29.877957647000073], [-89.30920410199997, 29.87834549000013], [-89.30920410199997, 29.879171371000155], [-89.30938720799992, 29.879537582000182], [-89.30983599699994, 29.87985736600018], [-89.31143951399991, 29.880224228000145], [-89.31217631499993, 29.880864445999975], [-89.31391009399994, 29.881097142000044], [-89.31393432599992, 29.881280899000103], [-89.31193542499989, 29.883203506000086], [-89.31158475399991, 29.88340884900009], [-89.31118792099988, 29.88340759400012], [-89.30973052999991, 29.881966893000026], [-89.30831146199989, 29.881463353000072]]], [[[-89.27734374999994, 29.88299369800012], [-89.27783966099992, 29.88191730200009], [-89.27811764699993, 29.881807105999997], [-89.27896881099991, 29.882261276000122], [-89.27939224299996, 29.8821004080001], [-89.27957916299988, 29.881826401000126], [-89.27960205099998, 29.881135940999968], [-89.27944946299988, 29.880126953000172], [-89.27918243399995, 29.87969333400008], [-89.2774219509999, 29.878823584000088], [-89.2774218319999, 29.878320352000173], [-89.27777938899999, 29.87825272499998], [-89.27868327199991, 29.878754918000084], [-89.27896881099991, 29.87875556900002], [-89.2798004149999, 29.877977371000156], [-89.28037862299993, 29.877976720000163], [-89.28194061499988, 29.878639295000028], [-89.28236389199998, 29.87861824000015], [-89.28286743199999, 29.878160477000165], [-89.28286361799996, 29.87733585100017], [-89.28260231099989, 29.876603429000113], [-89.28176879899996, 29.875364304000186], [-89.28055763199995, 29.87462741600018], [-89.27998026899996, 29.874650304000113], [-89.27940043399991, 29.875428501999977], [-89.27912902799994, 29.876668930000164], [-89.2779756459999, 29.876805608000097], [-89.27755514099994, 29.877357941000014], [-89.27711980999999, 29.877444806000028], [-89.27541542199998, 29.875970189000157], [-89.27477264399994, 29.875222509000082], [-89.27338409399988, 29.87433052099999], [-89.27242279099994, 29.87426185600009], [-89.27112063499999, 29.874421422000182], [-89.26891192499994, 29.875085180000042], [-89.26822662399991, 29.875526428000114], [-89.26767014099988, 29.876305917000025], [-89.26614379899996, 29.876825333], [-89.26559313799999, 29.87732822200013], [-89.2650149669999, 29.87827064700008], [-89.2643814089999, 29.878774643000042], [-89.26354273799996, 29.879071538000176], [-89.26199295399988, 29.87914057500012], [-89.26172828699993, 29.878976170999977], [-89.26172828699993, 29.878518407000115], [-89.26217460599992, 29.878312413000117], [-89.26348876999992, 29.87824756399999], [-89.26461982799998, 29.87758380600019], [-89.26528167699996, 29.87664222700016], [-89.26607513399989, 29.874647141000082], [-89.26589202899993, 29.873891830000048], [-89.26554870599995, 29.87361717200008], [-89.26399993899997, 29.87299919100019], [-89.26354980499991, 29.872586553000133], [-89.26344490099996, 29.872197454000172], [-89.26373481799993, 29.871232335000172], [-89.26448653799997, 29.871049973000027], [-89.26760101399992, 29.872472763000133], [-89.26930262799993, 29.872677380000084], [-89.27291870099998, 29.87238121000013], [-89.27747344999995, 29.873252868999998], [-89.27842712399996, 29.873186111000166], [-89.27898406999992, 29.8729801180001], [-89.28442382799989, 29.870000839000056], [-89.28564453099989, 29.869611740000096], [-89.28670501699992, 29.86972427400019], [-89.28826006899999, 29.86961108900016], [-89.28989085299997, 29.870255772999997], [-89.29031046899996, 29.870576207000056], [-89.2911224369999, 29.872682571000098], [-89.29193878199999, 29.873277664000057], [-89.29199218799994, 29.874105453000027], [-89.29291209399992, 29.874471013000118], [-89.29288482699991, 29.874767303000112], [-89.29267558099991, 29.874974553000186], [-89.29122924799998, 29.875610352000137], [-89.29108294499991, 29.875970189000157], [-89.29090881299993, 29.877702713000133], [-89.29109191899988, 29.87790870700013], [-89.2911725919999, 29.878434484000024], [-89.29206522999993, 29.87962848400008], [-89.29209135199989, 29.879949323000062], [-89.29182871899991, 29.880132024000147], [-89.29054125799996, 29.880338018000145], [-89.28983172499989, 29.880864445999975], [-89.28900146099994, 29.88088708700019], [-89.28883361899989, 29.88065910300014], [-89.28938293499988, 29.88017845200011], [-89.28922462499992, 29.879330938000123], [-89.29004096999995, 29.87868625400006], [-89.29004096999995, 29.8783238580001], [-89.28945922899999, 29.87822914100019], [-89.28766623999996, 29.878711685000155], [-89.28667472199999, 29.878551100000095], [-89.28641375599989, 29.879006688000118], [-89.28817423899989, 29.87926227300005], [-89.28854235699998, 29.879514043000086], [-89.28854235699998, 29.879903142000046], [-89.28717669499997, 29.88024646500014], [-89.28643798799993, 29.880931854000096], [-89.28618885999992, 29.881022446000088], [-89.28577423099989, 29.88086891200004], [-89.28551920899992, 29.88143665000007], [-89.28455716999991, 29.881617805000076], [-89.28438758899995, 29.881505315000027], [-89.28430948299996, 29.881116696000106], [-89.28494262699991, 29.880201340000042], [-89.28401975499997, 29.880105447000176], [-89.28320312499989, 29.88047599800018], [-89.2824445629999, 29.881116216000066], [-89.28241595299994, 29.8813679860001], [-89.28275927599992, 29.881985967000162], [-89.28244018599992, 29.88246727000012], [-89.28199528899995, 29.88278643800004], [-89.2774721049999, 29.88386279800011], [-89.27610644399988, 29.88486987800013], [-89.27574757399992, 29.884937107999974], [-89.27555274999997, 29.88480121300006], [-89.27555274999997, 29.88448077900017], [-89.27578926099994, 29.884229009000137], [-89.2764987949999, 29.88386279800011], [-89.27734374999994, 29.88299369800012]]], [[[-89.23764991799993, 29.888665502000094], [-89.23707580699988, 29.887886046999995], [-89.23722839399989, 29.887544632000072], [-89.23806953399998, 29.886853521000035], [-89.23841094999995, 29.886304855000105], [-89.23835945099995, 29.885365789000048], [-89.23817450599995, 29.885228510000104], [-89.23877716099997, 29.882546727000033], [-89.23848724399994, 29.88186073300011], [-89.23893737799989, 29.88119506800018], [-89.23893737799989, 29.880899429000124], [-89.2381582409999, 29.88089758600006], [-89.23706817599998, 29.879844666000167], [-89.23659515399999, 29.879594803000032], [-89.23656845099993, 29.879365270000108], [-89.2386703489999, 29.878102605000038], [-89.24048614499998, 29.87730217000012], [-89.24161529599996, 29.876276016000133], [-89.24240875199996, 29.874734879000073], [-89.24276208399988, 29.87444042900006], [-89.24316843999998, 29.874802892000105], [-89.2430648799999, 29.8753299710001], [-89.24327525199999, 29.87554675800004], [-89.24313792299989, 29.875970189000157], [-89.24214037899998, 29.876771276000056], [-89.24221038899998, 29.877271652000104], [-89.24297016599996, 29.877027982000186], [-89.24460211999991, 29.8774357690001], [-89.24563598599991, 29.87716102600018], [-89.24635763899994, 29.876702611000155], [-89.24670326499995, 29.87670325700003], [-89.24812316899994, 29.877044678000118], [-89.24903954299998, 29.87695541000005], [-89.24939592599998, 29.877114646000052], [-89.24929046599993, 29.87771034200017], [-89.24948883099995, 29.87783813500016], [-89.25004196199995, 29.877469365000024], [-89.25119018599992, 29.875970840000093], [-89.25174713099995, 29.87480163600003], [-89.25208663899997, 29.874413793000144], [-89.25275867699997, 29.87411716200006], [-89.25388694199995, 29.874183936000065], [-89.2553482059999, 29.873910904000184], [-89.25658416699991, 29.873018265000155], [-89.25711059499997, 29.872056310000062], [-89.25724220299992, 29.87104923000004], [-89.25656127899998, 29.87001419100011], [-89.2558765409999, 29.868504827000095], [-89.25550842399991, 29.868207280000092], [-89.2535858149999, 29.868116379000128], [-89.25167083699989, 29.868390386000158], [-89.25143444799988, 29.868203567000023], [-89.2516975399999, 29.867768590000026], [-89.25334455599994, 29.86699181500012], [-89.25442504899996, 29.867153168000073], [-89.2551422119999, 29.867085759000076], [-89.25790405299989, 29.866353989000118], [-89.26150378299991, 29.865964238000117], [-89.26268663499991, 29.866239155000017], [-89.26407623299997, 29.867292404000068], [-89.26733836199998, 29.868623082], [-89.26878222499988, 29.86901218100013], [-89.2689405349999, 29.869195287000025], [-89.26896667499994, 29.86979103100009], [-89.2685699459999, 29.87084770200005], [-89.26817759599993, 29.87151080800004], [-89.26777010899997, 29.871691578000082], [-89.26602172899999, 29.870774572000073], [-89.2648696899999, 29.870454788000075], [-89.2639694209999, 29.870500565000043], [-89.26281738299997, 29.871345520000034], [-89.26221140899992, 29.871529882000175], [-89.26213129999996, 29.87189990700017], [-89.26260375999999, 29.872262955000167], [-89.26278686499995, 29.872930527000165], [-89.26399668699997, 29.874600713000177], [-89.2640228269999, 29.875034332000098], [-89.26370867899993, 29.87544757600017], [-89.26304693599997, 29.875480687000163], [-89.26061248799988, 29.874557495000147], [-89.25851720799989, 29.875033892000033], [-89.25779342699997, 29.874966923999978], [-89.25658818599999, 29.874556691000066], [-89.25600489699997, 29.874600713000177], [-89.25363787699996, 29.875638311000046], [-89.25344714199997, 29.87741596000012], [-89.2528686529999, 29.87801170300014], [-89.25321063099994, 29.87856036900007], [-89.25318145799991, 29.878789902000108], [-89.25284251299996, 29.879067723000105], [-89.25299835199996, 29.8793659210001], [-89.25344714199997, 29.879502599000034], [-89.25490598199997, 29.879502599000034], [-89.25778198299992, 29.88042068500016], [-89.25788879399994, 29.88154411300019], [-89.25809916499998, 29.88184100800015], [-89.25899371199989, 29.882413213000177], [-89.25899371199989, 29.883675878000076], [-89.25920104999989, 29.88424873400004], [-89.2610397329999, 29.885873795000123], [-89.2627487179999, 29.886495590000152], [-89.2648238779999, 29.886699840000176], [-89.26464080799997, 29.887067795000178], [-89.2633272089999, 29.887822454000172], [-89.26264190699993, 29.88899040200016], [-89.2620534319999, 29.889241521000088], [-89.25943756199996, 29.886972427000103], [-89.25775909399988, 29.886217117000115], [-89.25436266899999, 29.886330907000115], [-89.25220736499989, 29.886693303000072], [-89.25100707999997, 29.887126923000096], [-89.24969482499995, 29.887101475999998], [-89.24837493899997, 29.886734009000065], [-89.24686431899994, 29.886552811000172], [-89.24619349499994, 29.88660175100017], [-89.24527415299991, 29.88696796199997], [-89.24487933199993, 29.887265508000098], [-89.24451121399994, 29.88788348900016], [-89.24370984599989, 29.88840991699999], [-89.24326352599991, 29.88840991699999], [-89.24172401499999, 29.887631719000126], [-89.24031857999995, 29.88772327200013], [-89.23983001699997, 29.887176514000032], [-89.23941039999994, 29.88715553300017], [-89.23888397199994, 29.88756752000006], [-89.23864746099997, 29.88800239600016], [-89.23867663399989, 29.888482396000086], [-89.23882741399996, 29.888614787999984], [-89.23932078999991, 29.88850739300011], [-89.23941039999994, 29.888870239000084], [-89.23833521899991, 29.890107458000045], [-89.23741587699993, 29.891965215000027], [-89.23725891099991, 29.894256592000147], [-89.2365232379999, 29.894990270000108], [-89.23538970899989, 29.8955173490001], [-89.23487695199992, 29.896018305000155], [-89.23462811399997, 29.895950703999972], [-89.2342872619999, 29.895425145000104], [-89.23420715399993, 29.89467048600011], [-89.23538970899989, 29.89343452500009], [-89.23728179899996, 29.890684128000146], [-89.23762512199994, 29.889467239000112], [-89.23764991799993, 29.888665502000094]]], [[[-89.32185363899998, 29.896673202999978], [-89.32184982299998, 29.895963018000145], [-89.32143402099996, 29.895025253000085], [-89.32053565999996, 29.894223516000068], [-89.31967163099989, 29.893880844000137], [-89.31964122099993, 29.893743421000067], [-89.32184982299998, 29.89215976400004], [-89.32242774999992, 29.892091100000016], [-89.32276916499995, 29.891839330000153], [-89.32287597699991, 29.89081001300019], [-89.3238754269999, 29.889574051000068], [-89.32431029899999, 29.88945961700017], [-89.32509649099995, 29.8898147970001], [-89.32562255899995, 29.889570236000168], [-89.32609558099995, 29.889570236000168], [-89.32704676999992, 29.889868152000133], [-89.32765960699993, 29.88977557900006], [-89.32805476399994, 29.889458958000034], [-89.32958221399991, 29.88929557800003], [-89.33262824999997, 29.888242070000047], [-89.33565521199989, 29.88604164100019], [-89.33619176099995, 29.88572341200006], [-89.33644104099989, 29.88581275900009], [-89.33522796699998, 29.88769340500005], [-89.33509826699998, 29.888608932000068], [-89.33465250999996, 29.88975269100007], [-89.33360156199996, 29.89076358500006], [-89.33344268799993, 29.89149665800005], [-89.33354949999989, 29.891518772000097], [-89.33354949999989, 29.892457962000037], [-89.33309164099995, 29.89282226100005], [-89.33158874499998, 29.89252662700011], [-89.3307100209999, 29.892617528000073], [-89.33034190199999, 29.892846410000175], [-89.32934435899989, 29.894681279000054], [-89.32939585699995, 29.895596807000118], [-89.32910784799992, 29.896031682000114], [-89.32905444199997, 29.896466558000043], [-89.32821330099989, 29.8977254080001], [-89.32791165899994, 29.897839849000093], [-89.32706451399997, 29.897270203000176], [-89.32635806699989, 29.897381515000177], [-89.32547769099995, 29.89724477600015], [-89.32603454599996, 29.89628410300014], [-89.32579910399988, 29.89589864100003], [-89.32450732299998, 29.896146123000108], [-89.32411250299998, 29.896489446000146], [-89.32388864799992, 29.896511394000186], [-89.32351447199989, 29.89622057800011], [-89.32237681399988, 29.897179906000076], [-89.32162518199999, 29.899079228000062], [-89.3212206909999, 29.89898813900004], [-89.32185363899998, 29.896673202999978]]], [[[-89.34254455599995, 29.90226173299999], [-89.34246826199995, 29.901323318000095], [-89.34222793599997, 29.900864904000173], [-89.34178161599988, 29.900541306000036], [-89.34022903399995, 29.900151555000036], [-89.34065246599994, 29.898939133000056], [-89.34049987799989, 29.89862251300019], [-89.33949336099994, 29.89923602800002], [-89.33881052999999, 29.899396245000048], [-89.33796729799997, 29.900567674000115], [-89.33738899299999, 29.90056735700017], [-89.33738899299999, 29.899968450000074], [-89.33754730199996, 29.899652481000146], [-89.33823013299997, 29.899167363000117], [-89.33854675299995, 29.898664473999986], [-89.33850860599989, 29.896371841000132], [-89.33871459899996, 29.896371841000132], [-89.33983477599992, 29.897244756000134], [-89.34080505399993, 29.897680283], [-89.34279453999994, 29.89763461600006], [-89.34327697799989, 29.89784050000003], [-89.34348925599988, 29.89811450700006], [-89.34359606799995, 29.89870960000019], [-89.34335955599988, 29.899968450000074], [-89.34425369199988, 29.901180914000008], [-89.34441241399998, 29.901803319000123], [-89.3441078379999, 29.902191111000036], [-89.3433898049999, 29.901899354000136], [-89.34283447299998, 29.90232849100005], [-89.34254455599995, 29.90226173299999]]], [[[-89.33839416499995, 29.908308028000135], [-89.33800668099991, 29.908127061000187], [-89.3369041489999, 29.90840134300015], [-89.33543659899999, 29.90801559200014], [-89.33313235299994, 29.908494298000107], [-89.33225087699992, 29.908906284000068], [-89.33190946099995, 29.908906284000068], [-89.33192443799993, 29.908060074000048], [-89.33236885099996, 29.90723544800005], [-89.33226776099991, 29.906179428000087], [-89.33265685999993, 29.90581321700006], [-89.33376312299993, 29.90544700600003], [-89.33555030799988, 29.904301946000146], [-89.33673275299998, 29.901414332000172], [-89.33703479999997, 29.901325462999978], [-89.33712768499993, 29.90207862900013], [-89.33736419699989, 29.902559280000048], [-89.33715057399996, 29.90333557100007], [-89.33746966299998, 29.90398151100004], [-89.33773040799997, 29.904165268000042], [-89.33804702799989, 29.90416461700005], [-89.33865356399997, 29.90358924900005], [-89.33854679899997, 29.90265074900003], [-89.33870697099997, 29.902376175000086], [-89.33957346999989, 29.902650182000116], [-89.33975657599996, 29.903359716000182], [-89.33917864799992, 29.90418369000014], [-89.33914947499989, 29.904479980000133], [-89.33939334799999, 29.904642115000172], [-89.34015083299988, 29.903748815000142], [-89.34067661499995, 29.903428773000144], [-89.34134674199998, 29.903291702000047], [-89.34354400699999, 29.90331458999998], [-89.34401702899993, 29.903154373000177], [-89.34428024299996, 29.902947728000186], [-89.34472656199995, 29.902074163000123], [-89.34538268999995, 29.901868820000118], [-89.34559631299999, 29.900838852000163], [-89.34506988499993, 29.89996910100001], [-89.3444366459999, 29.897726059000092], [-89.34327697799989, 29.897083282000096], [-89.34247997999995, 29.896901184000114], [-89.34192434999989, 29.89698777300009], [-89.34178161599988, 29.896856308000167], [-89.34172824299992, 29.89618851600011], [-89.34196472099995, 29.89527130099998], [-89.34216308599991, 29.895112991000076], [-89.34273938699994, 29.895112340000082], [-89.34435709999991, 29.89621097300011], [-89.34583049999998, 29.89639444100004], [-89.3471135559999, 29.89680512500007], [-89.34919510899994, 29.89678352600015], [-89.34977396999994, 29.8970578360001], [-89.35003662199989, 29.897903442000086], [-89.34935435299997, 29.899464910000177], [-89.34893035899995, 29.89990043600011], [-89.34730529799998, 29.9007225040001], [-89.34632873499999, 29.901433945000065], [-89.34417590299995, 29.903954808000037], [-89.34370097199991, 29.905125921000035], [-89.34336090099993, 29.90679740900015], [-89.3429399399999, 29.907620733000044], [-89.34194048899991, 29.908398931000136], [-89.33970642099996, 29.908561707000104], [-89.33890370899991, 29.90911227900017], [-89.33789086199994, 29.908998063000126], [-89.33831214899999, 29.908677404000173], [-89.33839416499995, 29.908308028000135]]], [[[-89.35075187799993, 29.913209263000056], [-89.34785842899998, 29.912774389000106], [-89.34617671199993, 29.91300327000016], [-89.34554290799997, 29.91345977800006], [-89.34503173799999, 29.913528442000086], [-89.34478187699989, 29.91334659300003], [-89.34478187699989, 29.913094823000165], [-89.34509658799999, 29.912545507000004], [-89.34478187699989, 29.912339513000006], [-89.34454137899996, 29.912297688000024], [-89.3437805179999, 29.912818909000066], [-89.34305808499994, 29.912865467000188], [-89.3421325679999, 29.912614821999966], [-89.34117889399994, 29.912612915000068], [-89.34117889399994, 29.91234016400017], [-89.34148406999998, 29.912042618000044], [-89.34275627099998, 29.91199619000014], [-89.34346771299988, 29.910852432000183], [-89.3447799679999, 29.910257339000054], [-89.34559631299999, 29.909223557000132], [-89.34651946999998, 29.90718650800011], [-89.34679412899993, 29.906980514999987], [-89.34734372599996, 29.906979863000117], [-89.35004099899993, 29.908307378000075], [-89.35172271699997, 29.908582687000035], [-89.3521181019999, 29.908788030000096], [-89.35222300699996, 29.909085576000166], [-89.35203989999991, 29.909543340000027], [-89.35106658899997, 29.91020774800012], [-89.35106658899997, 29.910709381000174], [-89.35156249999994, 29.91173744200006], [-89.35190772999994, 29.911671941000066], [-89.35274887099996, 29.91034442600005], [-89.35305023199993, 29.91011619599999], [-89.35348510699998, 29.910161972000083], [-89.35385131799995, 29.910551071000043], [-89.35398539599998, 29.911305730000038], [-89.35430145299989, 29.911603928000034], [-89.35430145299989, 29.91194724999997], [-89.35398730299994, 29.912427251000167], [-89.35459136999992, 29.912748337000096], [-89.35448455799997, 29.91316413900006], [-89.35330200099992, 29.91348457300012], [-89.35286712599998, 29.91387176500018], [-89.35075187799993, 29.913209263000056]]], [[[-89.43473815899989, 29.994148254000038], [-89.43344497699991, 29.992478673000164], [-89.43365478499993, 29.991788864], [-89.43418106299998, 29.99176590100018], [-89.43441772499995, 29.992547338000065], [-89.43476104599989, 29.99293708800019], [-89.4362068179999, 29.993920629000115], [-89.43701934799998, 29.994104385000014], [-89.43844604599991, 29.994012833000113], [-89.43883514399994, 29.99412727400005], [-89.4394435879999, 29.994607274000145], [-89.44049835199996, 29.994882584000038], [-89.44075775099998, 29.996232986000052], [-89.44189262399999, 29.996968572000128], [-89.44252395599989, 29.997884099000146], [-89.44344329799992, 29.99852562000018], [-89.44341850299992, 29.998982732000172], [-89.44299316399997, 29.999555588000135], [-89.44278716999992, 30.00026447000016], [-89.44260406599994, 30.00035476700009], [-89.44236755399993, 30.000173569000026], [-89.44104957699994, 29.997769658000152], [-89.44026184199993, 29.99701118500019], [-89.4388656619999, 29.996209447000126], [-89.43563079799992, 29.995477676000064], [-89.43512916599991, 29.994996373000106], [-89.43473815899989, 29.994148254000038]]], [[[-89.38809394799995, 30.053510015000086], [-89.38765525799988, 30.053464238000117], [-89.38719940199991, 30.053693120000048], [-89.38672637899992, 30.053258245000052], [-89.38574028099998, 30.053262060000122], [-89.38424812799997, 30.05401355500004], [-89.38298034799993, 30.05389595000014], [-89.38211822499994, 30.054447174000074], [-89.37803459299994, 30.053963964000104], [-89.37551307699994, 30.05423862200007], [-89.37442398099995, 30.053822820000107], [-89.37137031599991, 30.05347949700007], [-89.37068846199998, 30.05361624699998], [-89.37081909299997, 30.053182602000106], [-89.37115770299988, 30.05306781100012], [-89.37426567099993, 30.05278903700014], [-89.37504577599998, 30.052976608000108], [-89.37504577599998, 30.05176353500019], [-89.37408065699998, 30.05159885100005], [-89.37252807599998, 30.052010839000047], [-89.37150001499998, 30.0508664300001], [-89.37094879199992, 30.050523757999997], [-89.36970901499996, 30.05008823100013], [-89.36836830499993, 30.050202496000054], [-89.36797332799995, 30.04985809300007], [-89.36794471699989, 30.04953891500014], [-89.36807982099998, 30.04947106100002], [-89.37023925799991, 30.049699783000165], [-89.37215423599991, 30.049104691000082], [-89.37252616899997, 30.049630467999975], [-89.37313270599998, 30.049928014000102], [-89.37368774499998, 30.049951553000028], [-89.37577247699988, 30.04915363000015], [-89.37769508399998, 30.047204320000162], [-89.37843322799995, 30.04612857600017], [-89.3799095149999, 30.044503514000155], [-89.38019943199998, 30.043748203999996], [-89.38009643399988, 30.04168510400001], [-89.38020324599995, 30.04106521600005], [-89.37964820899992, 30.04021960900019], [-89.37901687599992, 30.040105169000128], [-89.37835884099991, 30.04021960900019], [-89.37767410299995, 30.04072315000019], [-89.37725257899996, 30.040791813999988], [-89.37590789799992, 30.039665222000053], [-89.37504577599998, 30.039209366000193], [-89.37415293299995, 30.038976462000107], [-89.3727817539999, 30.037717167999972], [-89.37246704099988, 30.037099838000074], [-89.37254524199994, 30.03657275900008], [-89.3733863839999, 30.035035436000157], [-89.37375253499994, 30.03320490700014], [-89.37578402199995, 30.0328429060001], [-89.37612151999991, 30.033002853000085], [-89.37636184699988, 30.033574407000117], [-89.37691306999994, 30.034100835000174], [-89.37873077399996, 30.034883499000102], [-89.38096618699996, 30.03547859200006], [-89.38333892799994, 30.035730362000095], [-89.38546752899998, 30.03571128800013], [-89.38660430899995, 30.035345078000034], [-89.3879699719999, 30.035253525000144], [-89.38936614999994, 30.034909551000112], [-89.38957786599997, 30.035001104000173], [-89.38981437699988, 30.03534442600011], [-89.38996887199988, 30.036487579000152], [-89.38989067099999, 30.03799945600008], [-89.39083862399991, 30.039925878000133], [-89.39086532599998, 30.040520971000092], [-89.38999557499989, 30.040772741000126], [-89.38975906399997, 30.04102451100016], [-89.38851928699995, 30.043638229000067], [-89.38920417299994, 30.043866680000065], [-89.38938903799999, 30.04414176900019], [-89.38980865499997, 30.045995061000042], [-89.39035797099996, 30.046064377000107], [-89.3922575819999, 30.046915006000006], [-89.39212608299994, 30.04810458900016], [-89.3923873899999, 30.04851722700016], [-89.39265060399993, 30.048447911000096], [-89.39257430999999, 30.04778415400017], [-89.39286231999995, 30.04762393700014], [-89.3927612299999, 30.04711914100011], [-89.39378547699994, 30.046639745000107], [-89.39415359499992, 30.046273533000146], [-89.39441680899995, 30.045331304000115], [-89.39462852499997, 30.045197789000156], [-89.39689254799998, 30.045014684000023], [-89.3987102509999, 30.044465368000033], [-89.40031553699998, 30.04361887500005], [-89.40110588099998, 30.043435399000145], [-89.40223693799993, 30.043756485000074], [-89.40252685499996, 30.04416847100009], [-89.40244293199993, 30.04501533500013], [-89.4039001459999, 30.04501533500013], [-89.40566253599997, 30.044305801000064], [-89.40628838099997, 30.044395748000113], [-89.40650176999998, 30.0446713610001], [-89.40642356899997, 30.046277349000093], [-89.40760803199998, 30.04797172500014], [-89.40760803199998, 30.0482457330001], [-89.40597534199992, 30.04913837200013], [-89.40542530999988, 30.049343187000147], [-89.40394782999994, 30.049504583000157], [-89.40357780499988, 30.04984790500015], [-89.40281486499998, 30.051453893000144], [-89.40286636299999, 30.05193454500011], [-89.40315246599994, 30.052484512000092], [-89.40305137699994, 30.052598302000092], [-89.40126047599989, 30.051911706000112], [-89.40131378199993, 30.051588058000164], [-89.40165710399992, 30.051269531000173], [-89.39739036599997, 30.04952747100009], [-89.39696884199998, 30.049619024000094], [-89.39617919899996, 30.05023700400011], [-89.39507293799988, 30.050214116000177], [-89.39430999899992, 30.05055618300014], [-89.39344024699989, 30.051541631000134], [-89.39330863899994, 30.05280048100019], [-89.39288346299992, 30.053029928000058], [-89.39128112799995, 30.05334979700018], [-89.39052486499997, 30.054074590000027], [-89.38985824699989, 30.054425542000104], [-89.38951492299998, 30.054448430000036], [-89.38904190099993, 30.053944890000082], [-89.38821410999992, 30.05374145500008], [-89.38809394799995, 30.053510015000086]]], [[[-88.62127685499996, 30.359130859000118], [-88.62420654199997, 30.35852050799997], [-88.62310790999993, 30.363708496000072], [-88.6193237299999, 30.364501953000115], [-88.61462402299998, 30.366088867000144], [-88.61688232399996, 30.36187744099999], [-88.62127685499996, 30.359130859000118]]], [[[-88.82232665999993, 30.3652954100001], [-88.81988525399998, 30.362121582000043], [-88.82409667999991, 30.363098145000095], [-88.82879638699995, 30.364929199000073], [-88.84887695299989, 30.373901367000087], [-88.85260009799993, 30.37567138700018], [-88.85461425799997, 30.37811279300007], [-88.85131835899995, 30.378906250000057], [-88.84838867199988, 30.37811279300007], [-88.84191894499997, 30.375488281000116], [-88.83648681599993, 30.374084473000153], [-88.83288574199997, 30.372680664000086], [-88.82940673799999, 30.371093750000057], [-88.82531738299997, 30.368286132000094], [-88.82232665999993, 30.3652954100001]]], [[[-88.90112304799999, 30.422729492000087], [-88.90350341799996, 30.42010498000019], [-88.90722656299988, 30.422485351999967], [-88.90112304799999, 30.422729492000087]]], [[[-89.9774557739999, 29.46328130400002], [-89.97722024199999, 29.463430755000047], [-89.97644623499997, 29.461835303000043], [-89.97556498199998, 29.46317948500007], [-89.97439726099992, 29.46316678700009], [-89.97397354299994, 29.462293364000175], [-89.97321282699988, 29.462685302000125], [-89.97251606299994, 29.463451875000032], [-89.97324519799997, 29.46415238999998], [-89.97196641499994, 29.464772832000165], [-89.97197720499997, 29.464239304000102], [-89.97082290499992, 29.4634824690001], [-89.96991230899988, 29.46443024000007], [-89.97104765899996, 29.46498107200017], [-89.97031141899998, 29.465338204000034], [-89.96874313899997, 29.46534892900013], [-89.96896296599988, 29.46654736400012], [-89.96839705999997, 29.46700070200012], [-89.9688968349999, 29.468460946000164], [-89.96941123499994, 29.468955240000184], [-89.97025088699996, 29.470531369000128], [-89.97117424799995, 29.470979299000078], [-89.97040813599989, 29.471350973000085], [-89.96648111999997, 29.468015597000146], [-89.96407725699993, 29.46751162400011], [-89.96376773299988, 29.468367367000155], [-89.9642925259999, 29.469564438000134], [-89.96387290999996, 29.469884872000023], [-89.95955467199991, 29.47052574200012], [-89.95934677099996, 29.47075462300012], [-89.95970916699991, 29.47160148600011], [-89.96010589599996, 29.47157859800018], [-89.96057855899988, 29.471304149000105], [-89.9613094319999, 29.47160148600011], [-89.96125793499988, 29.47199058500007], [-89.9606622419999, 29.47253112100003], [-89.9598531609999, 29.47259146200014], [-89.95972570999993, 29.473083061000068], [-89.95797780899994, 29.47415729200003], [-89.95582934599997, 29.472864572000162], [-89.95499180999997, 29.472864572000162], [-89.95476531999992, 29.47355079700003], [-89.95476531999992, 29.473985672000026], [-89.95523834199992, 29.474809647000086], [-89.95693999199995, 29.474466816000074], [-89.95695819899993, 29.475195108000094], [-89.95621169899988, 29.476287546000094], [-89.95624811499988, 29.477106876000164], [-89.95570189499989, 29.477234327000133], [-89.95515567599989, 29.477835167000137], [-89.95492553699995, 29.47902488700015], [-89.95521545499997, 29.47902488700015], [-89.95610427899999, 29.478178024000158], [-89.95777893199988, 29.47788047800009], [-89.95822334299999, 29.47728157000006], [-89.95809173599991, 29.475473404000013], [-89.9586140159999, 29.475153081000087], [-89.95968818699993, 29.475038528000084], [-89.95989990199996, 29.474763870000118], [-89.95995330799997, 29.474123001000123], [-89.96084022499997, 29.473848343000157], [-89.96123504599996, 29.473001480000164], [-89.96212005599989, 29.471876144000134], [-89.96232986499996, 29.47128105200005], [-89.96327209499992, 29.470800400000087], [-89.96361160299995, 29.47084617600018], [-89.96503482899993, 29.471819763000155], [-89.96409318899998, 29.472201144000167], [-89.96289833399999, 29.473623590000102], [-89.9628414359999, 29.474932240000044], [-89.96161813199996, 29.477890928000022], [-89.9613620909999, 29.479256476000046], [-89.9623293549999, 29.48121945200012], [-89.96199035599994, 29.482801436999978], [-89.96144485499991, 29.483304977000103], [-89.96118164199999, 29.484106064000002], [-89.96079254199992, 29.4840373990001], [-89.96044921899994, 29.48335075400007], [-89.9606056209999, 29.48268699600004], [-89.96125984199995, 29.481817245000116], [-89.96139526399998, 29.4811992650001], [-89.96133804399994, 29.4804668430001], [-89.96118164199999, 29.48023796100017], [-89.96002960199996, 29.480421066000133], [-89.9586410519999, 29.48023796100017], [-89.95830345199994, 29.48058128400004], [-89.95858764599996, 29.480947495000066], [-89.95859146099997, 29.481267929000126], [-89.95691490299998, 29.481611251999993], [-89.95626068099995, 29.48195457500009], [-89.95607757599998, 29.482229233000055], [-89.95610427899999, 29.482755661000112], [-89.95683669999994, 29.484632491000127], [-89.95712280299995, 29.484956741000133], [-89.95793724099991, 29.48518180800005], [-89.95871249399994, 29.485957628000108], [-89.95956032299995, 29.486053622000043], [-89.96061829999991, 29.485237045000076], [-89.96195919299998, 29.485435219000124], [-89.96241817599997, 29.486029804000054], [-89.96220539599994, 29.48746906000008], [-89.96229000799991, 29.487878698000088], [-89.96309849199997, 29.488209578000067], [-89.96333679899993, 29.48851841800007], [-89.96411764899989, 29.488403014000085], [-89.96466742799998, 29.489115175000165], [-89.96495021399994, 29.490130780000072], [-89.96579606799992, 29.491447724000125], [-89.96714090899991, 29.492251997000153], [-89.96737566399997, 29.49295474800016], [-89.96554433799997, 29.493464722000056], [-89.96440170199998, 29.49470734800019], [-89.96513938899989, 29.49502754200006], [-89.9667358399999, 29.495279312000093], [-89.96846370599997, 29.494798735000188], [-89.97014206199998, 29.495541461000187], [-89.96999415599993, 29.49654246000017], [-89.96805505799989, 29.496059660000185], [-89.96836534499988, 29.49824232900005], [-89.96821888699992, 29.499797843000124], [-89.96907579499998, 29.50058231200012], [-89.96931581299992, 29.501557387000048], [-89.96969150099994, 29.50205045200005], [-89.96922606999999, 29.50282215600015], [-89.9694085839999, 29.504057581000154], [-89.97116595599988, 29.503797890000044], [-89.97182640199992, 29.50389546300005], [-89.97169244499992, 29.504384185000163], [-89.97048195599996, 29.505731658000173], [-89.9689974989999, 29.50440905500011], [-89.96879840499992, 29.504948044000173], [-89.96890640299989, 29.506273270000065], [-89.96854019199998, 29.506917953000027], [-89.96701812599997, 29.508176804000186], [-89.96610259999989, 29.50941276600014], [-89.96545410199997, 29.50943946800004], [-89.96646881099991, 29.510190964000003], [-89.96738815299994, 29.51165580700018], [-89.96762084999995, 29.513261795000176], [-89.9685792919999, 29.513778687000126], [-89.96977233899997, 29.514909744000192], [-89.96978979699998, 29.515946724000003], [-89.96940612799995, 29.516969681000035], [-89.96779464299993, 29.51638912700014], [-89.96804618799996, 29.519533157000183], [-89.96737869699996, 29.51853692100019], [-89.96690009899999, 29.518262824000146], [-89.96694183299996, 29.520383835000075], [-89.9666061399999, 29.520887375000143], [-89.9662261009999, 29.520455428000048], [-89.96489270799998, 29.517470394000156], [-89.96354103099998, 29.516214371000046], [-89.96324383599989, 29.51545497300009], [-89.96278381299993, 29.514978409000094], [-89.96220397899992, 29.51511573800019], [-89.96191787699996, 29.516305923000175], [-89.96236419699994, 29.51724433900017], [-89.96236299199995, 29.517633751000062], [-89.96209973099991, 29.517701444000068], [-89.96147346499998, 29.51731681800004], [-89.96039962799995, 29.51731681800004], [-89.96013832099999, 29.51715660100001], [-89.95995521499992, 29.516763687000036], [-89.95901107799989, 29.516492844000084], [-89.95899200499997, 29.5159549710001], [-89.95953559899993, 29.515207291000024], [-89.95859336899997, 29.515207291000024], [-89.9577789309999, 29.51623725900015], [-89.95772552499994, 29.517271042000175], [-89.95704650899995, 29.5174083710001], [-89.95754935799988, 29.517842238000185], [-89.95877689499997, 29.517797612000038], [-89.95932578999998, 29.518163681000033], [-89.95946806499995, 29.518539599000064], [-89.96047973599997, 29.5181407930001], [-89.96110534699989, 29.51807212800003], [-89.96134185799991, 29.518186569000136], [-89.96075947899993, 29.51908281600015], [-89.95855618299998, 29.518624101000114], [-89.9566486729999, 29.519989134000184], [-89.95626025099989, 29.52099256000008], [-89.95472038799994, 29.52145105400018], [-89.95355366999996, 29.522127220000186], [-89.95236043599994, 29.52186205600009], [-89.95212554899996, 29.522745132000125], [-89.95005088499988, 29.522767610000017], [-89.94928413899993, 29.523042022000027], [-89.94751739499998, 29.524530411000114], [-89.94696807899999, 29.524530411000114], [-89.94652557399996, 29.524026871000046], [-89.94652175999988, 29.52503395100007], [-89.94819831799998, 29.524942398000007], [-89.94885413399999, 29.524576361000015], [-89.94927215599995, 29.524621964000175], [-89.94961166399997, 29.525125504000073], [-89.95013427699996, 29.527597427000046], [-89.95086669899996, 29.528951645000006], [-89.95094871599991, 29.5295238490001], [-89.95071411099997, 29.530324936000056], [-89.94943046699996, 29.530897141000082], [-89.94859313999996, 29.530897141000082], [-89.94856262199994, 29.531057358000055], [-89.94934844999995, 29.531538010000077], [-89.95027160599994, 29.531309128000146], [-89.9505558009999, 29.530988693000154], [-89.95092152499996, 29.53087440400003], [-89.95165634199992, 29.531240463000017], [-89.95170593299997, 29.53188133200007], [-89.95241546699992, 29.534013748000064], [-89.9523849489999, 29.53520393400015], [-89.95320129399994, 29.535158157000183], [-89.9534626009999, 29.534837723000123], [-89.95474624599996, 29.534170151000126], [-89.95621490499997, 29.534101486000054], [-89.95665931699989, 29.533735275000026], [-89.95883178699995, 29.532957077000162], [-89.95967102099996, 29.5328655240001], [-89.96336173999998, 29.53323173500013], [-89.96409606899988, 29.53346061700006], [-89.96535491899994, 29.53325462300006], [-89.96700286899988, 29.53339195300009], [-89.96860122699997, 29.53405571000019], [-89.96912383999995, 29.534559250000086], [-89.97011947599998, 29.534948349000047], [-89.97090530399998, 29.53483009300004], [-89.97145461999997, 29.53453254700014], [-89.97258580099998, 29.533280038000157], [-89.97309234199997, 29.533184412000026], [-89.97428131099991, 29.533662795999987], [-89.9761943819999, 29.533914566000078], [-89.97706010599995, 29.53510483400015], [-89.97792053199993, 29.535310745000004], [-89.97886657799995, 29.53656959500006], [-89.97917938199998, 29.537805557000013], [-89.97957420299997, 29.538286209000034], [-89.98007202099996, 29.538515091000136], [-89.98070144699989, 29.538515091000136], [-89.98135566699995, 29.538240433000112], [-89.98172187799997, 29.53785133399998], [-89.98190498399998, 29.53700447099999], [-89.98258972199989, 29.53661537200003], [-89.98368072499994, 29.536687851000124], [-89.98399310699995, 29.536183003000076], [-89.98240024399996, 29.535192291000158], [-89.9812522609999, 29.53504951700006], [-89.9808378869999, 29.533599800000104], [-89.98022639199996, 29.532559587000094], [-89.98115212199997, 29.532169492000094], [-89.97994847599995, 29.531325742999968], [-89.9790248519999, 29.530253752000192], [-89.97791331899998, 29.530343100000152], [-89.97924078999995, 29.528910621000193], [-89.98095315899997, 29.52852157800004], [-89.98222523199996, 29.527313656000103], [-89.98263091999996, 29.525966183000094], [-89.98323044099999, 29.526223703000085], [-89.98467278899994, 29.52437066500005], [-89.9862676489999, 29.524079722000067], [-89.98741168499998, 29.5231838630001], [-89.98858730199993, 29.522659283000053], [-89.98899930699997, 29.5208457870001], [-89.99025782599995, 29.52125252899998], [-89.9904171799999, 29.523235907000128], [-89.99004057199988, 29.524079722000067], [-89.98950197799991, 29.524543771000026], [-89.99068522799996, 29.52489998200008], [-89.99117526499998, 29.525778208000077], [-89.99163753799996, 29.527313656000103], [-89.99220389799996, 29.528094769000177], [-89.99302974999995, 29.52821681800009], [-89.99535058799995, 29.529129257000136], [-89.99798146799998, 29.528547365000122], [-90.00094391499994, 29.528142866000167], [-90.0016014659999, 29.528487234000067], [-90.00103313199992, 29.528925952000122], [-90.00193267499992, 29.52929413800001], [-90.00192793799988, 29.53013209800008], [-90.00313013599998, 29.529954518000125], [-90.00266523199997, 29.529183801000045], [-90.0033705489999, 29.528516381000088], [-90.00270720899988, 29.528316695000058], [-90.00324580299997, 29.527852645000053], [-90.00377597599993, 29.526455695000095], [-90.00542358499996, 29.52625684100019], [-90.00560888099989, 29.52590381100009], [-90.00598640999999, 29.52301891600007], [-90.00753671799998, 29.52308714200018], [-90.00826755699995, 29.52260280500019], [-90.00886255299991, 29.522494271000085], [-90.00705122899996, 29.522082791000116], [-90.00674540499989, 29.519792324000036], [-90.00722586499995, 29.519062737000183], [-90.00726821999996, 29.518130841000186], [-90.00832914299991, 29.51760968100001], [-90.00830237799994, 29.516257539000094], [-90.00924668699997, 29.51642799500013], [-90.00940785899991, 29.51592468400014], [-90.0095689239999, 29.515041655000175], [-90.00899953799996, 29.515685652000116], [-90.00815460399997, 29.51579072600009], [-90.00772957099997, 29.515067644000112], [-90.00861153099993, 29.514342667000108], [-90.00909770399994, 29.51342409500012], [-90.0091307319999, 29.511803905000193], [-90.00950931399996, 29.51090541400015], [-90.01260415799999, 29.510755139000082], [-90.01212806899991, 29.509840529000087], [-90.01002751299995, 29.509814606000134], [-90.00923481999996, 29.50913172500003], [-90.00876044099988, 29.507765303000156], [-90.00843186299988, 29.50767305800008], [-90.0075454709999, 29.50640678400009], [-90.00662994399994, 29.505441666000024], [-90.00662994399994, 29.505121231000032], [-90.0075187679999, 29.504388809000034], [-90.0074691769999, 29.50397682200014], [-90.00707244899996, 29.50374794000004], [-90.00652313299997, 29.504228592000175], [-90.00474357699989, 29.504686356000036], [-90.00430251799992, 29.504709071000036], [-90.00393676799996, 29.504457474000105], [-90.00443267799994, 29.503770828000143], [-90.00445747399993, 29.50260353100009], [-90.00382995599989, 29.501340866000135], [-90.00393676799996, 29.501180649000162], [-90.00532531699997, 29.500650405000158], [-90.00722885099992, 29.49783515900009], [-90.00691223099994, 29.497789383000054], [-90.00659942699997, 29.498018265000155], [-90.00591850299992, 29.49879646300002], [-90.00550049999998, 29.498910464000176], [-90.00531768799999, 29.498636246000046], [-90.0049495699999, 29.49849891700012], [-90.00473785399998, 29.49865913400015], [-90.0044250489999, 29.49948310900004], [-90.00398063699993, 29.499830246000045], [-90.00293731799991, 29.499841648000086], [-90.00296020499997, 29.49918556199998], [-90.00196838399995, 29.499067307000075], [-90.00207137999996, 29.49849510200005], [-90.00125884999994, 29.497785568000154], [-90.00118255599995, 29.49728775000017], [-90.0019454959999, 29.496503830000165], [-90.00233459499998, 29.495656967000173], [-90.00191497799989, 29.49542808500007], [-90.00076484699997, 29.495450974000107], [-90.0003929149999, 29.494901657000185], [-89.99898529099988, 29.49366569500006], [-89.99882612099992, 29.492820331000132], [-90.00052348899993, 29.492201073000047], [-89.99970848999993, 29.490989582000054], [-89.99903869599996, 29.490915298000118], [-89.99893188499999, 29.490343094000025], [-89.99814605699999, 29.48995399500012], [-89.99743780199998, 29.489999345000115], [-89.99720191999995, 29.489839554000127], [-89.9971771239999, 29.489587784000094], [-89.99761962899993, 29.48887824999997], [-89.99764251699997, 29.488237380999976], [-89.99830177599989, 29.489176374000124], [-89.99887847899993, 29.48933601400006], [-89.99832916299994, 29.487985611000113], [-89.99796295199991, 29.487665176000178], [-89.99712181099989, 29.48757362400005], [-89.99686070299992, 29.487848073000123], [-89.99620819099994, 29.487688065000043], [-89.99523925799997, 29.487825394000083], [-89.99500274699994, 29.48773384100008], [-89.99497985799991, 29.487482071000045], [-89.99526405299991, 29.48723030100018], [-89.99523925799997, 29.4859256740001], [-89.99505615199996, 29.485696793000102], [-89.9944000239999, 29.485445023000068], [-89.9944000239999, 29.484781265000038], [-89.99193572999997, 29.484964371000103], [-89.99220085099995, 29.485216141000137], [-89.99306487999996, 29.48553657499997], [-89.99311637899996, 29.48578834500006], [-89.99193954499998, 29.486295700000028], [-89.99209594699988, 29.48661232000012], [-89.99275016799993, 29.48697853100009], [-89.99280357499998, 29.487943649000044], [-89.99256896999992, 29.48803520200005], [-89.99118041999998, 29.48727989200006], [-89.98989868199999, 29.486799240000096], [-89.98769950899992, 29.486799240000096], [-89.98638915999993, 29.487417221000157], [-89.98536725299994, 29.48826386800016], [-89.98483321899988, 29.486769618000153], [-89.98387908899991, 29.486112595000066], [-89.98361203599995, 29.48482088500009], [-89.98293321799997, 29.484108126000024], [-89.98232228199998, 29.48390448100014], [-89.98361203599995, 29.48251290500008], [-89.98442661699994, 29.481291033000105], [-89.98452843899992, 29.480442511000035], [-89.98289927699994, 29.47827029399997], [-89.98229980499997, 29.475877762000096], [-89.98313903799999, 29.476495743000157], [-89.98362052199991, 29.478060286000186], [-89.9844223739999, 29.4792439740001], [-89.98577788799997, 29.479511258000173], [-89.98757251199999, 29.479358524000133], [-89.98866074199998, 29.478823956000156], [-89.9906128479999, 29.476641902000097], [-89.99209802899998, 29.481068788000073], [-89.99441542899996, 29.483086087000117], [-89.99643707299998, 29.483751297000083], [-89.99709320099998, 29.485147476000066], [-89.99827194199992, 29.485033035000072], [-89.99868935699999, 29.484804314000087], [-89.99931907699994, 29.484960556000033], [-89.99961090099993, 29.48525810200016], [-90.00048828099989, 29.484895705999975], [-90.00064086799989, 29.48454856900014], [-90.00129509999994, 29.484529550000047], [-90.00166025699997, 29.48532882300003], [-90.00192260699998, 29.486474991000023], [-90.00210571299993, 29.486658096000156], [-90.00257833799998, 29.486429611000176], [-90.00425147999994, 29.48718452500009], [-90.00464630099992, 29.486703873000124], [-90.00453948999996, 29.485719681000035], [-90.00404357899998, 29.485513687000036], [-90.00312641599993, 29.485696708000035], [-90.00250244099999, 29.485559464000005], [-90.00252532999997, 29.485261917000173], [-90.00289154099994, 29.484964371000103], [-90.00289154099994, 29.48480415300014], [-90.00200653099989, 29.484392166000077], [-90.00213082699997, 29.483271205000165], [-90.00634592499995, 29.482563088000063], [-90.00874912499995, 29.48577588600017], [-90.0100366239999, 29.48846548600011], [-90.00806252499996, 29.488652286000104], [-90.00729002499992, 29.48969828600019], [-90.0072042239999, 29.49156598500008], [-90.00913542399991, 29.49317218599998], [-90.01106662399991, 29.492723986000044], [-90.0114099239999, 29.49223838500012], [-90.01239072099997, 29.495212752999976], [-90.01402624299993, 29.495454417000076], [-90.02042212099997, 29.49500258500018], [-90.02252502099998, 29.49418078600013], [-90.02454201999996, 29.494143386000076], [-90.02647321899997, 29.494815785000185], [-90.0321380179999, 29.494965185000126], [-90.03638661699989, 29.494442286000094], [-90.03698741599993, 29.49287338700009], [-90.03986281599998, 29.49339638700019], [-90.04157941499994, 29.49410608700009], [-90.04166521499991, 29.496832885000117], [-90.04269521399999, 29.497729286000094], [-90.04278101399996, 29.500792185000137], [-90.04368221399994, 29.502062085000034], [-90.04492681399995, 29.504303185000026], [-90.04724421299994, 29.505423684000107], [-90.04994791199994, 29.505124884000054], [-90.05063451199999, 29.504601983000043], [-90.05222241199988, 29.504863383000043], [-90.05441111099998, 29.5068802830001], [-90.05775850999993, 29.509382583000047], [-90.05857380999998, 29.50893448400018], [-90.06827270799988, 29.509830783000154], [-90.06895940599998, 29.51158618200003], [-90.0744525049999, 29.51793498100011], [-90.07685580499998, 29.521221281000066], [-90.07840070399999, 29.522229581000033], [-90.08003150299993, 29.522752382000192], [-90.08878620099989, 29.524582182000074], [-90.08943000099998, 29.525216981000085], [-90.0878850009999, 29.52637458100014], [-90.08985909999996, 29.529772679000075], [-90.09054579999992, 29.531415678000087], [-90.09170449999993, 29.53290918000016], [-90.10105999699988, 29.534477480000078], [-90.10603819499994, 29.537427178000087], [-90.10839859499993, 29.537501879000104], [-90.1111021939999, 29.538696679000054], [-90.11397759399995, 29.54097417899999], [-90.11788289299994, 29.542355678000035], [-90.12011439099996, 29.545305177000046], [-90.12024319099993, 29.54705987700015], [-90.12054359199999, 29.548478577000083], [-90.12273229099992, 29.549486576000106], [-90.12341889099997, 29.55053187699997], [-90.12492098999991, 29.552099875000067], [-90.12745298999988, 29.552286576000142], [-90.1313153879999, 29.553070477000063], [-90.13449108699996, 29.55288387600018], [-90.13732348699989, 29.55045727700019], [-90.13998428599996, 29.55019587700008], [-90.14067088599995, 29.549710576000166], [-90.13968378599998, 29.547097178000115], [-90.14238748599996, 29.54433447800011], [-90.14624988499997, 29.53963008000011], [-90.14629278499996, 29.53798728000004], [-90.14985478399996, 29.53537358000017], [-90.15573418199989, 29.536829780000005], [-90.15624918199995, 29.543923778000078], [-90.15770828099988, 29.545417178000037], [-90.15852368099996, 29.545379879000052], [-90.15865238199996, 29.54638787800002], [-90.15792288099999, 29.546873178000055], [-90.15616328199997, 29.547395878000145], [-90.15654958099992, 29.5499345770001], [-90.1571503809999, 29.55083057700017], [-90.15783698099989, 29.550569278000125], [-90.16024027999998, 29.553294477000122], [-90.16393097899999, 29.555011777000118], [-90.16414557899998, 29.555459776000134], [-90.16757877899988, 29.556169076000003], [-90.16783627799998, 29.55900617600014], [-90.16899497799994, 29.55960337500005], [-90.17118367699999, 29.560200676000193], [-90.17337237699991, 29.56027537500006], [-90.17405897599997, 29.560461975000067], [-90.17444527599997, 29.560797975000128], [-90.17448817599995, 29.561693875000174], [-90.17174157699998, 29.565351974000066], [-90.17092617699996, 29.56553867500014], [-90.16925273499993, 29.565288058000135], [-90.16591639999996, 29.565429175000133], [-90.1600667379999, 29.565317325000137], [-90.15590259999999, 29.567309715000135], [-90.1554121669999, 29.569063864000043], [-90.1569786799999, 29.572779873000115], [-90.15620627999988, 29.57673627100013], [-90.15388878099998, 29.57830377100015], [-90.15139968199998, 29.578378471000065], [-90.14805228199998, 29.57987137000009], [-90.1454773829999, 29.581438870000113], [-90.14479078399995, 29.578677070000026], [-90.14324578399999, 29.575317971000175], [-90.13861098499996, 29.573377071000152], [-90.13457688599993, 29.57389967100005], [-90.12874038799998, 29.58002067000018], [-90.12839708799993, 29.581214969000143], [-90.12702378799997, 29.581662769000047], [-90.12110148999989, 29.588828268000043], [-90.11689579099999, 29.592933266000102], [-90.11552249099998, 29.595172266000077], [-90.11397759099992, 29.599724765000076], [-90.11359129099998, 29.604165163999994], [-90.11217509099993, 29.606142663000128], [-90.11144549199997, 29.608120262000057], [-90.11123099199989, 29.60972466300001], [-90.11238969099992, 29.611552862000053], [-90.11140259099994, 29.612895962000152], [-90.11105929099989, 29.6141645620001], [-90.11144549099998, 29.616253861000075], [-90.11221799099991, 29.61819386100018], [-90.11577998999996, 29.620693460000155], [-90.11414918999992, 29.62181265999999], [-90.11380588999992, 29.62337956000016], [-90.11320509099988, 29.623715259000164], [-90.11307629099997, 29.62505825900007], [-90.11131678999999, 29.627408558000127], [-90.11135969099996, 29.629497558000082], [-90.11221798999992, 29.632071458000098], [-90.11166008999993, 29.63393655700014], [-90.11032979099991, 29.63729375600019], [-90.11067308999992, 29.63900955600019], [-90.1122608899999, 29.640389656000025], [-90.11118808999998, 29.64333625500018], [-90.11191758999996, 29.64632015400008], [-90.11466418899994, 29.649191954000173], [-90.11655248799991, 29.652250252999977], [-90.11680998799989, 29.653742053000144], [-90.11663828799999, 29.65515925200009], [-90.11844078699994, 29.661648251000088], [-90.11998568699994, 29.661871951000137], [-90.12127318699999, 29.662468651000097], [-90.12298978599989, 29.66440775100017], [-90.12247478599994, 29.665302751000127], [-90.12067228699999, 29.66575025100019], [-90.11423498799991, 29.66515365000015], [-90.11277588799999, 29.665526550000095], [-90.11269008799991, 29.667540150000036], [-90.11620918799991, 29.66940465000016], [-90.12058648599992, 29.671194449000154], [-90.12427718499993, 29.672163949000094], [-90.12848288399994, 29.67179114900017], [-90.13062868399993, 29.66985214900012], [-90.13183028299994, 29.666048551000188], [-90.13612188199994, 29.665899451000087], [-90.13783848199995, 29.669330049999985], [-90.1415291809999, 29.672611449000158], [-90.14333157999988, 29.67611644900012], [-90.14539157899998, 29.678204448000088], [-90.14453327899992, 29.68238034800015], [-90.14848147799995, 29.685661347000064], [-90.15483297599991, 29.687749147000147], [-90.15792287599999, 29.686406947000137], [-90.16478927299994, 29.686854347000008], [-90.17011077199999, 29.688196547000075], [-90.17491727099991, 29.68536304800017], [-90.1774922699999, 29.685810447000165], [-90.1833287689999, 29.683424348000187], [-90.18590366799998, 29.68491564800013], [-90.19079596599994, 29.691253647000053], [-90.19251256599995, 29.691365447000067], [-90.19397176599989, 29.69240934700008], [-90.1933708659999, 29.693676847000177], [-90.19354256499992, 29.695652646000156], [-90.19448666499994, 29.69770294500006], [-90.20023736299999, 29.704934745000116], [-90.19899286299994, 29.707208544000082], [-90.19753366399999, 29.707730344000083], [-90.19641786399995, 29.710451443000068], [-90.19508756399995, 29.70985504300012], [-90.19427216399998, 29.71104774200012], [-90.19216926499996, 29.71197964200013], [-90.19053846499997, 29.71451414200004], [-90.18753446599999, 29.71593054100009], [-90.18641866599995, 29.72003034100004], [-90.18478786599997, 29.72174474000019], [-90.18427286699995, 29.724726239000063], [-90.18032466799997, 29.727409539000064], [-90.16856587099994, 29.729869138000083], [-90.15936047399998, 29.73221693700009], [-90.15644227399997, 29.731303937000007], [-90.15423207399994, 29.73173243700012], [-90.15230097499995, 29.731434337000167], [-90.15064867499996, 29.735067736000133], [-90.1490178759999, 29.736222836000138], [-90.1476875759999, 29.738235136000185], [-90.14760167599997, 29.738999035000063], [-90.14367497699999, 29.73888723500005], [-90.14234457699996, 29.741458335000175], [-90.14861017599992, 29.744811934000097], [-90.15036977499994, 29.746637633999967], [-90.15388877299995, 29.754797332000123], [-90.1512280739999, 29.766197429000044], [-90.15251547299994, 29.78191692600012], [-90.15590577199998, 29.792233924000186], [-90.15770827099999, 29.79422642300011], [-90.1610127699999, 29.796628523000095], [-90.16191396999989, 29.796386423000115], [-90.16496096899994, 29.796982323000066], [-90.16796506799989, 29.79850922300011], [-90.16959576699998, 29.800259523000136], [-90.16940266799998, 29.802735922000124], [-90.16888766699992, 29.80349932200005], [-90.16875896799996, 29.80396482200001], [-90.16905936799992, 29.804895822000162], [-90.16757876799988, 29.80781902100017], [-90.16740716699991, 29.809047821000036], [-90.16594796799995, 29.81051872100005], [-90.16549736799999, 29.812827320000054], [-90.16684926799991, 29.812585319000164], [-90.16749296699999, 29.81210122000016], [-90.16762166699988, 29.810891020000042], [-90.16843706699996, 29.81031392100016], [-90.16914516799994, 29.811077220000186], [-90.16933826699989, 29.812715620000006], [-90.16066936899995, 29.81450292000011], [-90.16144186899999, 29.815917818000116], [-90.16401676799995, 29.817407219000188], [-90.16315846899994, 29.818226319000075], [-90.16436016799997, 29.821056117000126], [-90.16667756699997, 29.8237368180001], [-90.16745006699989, 29.826343017], [-90.1670208669999, 29.827683317000094], [-90.1673641669999, 29.828502316000083], [-90.16813666699994, 29.828502316000083], [-90.17075456599991, 29.829954316000112], [-90.17294316499994, 29.830773316000034], [-90.17538936499989, 29.83092221600009], [-90.17839346399995, 29.82954471700009], [-90.18071086399993, 29.831294516000185], [-90.18397246199999, 29.83512901500012], [-90.18504536199993, 29.835724615000174], [-90.18616116199996, 29.838256115000036], [-90.18822106099998, 29.841718014000037], [-90.19285595999997, 29.84454711300009], [-90.19401465899989, 29.845514913000045], [-90.19564545899999, 29.848641613000098], [-90.19937905699993, 29.852661612000077], [-90.20431435599988, 29.85671851100011], [-90.20624545599998, 29.85664411099998], [-90.21572975299989, 29.861333611000077], [-90.21877675199994, 29.861854710999978], [-90.22083675099998, 29.863157311000123], [-90.22710234899995, 29.865576310000165], [-90.23474124699999, 29.868144210000025], [-90.23997694499991, 29.86926071000005], [-90.24144370599993, 29.869281553000064], [-90.24259474499996, 29.86929790900018], [-90.24607094399994, 29.86866521000013], [-90.25053414299998, 29.867288311000152], [-90.25602724099991, 29.865241411000113], [-90.26383783999995, 29.858877213000028], [-90.26525403899996, 29.856793014000175], [-90.26619823899995, 29.856197513000154], [-90.27096183799989, 29.851284415000066], [-90.27173433799993, 29.850800515000003], [-90.27581123599992, 29.851358815000026], [-90.27997403499995, 29.85247541400014], [-90.28387933399995, 29.852252115000056], [-90.28658303299994, 29.85083771600017], [-90.28731253399997, 29.851061015000084], [-90.28769883299998, 29.849423316000184], [-90.28735543299996, 29.848418316000163], [-90.28757003299995, 29.84722721600002], [-90.28679753299991, 29.845701016000078], [-90.28615383399995, 29.845738216000143], [-90.28495223399989, 29.842090316999986], [-90.2846947349999, 29.839856818000044], [-90.28495223399989, 29.839335618000064], [-90.28413683499991, 29.83505451800005], [-90.28593923499994, 29.835613019000164], [-90.29001623299996, 29.83542681900002], [-90.29023083299995, 29.836245819000112], [-90.28709803399988, 29.83792101800009], [-90.28726963399998, 29.838888918000066], [-90.28795633299995, 29.840750217000164], [-90.28890043399991, 29.842685917000097], [-90.28937253399988, 29.844621517000178], [-90.29143243199997, 29.846966616000145], [-90.29413613199995, 29.84938611600012], [-90.29838473099994, 29.849088316000177], [-90.29799853099996, 29.845775517000106], [-90.29932883099997, 29.845552117000068], [-90.29928592999988, 29.843058118000044], [-90.29701143199998, 29.84212751700005], [-90.29774103099999, 29.84063851800005], [-90.29911423099998, 29.840973518000055], [-90.29984382999993, 29.839261219000036], [-90.30001553099993, 29.83658091900014], [-90.29894263099999, 29.834980119000193], [-90.29649643099992, 29.834719519000146], [-90.29774103199998, 29.832336920000103], [-90.29954343099996, 29.83270921999997], [-90.29984383099998, 29.831257320000134], [-90.29967213099997, 29.828204521000032], [-90.29812723099997, 29.827310921000162], [-90.28482343499991, 29.830177620000143], [-90.28357893499998, 29.832895319000045], [-90.26744273999998, 29.832299719000105], [-90.26126294099998, 29.828427920000138], [-90.25559814299993, 29.824109120000003], [-90.24495514599988, 29.82038592000015], [-90.24306684699997, 29.818300821000037], [-90.24461184699999, 29.808768523000026], [-90.2425518469999, 29.796703026000102], [-90.23826034899992, 29.787019728000075], [-90.24032024899998, 29.782103229000143], [-90.24547014799992, 29.77837843000009], [-90.24941834699996, 29.77390853100013], [-90.25164994699992, 29.769140332000063], [-90.26744274299995, 29.76467003300013], [-90.28598223799997, 29.757368036000173], [-90.30589493299993, 29.746637639000085], [-90.3211727289999, 29.737247641000124], [-90.33576402499989, 29.728602044000013], [-90.34778022199998, 29.71876314600007], [-90.35241512099998, 29.712203247000048], [-90.35172852199997, 29.706686648000073], [-90.34932522299994, 29.700871650000124], [-90.35001182299999, 29.698336751000113], [-90.34873801599991, 29.695290478000175], [-90.34657862399996, 29.689314953000064], [-90.34846692399998, 29.68663065300018], [-90.34863862299994, 29.6842445530001], [-90.34743692399991, 29.681410954000057], [-90.34426122599996, 29.67775705400004], [-90.34082802699993, 29.674326655000186], [-90.33782392699999, 29.672313156000087], [-90.33078582899992, 29.672089456000037], [-90.32649422999992, 29.675146955000173], [-90.32185943199988, 29.67962135400012], [-90.32203103099994, 29.684319153000047], [-90.32082943099994, 29.687674552000146], [-90.31868363199993, 29.690657151000096], [-90.31679543199994, 29.69162645100016], [-90.31859783199991, 29.687376352000115], [-90.31748203199999, 29.683498852000127], [-90.31130223499997, 29.67790615400014], [-90.3050366359999, 29.67626555400011], [-90.30366333599989, 29.673282655000094], [-90.30580903599997, 29.67111995500005], [-90.31336213399999, 29.66798765600015], [-90.31473543399994, 29.664780756000027], [-90.31773953299995, 29.66120075800012], [-90.31447793399991, 29.655755959000146], [-90.30718233699997, 29.652324859000146], [-90.2947369399999, 29.647550960000103], [-90.28169064299993, 29.64710335900014], [-90.27379424599997, 29.650012558000014], [-90.26976024599998, 29.655905157000063], [-90.25971804899996, 29.660902456000088], [-90.23551375599993, 29.663363654000193], [-90.21843345999997, 29.66791305300012], [-90.20899206299993, 29.674326652000047], [-90.20375646399992, 29.672835151000015], [-90.19521626499994, 29.67667575000013], [-90.19019516699996, 29.68059074900009], [-90.1895085669999, 29.680180549000113], [-90.18796356799999, 29.680441550000126], [-90.18431576899997, 29.679173849000108], [-90.17646226999994, 29.682566748000113], [-90.17397317199999, 29.679062049000095], [-90.17577567099988, 29.677421450000168], [-90.17397317199999, 29.675892750000173], [-90.17084037199993, 29.670336851000116], [-90.16976747299998, 29.662692452000044], [-90.17865097099997, 29.653145355000163], [-90.18019587099997, 29.64825955600014], [-90.18105417099991, 29.643746557000043], [-90.17963797199991, 29.64158325799997], [-90.17581857199997, 29.639830158000052], [-90.17375857399998, 29.637107258000185], [-90.17547517299988, 29.636435759000165], [-90.18071087199996, 29.630952360000038], [-90.18075377199995, 29.62867686000004], [-90.18234167199995, 29.624946361000013], [-90.18444447099995, 29.620357762000083], [-90.18671907099997, 29.61733576300003], [-90.18405827199996, 29.616253863000054], [-90.17929467199991, 29.619425062000175], [-90.17912297299995, 29.618193863000158], [-90.17865097299995, 29.61722386300005], [-90.18324287199994, 29.61382876400006], [-90.18277087199994, 29.611776664000104], [-90.18174087199998, 29.612149764000037], [-90.18049627299996, 29.613791464000144], [-90.17980967299997, 29.613567564000107], [-90.18075377199995, 29.610955864000005], [-90.17942347199994, 29.61103046400018], [-90.18019587199996, 29.609053064000136], [-90.18148337199989, 29.60677696500005], [-90.18770607099998, 29.606403866000164], [-90.19234096899999, 29.60517256600008], [-90.19427216899999, 29.60229946700008], [-90.19706166899994, 29.598941167000078], [-90.19311336999994, 29.59472446800015], [-90.19242676999988, 29.596702268000172], [-90.19075306999997, 29.59673956800009], [-90.19174016999989, 29.593828868999992], [-90.1897660709999, 29.59442596800011], [-90.18843567099998, 29.59692606700014], [-90.18551737199994, 29.597747067], [-90.18491657199996, 29.596515667999995], [-90.18603237199989, 29.595134967999968], [-90.18779187099989, 29.594463268000027], [-90.1897660709999, 29.591403268000136], [-90.18646157199998, 29.58800726900006], [-90.18543157199991, 29.58819387000017], [-90.18341457299994, 29.591776368000126], [-90.1831570729999, 29.592746669000178], [-90.18182667299999, 29.593828868000116], [-90.18109717299996, 29.59345566800016], [-90.1814404729999, 29.592634668000073], [-90.18135457299991, 29.592000268000163], [-90.17624767399997, 29.592746669000178], [-90.17358697499998, 29.59151516800017], [-90.17053997599993, 29.59043296800013], [-90.17002497599998, 29.591776368000126], [-90.16959577599988, 29.59554546800001], [-90.16972457599996, 29.59800826600008], [-90.16946707599999, 29.599650167000107], [-90.16873747599993, 29.599538166000173], [-90.16847997599996, 29.598567967000065], [-90.16847997699995, 29.595022968000137], [-90.1656475769999, 29.59338106700011], [-90.16478927799994, 29.59106736800004], [-90.1656475769999, 29.589798569000152], [-90.16633427699998, 29.5881565680001], [-90.16633427699998, 29.586141270000155], [-90.17156987599998, 29.584125970000002], [-90.17294317499994, 29.58196137000016], [-90.17045407699993, 29.58173747000012], [-90.17002497699997, 29.57994597000004], [-90.17036827699997, 29.578079871000057], [-90.16873747699992, 29.577333371000122], [-90.16667757799996, 29.575392572000055], [-90.16272272099991, 29.57335909599999], [-90.16269601899995, 29.573144509000088], [-90.16563716899992, 29.57058694300008], [-90.16797458599996, 29.56968845300014], [-90.16918125699999, 29.56953837500015], [-90.17045407699993, 29.56994317300007], [-90.17058287699996, 29.570540373000085], [-90.17114077699995, 29.57110027300007], [-90.17654807499997, 29.572406674000092], [-90.18114007399993, 29.572630573000026], [-90.18723397199994, 29.57233197300019], [-90.19329316999989, 29.569513974000188], [-90.19364177099993, 29.568405775000087], [-90.19445456999995, 29.568403475000025], [-90.19471466999988, 29.56943927500015], [-90.19731916999996, 29.56953257500004], [-90.19925026899995, 29.569159375000083], [-90.20079526899997, 29.56837547500004], [-90.2040889679999, 29.567115675000082], [-90.20530136799994, 29.566117176000148], [-90.2056017679999, 29.56619187600012], [-90.20648156699997, 29.565855976000023], [-90.20765096699989, 29.565212076000023], [-90.20775826699992, 29.564922775000184], [-90.2081444669999, 29.564997376000065], [-90.21073016599996, 29.562869676000048], [-90.2114382659999, 29.56160057599999], [-90.21192106599989, 29.56109657700017], [-90.21194256599989, 29.56076997700012], [-90.21469986499989, 29.557746277000035], [-90.21475346599993, 29.557335578000107], [-90.21453886499995, 29.557186277000085], [-90.21439946599997, 29.555814377000104], [-90.21488226599996, 29.552781178000032], [-90.21523626599992, 29.55280917900012], [-90.21550446499992, 29.5525385790001], [-90.21537576499992, 29.551847880000082], [-90.21657736599997, 29.55069988000014], [-90.21656666499996, 29.550326579000057], [-90.21738206499992, 29.549159880000047], [-90.2181330649999, 29.547293180000167], [-90.22212416399998, 29.540936881000107], [-90.22193106399999, 29.54037688200009], [-90.22534286299992, 29.537968582000133], [-90.22545016299995, 29.53727788300006], [-90.22611526299988, 29.537184482000043], [-90.2264586629999, 29.536755083000173], [-90.22738136299995, 29.53634438200004], [-90.22817526299991, 29.53621368200004], [-90.2282181629999, 29.535410983000133], [-90.22757446299994, 29.53472018299999], [-90.22658736299996, 29.534085383000047], [-90.2264586629999, 29.533487983000043], [-90.22602946299992, 29.533151884000176], [-90.22590076299991, 29.532554484000116], [-90.22534286299992, 29.53190108300015], [-90.22411976399991, 29.530706184000167], [-90.22345456399995, 29.530575484000167], [-90.22319706499997, 29.53083688400011], [-90.22289666399996, 29.530650183000034], [-90.22276796499989, 29.52902588400002], [-90.22165216499991, 29.528260384000134], [-90.22141606399992, 29.528391084000077], [-90.22120146499992, 29.528073684000105], [-90.22137316499993, 29.527812285000095], [-90.22015006499998, 29.527606884000022], [-90.21924886599993, 29.52779358400005], [-90.21873386499999, 29.527009384000166], [-90.21800426599998, 29.526579984000193], [-90.21740346599995, 29.52643058400008], [-90.21660956699998, 29.525721085000043], [-90.21701726599997, 29.52544108400008], [-90.2179184659999, 29.5255903850001], [-90.21937756599993, 29.52667338500015], [-90.21960286599995, 29.527074784999968], [-90.2202037649999, 29.52740148400011], [-90.22248896499997, 29.527000084999997], [-90.2221885649999, 29.5250862850001], [-90.22364766499993, 29.524992986000143], [-90.22497806399997, 29.523816686000146], [-90.22519266399996, 29.52256568500013], [-90.22557886399994, 29.52206148600004], [-90.22705946399998, 29.52176278600001], [-90.22819666299989, 29.521874785000136], [-90.22855076299999, 29.52243028600003], [-90.22944666299992, 29.52294378600004], [-90.23001526299998, 29.522953086000086], [-90.2302459629999, 29.522780386000193], [-90.22988116199991, 29.52081048600013], [-90.22968806299991, 29.52073578600016], [-90.23034246299989, 29.51967618700013], [-90.23076626299996, 29.519316787000037], [-90.2301225629999, 29.517897687000072], [-90.23081986299997, 29.516632588000107], [-90.23194646299993, 29.51583428700002], [-90.23281546199996, 29.515684887000134], [-90.23336796199993, 29.515031388000125], [-90.23309976199994, 29.514704586999983], [-90.23321776199992, 29.5135421870001], [-90.23285306199989, 29.51195958900007], [-90.23238636299999, 29.511348088000034], [-90.23239166199988, 29.510857888000146], [-90.23278866299995, 29.51041438900012], [-90.23241316199989, 29.50994748900007], [-90.22729546399995, 29.506922289000045], [-90.22164136599991, 29.504345190000038], [-90.22080986599997, 29.501707290000127], [-90.22109426599997, 29.499839691000034], [-90.22628696499999, 29.493937992000156], [-90.23750936199997, 29.48228289400015], [-90.23757366199993, 29.48076989500015], [-90.23692996199998, 29.478080096000042], [-90.23692996199998, 29.47654829700008], [-90.23647936299989, 29.47559559500013], [-90.23733766299995, 29.474493497000026], [-90.23789556299994, 29.472905597000135], [-90.23568546299992, 29.46875839800009], [-90.23525626399993, 29.464779099000054], [-90.23401176399994, 29.4620140990001], [-90.23147976499996, 29.460071100000164], [-90.22954856499996, 29.45924900000017], [-90.22894776599998, 29.459435899000084], [-90.22517116699993, 29.456521201000157], [-90.22560036699991, 29.455624399000044], [-90.23281006499997, 29.459361100000024], [-90.23508466399994, 29.4612667990001], [-90.23654376399998, 29.464255998000056], [-90.23692996299997, 29.465862699000184], [-90.23830326299998, 29.46552639900011], [-90.23980526199995, 29.46649789900016], [-90.24087816199989, 29.466796799000065], [-90.2426377619999, 29.464143899000078], [-90.24456886099989, 29.46332190000004], [-90.24559886099996, 29.46354609800011], [-90.24680046099996, 29.464704398000038], [-90.24778755999995, 29.466460499000107], [-90.24744425999995, 29.467469299000072], [-90.24894625999997, 29.467207799000107], [-90.24907505999988, 29.46537699900017], [-90.24898915999995, 29.46302299900009], [-90.25147825899995, 29.4613789], [-90.2522078589999, 29.4613789], [-90.24950415999996, 29.459697401000085], [-90.24650006099989, 29.45745540000013], [-90.24070656299989, 29.450019002000147], [-90.23478416499995, 29.443254803000116], [-90.23319636499997, 29.442096304000074], [-90.23117936499995, 29.441423604000022], [-90.22813236699989, 29.440863003999993], [-90.22705946699995, 29.440863003999993], [-90.22461326799998, 29.439480104000154], [-90.22019296899998, 29.43634070300004], [-90.21628766999999, 29.4345840040001], [-90.20693217299993, 29.4321172060001], [-90.2020397739999, 29.42987460600017], [-90.1973191749999, 29.42823000600015], [-90.18899357699996, 29.427781405000076], [-90.18341457899999, 29.427108606000104], [-90.1758614819999, 29.42688440600017], [-90.16779338399988, 29.42628630500019], [-90.16238608499998, 29.426211504000094], [-90.15732208599991, 29.424716404000037], [-90.15457548799992, 29.426510604000157], [-90.15680708599996, 29.429650304000063], [-90.15826618599993, 29.42927660400005], [-90.15895278599993, 29.429874604000133], [-90.15843788599994, 29.435481103000143], [-90.16015448499996, 29.440863002000185], [-90.15981108499989, 29.441610401000105], [-90.15843788599994, 29.43899430200014], [-90.15388878699997, 29.428230005000046], [-90.15242968699994, 29.430024103000164], [-90.15011228799995, 29.431519202000175], [-90.14925398899999, 29.433089003000077], [-90.14805228799997, 29.43107070200017], [-90.14582068899995, 29.43099590300011], [-90.14496238999999, 29.433612303000075], [-90.14264498999995, 29.436751802000003], [-90.14041338999994, 29.438246802000094], [-90.14461908999994, 29.443254800000034], [-90.14650738899996, 29.443927498999983], [-90.15354548699997, 29.443703301000085], [-90.15620628599999, 29.445646701000157], [-90.15706458499994, 29.449533198000097], [-90.15732208499992, 29.451551200000097], [-90.15706458499994, 29.45625959900019], [-90.15637788499993, 29.45984689800008], [-90.15414628599996, 29.463433997000152], [-90.15191468599988, 29.466348395000068], [-90.15268718599992, 29.470981495000046], [-90.15388878499988, 29.474568192999982], [-90.15663538499996, 29.47658569400005], [-90.15852368399993, 29.476809794000133], [-90.15852368399993, 29.476062592999995], [-90.16118438299992, 29.474269294000067], [-90.15989698399989, 29.476062594000098], [-90.15998278399996, 29.480022693000137], [-90.15929618399991, 29.48091939300008], [-90.15852368399993, 29.479499693000037], [-90.15826618399996, 29.47800529400007], [-90.15612038399996, 29.477631692999978], [-90.1517430859999, 29.473820994999983], [-90.15036978599994, 29.468291295000085], [-90.14916808699991, 29.46597479500008], [-90.14805228699993, 29.465152796000154], [-90.14693648799994, 29.460145797000052], [-90.14710818799989, 29.458053296000003], [-90.14521988799999, 29.457006997000065], [-90.14444738799995, 29.457978496000067], [-90.14401828899997, 29.457754297000065], [-90.14444738799995, 29.456259598000088], [-90.1433315889999, 29.455138598000076], [-90.14178668899996, 29.455512298000087], [-90.13818178999992, 29.454764898000064], [-90.13526359199989, 29.454465997000113], [-90.13191619199995, 29.45633439800008], [-90.13088619199999, 29.45633439800008], [-90.13131539199998, 29.454764898000064], [-90.13097199299989, 29.451326999000116], [-90.12813959299996, 29.45013119900011], [-90.12659469399995, 29.45140169700005], [-90.12633719399992, 29.4499816980001], [-90.12788209399997, 29.44818789900006], [-90.12736709399996, 29.447066799000027], [-90.12565049499995, 29.44721629900016], [-90.12230309499995, 29.445646700000054], [-90.11938489599999, 29.443628599000135], [-90.11500749699997, 29.443852800000116], [-90.11380589699996, 29.44467499900003], [-90.11294759799989, 29.44557190000006], [-90.11337669699998, 29.448711098000103], [-90.10977189799996, 29.449084798000115], [-90.10745439899995, 29.447589999000172], [-90.10573779899994, 29.44758999800007], [-90.10522279999998, 29.448262598000156], [-90.10608109899994, 29.44968269800006], [-90.10144629999996, 29.448337398000092], [-90.09904300099998, 29.446020399000133], [-90.0944082019999, 29.445497198000112], [-90.09191910399994, 29.44661829900008], [-90.08977330399995, 29.443404299000065], [-90.08805670399994, 29.443479099], [-90.08359350599994, 29.448711097], [-90.08213440599991, 29.44669309800014], [-90.07964530699996, 29.447290998000028], [-90.07792870699996, 29.447888898000144], [-90.0764695069999, 29.447066797000048], [-90.07552540799992, 29.446991997000055], [-90.07410920799992, 29.44811319700011], [-90.0723926089999, 29.447477798000193], [-90.07059010899997, 29.445758797000167], [-90.06934560999997, 29.44613249700018], [-90.06943140899995, 29.44815049700003], [-90.06792940899993, 29.449234297000146], [-90.06522571099993, 29.44889789600012], [-90.06149211199994, 29.44882319700008], [-90.05913171199995, 29.449645297000075], [-90.05908881199997, 29.451326996000034], [-90.05608481299998, 29.451364396000088], [-90.05475441299996, 29.45263489500013], [-90.05363861399991, 29.45087849600003], [-90.05076331499998, 29.44957059600017], [-90.04449761699999, 29.447963696999977], [-90.04488391599995, 29.44119929800013], [-90.04527011599993, 29.437424599000167], [-90.04518431599996, 29.435929599000133], [-90.04664341599988, 29.43379920000018], [-90.04638591599996, 29.43275259900014], [-90.04763041599995, 29.431407100000115], [-90.04690091599997, 29.42908970000002], [-90.04784501599994, 29.429538200000025], [-90.04848871599995, 29.43211720000005], [-90.0478021159999, 29.433574900000053], [-90.04810251599997, 29.435929599000133], [-90.05226531499989, 29.438620499000024], [-90.05295191399995, 29.441573098000163], [-90.05449691399997, 29.442993198000067], [-90.05647101299996, 29.444450797000115], [-90.05994711199992, 29.446057697000015], [-90.06265081199996, 29.447104097000135], [-90.06346621099993, 29.448187897000082], [-90.0656978099999, 29.448187897000082], [-90.06621280999991, 29.44665569800003], [-90.06561200999994, 29.44504869700006], [-90.06647031099999, 29.444189097000162], [-90.06616991099992, 29.44250739900008], [-90.06561201099993, 29.441759898000157], [-90.06685650999998, 29.44052659900018], [-90.06741440999997, 29.440975099000127], [-90.06728571099995, 29.44202149900002], [-90.06904520999996, 29.442694297999992], [-90.06960310999995, 29.440152899000168], [-90.06986060999992, 29.438078599000107], [-90.06780060999995, 29.435686600000167], [-90.06722130999998, 29.435948200000155], [-90.06640591099989, 29.433631000000105], [-90.06659901099988, 29.43282740100011], [-90.06825130999994, 29.43245360000003], [-90.0665561109999, 29.429930701000103], [-90.0658695109999, 29.430397902000095], [-90.06580511099992, 29.42991200100016], [-90.06430301199998, 29.429388701000164], [-90.06187831199992, 29.42972510200002], [-90.06149211199994, 29.42746370100008], [-90.06112731199994, 29.426678802000026], [-90.0605480129999, 29.42423040200015], [-90.06080541299997, 29.423482903000036], [-90.0605050129999, 29.422697903000085], [-90.05973261299994, 29.423127703000148], [-90.05878841299995, 29.422697903000085], [-90.05831641399999, 29.422062402000165], [-90.05868111299998, 29.42131480300003], [-90.05756531399993, 29.420043903000078], [-90.05698601299997, 29.41970740300013], [-90.05750101399991, 29.41793180200017], [-90.05863821399998, 29.417090703000156], [-90.05887431399998, 29.415221605000056], [-90.05947511299996, 29.415632803000108], [-90.05962531299991, 29.416062705000172], [-90.0601832129999, 29.41557670399999], [-90.06078401299999, 29.413707605000184], [-90.06048361399996, 29.4110346060001], [-90.0605480129999, 29.41045520600011], [-90.06129901299994, 29.409894406000035], [-90.06183541299993, 29.40884760600011], [-90.06237191299988, 29.408997104000093], [-90.06247911299988, 29.408361605000152], [-90.06292981299998, 29.408585906000155], [-90.0626723129999, 29.409744805000003], [-90.06445321199999, 29.40967010500009], [-90.06544031199996, 29.408361605000152], [-90.06619131199989, 29.409071905000133], [-90.06623421199998, 29.40940840500008], [-90.06709251199993, 29.410006506000116], [-90.06747881099994, 29.409987806000174], [-90.06769341099994, 29.408772806000172], [-90.0681440109999, 29.408735406000062], [-90.06737151099992, 29.40714660500015], [-90.06513991199995, 29.406567106000068], [-90.06299411199996, 29.406529706000185], [-90.06323021199995, 29.407183907000046], [-90.06288681299998, 29.40770730500003], [-90.0623075129999, 29.406959607000147], [-90.06106291399993, 29.4063428070001], [-90.06121311299995, 29.406025006000164], [-90.06106291399993, 29.405501607000133], [-90.06159941299995, 29.4053520060001], [-90.06129901399993, 29.405109007000135], [-90.06235041299999, 29.40385660700008], [-90.06280101299996, 29.404249106000123], [-90.06410991199994, 29.40445470600008], [-90.06475371299996, 29.404380007000043], [-90.06604111199994, 29.404959505000022], [-90.06655611199989, 29.404922106000072], [-90.06698531199999, 29.404155707000143], [-90.06855171099988, 29.402734907000024], [-90.0701824109999, 29.400043008000125], [-90.07052581099998, 29.39776230800004], [-90.0703970109999, 29.396771509000075], [-90.06977471099992, 29.39548150800016], [-90.06842291099997, 29.39533200900013], [-90.06767191199992, 29.39437850900015], [-90.06876621099997, 29.39428500800011], [-90.06917391199994, 29.39391110800011], [-90.0686590119999, 29.3932755080001], [-90.06870191199988, 29.39256510900003], [-90.07067601199998, 29.39142461000006], [-90.06994641099999, 29.38944281100015], [-90.06812251199989, 29.388021910000077], [-90.06522571299996, 29.388003209000033], [-90.0623933139999, 29.38561011100012], [-90.0602475149999, 29.38224461200008], [-90.05741511499991, 29.38112271200015], [-90.05338111599991, 29.381945411999993], [-90.05629931499999, 29.379926110999975], [-90.06016171499988, 29.377682312000047], [-90.06539741299997, 29.376410812000188], [-90.06677071299998, 29.37431651200012], [-90.06685651399988, 29.371175113000163], [-90.07003221199989, 29.369005915000116], [-90.07217801199994, 29.373194613000123], [-90.0702039119999, 29.375214113000027], [-90.07252131199988, 29.374840113000175], [-90.07415211099999, 29.373493814000085], [-90.07492461099997, 29.371698615000128], [-90.07363711099993, 29.370053114000143], [-90.0719205119999, 29.370352314], [-90.07166301199993, 29.368706714000098], [-90.07329381099993, 29.368183114000146], [-90.07715621099999, 29.370202715000175], [-90.0800744089999, 29.37401731400007], [-90.08290680899995, 29.379327712000133], [-90.09363570499994, 29.378280613000072], [-90.09681140499998, 29.381197513000018], [-90.09981550399993, 29.380823512000063], [-90.10281960299989, 29.38172101200007], [-90.10505120199997, 29.384039512000072], [-90.10573780199996, 29.384039512000072], [-90.1070253019999, 29.383142012000064], [-90.10839860099992, 29.38269331200007], [-90.11028679999993, 29.383216812000057], [-90.11217510099993, 29.384937013000183], [-90.11372009999997, 29.38590921200006], [-90.11552249999988, 29.385610112000165], [-90.12084399799988, 29.385984013000098], [-90.12607969699997, 29.38568481300007], [-90.12350479799989, 29.382244614000058], [-90.12195979699993, 29.380674014000135], [-90.12359059699997, 29.380000814000027], [-90.12067229799999, 29.37820581400001], [-90.11852659899995, 29.37745791400016], [-90.11809739899996, 29.374840114000108], [-90.11646659999991, 29.372895415000016], [-90.11432089999994, 29.370950716000152], [-90.11088760199999, 29.36937991500014], [-90.1070253019999, 29.366612316000044], [-90.10153210399994, 29.364517816999978], [-90.09784140599993, 29.362423317000093], [-90.0967256059999, 29.361301216000072], [-90.0983135059999, 29.35774791800003], [-90.09985840499996, 29.357673118000037], [-90.10024460499994, 29.357261719000064], [-90.09771260599996, 29.35337161900003], [-90.09706890599989, 29.352960118], [-90.09737029799993, 29.35259092800004], [-90.09764099099988, 29.35256385800011], [-90.09782033299996, 29.352039657000148], [-90.0986568059999, 29.3510150190001], [-90.09869970499989, 29.34888281999997], [-90.09749810599993, 29.346114620000094], [-90.09762680599994, 29.344992420000153], [-90.10015880599991, 29.34450612200004], [-90.10084550499988, 29.34566572100016], [-90.10209000399993, 29.346114620000094], [-90.1025621039999, 29.3446931200001], [-90.10367790399994, 29.34353342100013], [-90.10406410399992, 29.3424111220001], [-90.1067678039999, 29.34420682200016], [-90.10779770299996, 29.345628321000106], [-90.11067310199991, 29.345703121000042], [-90.11444960099999, 29.344842721000134], [-90.1168957999999, 29.343121921000034], [-90.11749660099997, 29.341027022000162], [-90.11715330099997, 29.338857223000105], [-90.1151363009999, 29.335752024000158], [-90.11702450099989, 29.335864224000034], [-90.11848370099995, 29.337547823000136], [-90.11998569999997, 29.338445624000087], [-90.12449179899994, 29.339081623000027], [-90.12625129799994, 29.341288822000138], [-90.12627410899995, 29.34231376600019], [-90.12478446899996, 29.343233109000153], [-90.12549209499991, 29.346002579000128], [-90.1271343219999, 29.348199844000135], [-90.12833404499997, 29.34893226600019], [-90.1290130619999, 29.34985160800005], [-90.13021659799995, 29.350378036000052], [-90.13223075799988, 29.350767136000115], [-90.13398029699994, 29.35076721500019], [-90.13623046799995, 29.351228714000115], [-90.13769340399995, 29.352006912000036], [-90.13865661599988, 29.3527164460001], [-90.13949203399989, 29.353803635000077], [-90.14034271199995, 29.35347938500007], [-90.14276175099991, 29.35340721100016], [-90.14396476599995, 29.35432243300005], [-90.14532470599994, 29.354211807000127], [-90.15049743699996, 29.35792350800017], [-90.15170287999996, 29.359548569000083], [-90.15358543299999, 29.361520767000172], [-90.15473174999988, 29.363031387000092], [-90.15533447199994, 29.364336014000173], [-90.15705871499995, 29.365365982000128], [-90.15841674799998, 29.367361069000083], [-90.16011810199996, 29.36878013600017], [-90.16084861699994, 29.36916923500013], [-90.16180419999995, 29.369070053000087], [-90.1617660519999, 29.368894577000106], [-90.16030120699992, 29.367750168000043], [-90.15809250299998, 29.36300369300011], [-90.15672302199988, 29.362070084000095], [-90.15389119499997, 29.35930056600006], [-90.15235900899995, 29.35640907300018], [-90.14904022199988, 29.35187339800018], [-90.14906501699988, 29.350843430000054], [-90.14966583199998, 29.349584579000066], [-90.14969634999994, 29.349172592000173], [-90.14953613199998, 29.348875046000046], [-90.14927673299991, 29.34871482800014], [-90.14880370999998, 29.34878349300004], [-90.14827728299991, 29.34951591500004], [-90.14694976799996, 29.34928703300011], [-90.14595346899995, 29.34942412600003], [-90.14350128199999, 29.34770393400015], [-90.14383888099997, 29.346765518000154], [-90.14564323299993, 29.346925735000127], [-90.14788818399995, 29.348096848000125], [-90.14825630099995, 29.34807014500018], [-90.14898872299989, 29.347452164000117], [-90.14898872299989, 29.34704017600012], [-90.14875411899993, 29.346628189000057], [-90.14799499399993, 29.346010208000166], [-90.14608764499991, 29.34498024000004], [-90.14533233599997, 29.342870712000092], [-90.1453037249999, 29.342412949000163], [-90.14551544099993, 29.3417949680001], [-90.1437892909999, 29.341428757000074], [-90.14297485499998, 29.341886520000003], [-90.14302825899995, 29.34268760700013], [-90.1444683069999, 29.34413337700005], [-90.14321269099992, 29.344816081000033], [-90.14192962599998, 29.344770432000075], [-90.13952152499996, 29.346028201000138], [-90.13853263799996, 29.346075057999997], [-90.13771820099998, 29.346761703000084], [-90.13704658799998, 29.346807238000054], [-90.13683318999989, 29.346006393000096], [-90.13706970099997, 29.34513664200017], [-90.13673019299995, 29.34479332000018], [-90.13638877799991, 29.344861984000033], [-90.13568231099998, 29.34600608700009], [-90.13430023199993, 29.34534263600017], [-90.13440322799994, 29.344331741000133], [-90.1337509149999, 29.34350776700012], [-90.13069343499996, 29.342088699000158], [-90.13077163599996, 29.341699600000027], [-90.13158416699991, 29.341699600000027], [-90.13206767399998, 29.340519574999973], [-90.13247409699994, 29.34046582300016], [-90.13371859599988, 29.34136372300003], [-90.13534939599998, 29.341401123000082], [-90.13719479499991, 29.34177522200008], [-90.13955509399989, 29.340765124000143], [-90.14079959399999, 29.339006824000137], [-90.14091491599993, 29.3382205960001], [-90.14075192599995, 29.33811306900003], [-90.14071379399991, 29.337398123000185], [-90.13899719499989, 29.336013923000053], [-90.14045629499992, 29.332796425000083], [-90.14028469499993, 29.331262525], [-90.13878259599994, 29.330289726000103], [-90.1389542949999, 29.32905502600005], [-90.13689429599998, 29.32849382600017], [-90.13367569599995, 29.327259126000172], [-90.13286029699992, 29.328044826000166], [-90.1306286969999, 29.328531226000052], [-90.12783919799995, 29.328531226000052], [-90.12719549799988, 29.329653725000128], [-90.12736709899997, 29.327296526000055], [-90.12595089899997, 29.326959826000063], [-90.12749589899988, 29.32576252600012], [-90.12638009899996, 29.323854327000106], [-90.12685219899998, 29.322769227000038], [-90.12775339799998, 29.32213312600004], [-90.12835419799995, 29.32250732700004], [-90.12852589899995, 29.323330526000177], [-90.13015659799993, 29.3222080270001], [-90.13049999799995, 29.32142222600004], [-90.13110079799998, 29.32097322599998], [-90.13092909799991, 29.319962928000052], [-90.12994209799996, 29.318129427000144], [-90.13101489799999, 29.317568127000072], [-90.13071449799992, 29.31652042800016], [-90.12968459899997, 29.315584927000145], [-90.12878329799992, 29.315323028000023], [-90.12839709899993, 29.31599652799997], [-90.12642299999993, 29.313713929000016], [-90.12771049899999, 29.314387529000157], [-90.12856879899994, 29.314537228000063], [-90.12969685699994, 29.314128785000094], [-90.13009693499998, 29.314306810000176], [-90.13037119799992, 29.315472729000078], [-90.13144409799997, 29.315584927000145], [-90.13170159699996, 29.316894628000057], [-90.1329031979999, 29.31768042700014], [-90.13457689699993, 29.318241728000146], [-90.13577849699993, 29.31678232900009], [-90.13573559599996, 29.31528562800014], [-90.13526359699989, 29.313003029000186], [-90.13217369799997, 29.309260830000085], [-90.13105789899998, 29.308998930000087], [-90.12985619799997, 29.310009329000138], [-90.12925539899999, 29.307614330000092], [-90.1272383999999, 29.30424623000016], [-90.1309290989999, 29.305855431000168], [-90.13071449899991, 29.304096530000038], [-90.12977039899988, 29.302711831000124], [-90.12891209899999, 29.300840630000096], [-90.12650879899991, 29.300092131000042], [-90.12543599999998, 29.297696932000065], [-90.12535009999999, 29.296162432000074], [-90.12638009999995, 29.296012733000055], [-90.12749589999999, 29.296761233000154], [-90.12822539899992, 29.296424431000162], [-90.12826839899992, 29.29552613200019], [-90.12783919999998, 29.293355433999977], [-90.12809669999996, 29.292120234000095], [-90.12689510099989, 29.29002433300019], [-90.1265087999999, 29.28886403399997], [-90.12723840099989, 29.288152833000026], [-90.13037119999996, 29.286767934000125], [-90.13174449899998, 29.285645035000186], [-90.13303199899991, 29.286618234000173], [-90.13294609899998, 29.289500233000126], [-90.13183029799995, 29.295264232000193], [-90.13024249899996, 29.295301632000076], [-90.12998499899993, 29.2985202320001], [-90.13067159799994, 29.29908163100015], [-90.1313153989999, 29.300092131000042], [-90.13358989799997, 29.300092131000042], [-90.13440529799993, 29.30039153200005], [-90.13509189799998, 29.302187932000038], [-90.13509189799998, 29.302824131000136], [-90.13766679699995, 29.303759731000127], [-90.13770969599994, 29.305294130000163], [-90.13801009699995, 29.30675363100005], [-90.13912589699999, 29.307202631000052], [-90.14032759599996, 29.307202631000052], [-90.14161499499988, 29.308100829000125], [-90.14247329599993, 29.30742723100019], [-90.14384659399997, 29.308475030000068], [-90.14483369499993, 29.31023383000013], [-90.14607819399993, 29.311169329000165], [-90.14697949299995, 29.31158103000007], [-90.14856729299993, 29.310271230000012], [-90.14933979299991, 29.309186031000024], [-90.14830979399994, 29.304732732000048], [-90.14753739399998, 29.302449932000002], [-90.14650739399991, 29.300092131000042], [-90.14504829499992, 29.29863253200017], [-90.14646449499992, 29.298220832000027], [-90.14603529399994, 29.297285232000092], [-90.14333159499989, 29.297023232000072], [-90.14200129599993, 29.29605013400004], [-90.14191539599994, 29.294253633000153], [-90.14092839599994, 29.293243134000136], [-90.13873969699995, 29.290286334000086], [-90.13805309699995, 29.28878913300008], [-90.13968379599999, 29.288676834000114], [-90.14041339699992, 29.287516535000123], [-90.14045629699996, 29.28594443500009], [-90.14011299699996, 29.285308135000037], [-90.13921179699997, 29.28235113500017], [-90.13680849699989, 29.281078436000087], [-90.13406189899996, 29.27928163600012], [-90.13157279899997, 29.282500835999997], [-90.13114369899989, 29.284222635000106], [-90.12676630099992, 29.280853836000176], [-90.1247064019999, 29.278982236000047], [-90.12204560199996, 29.27995543600008], [-90.11792580299993, 29.27935653600008], [-90.11835490299995, 29.280853836000176], [-90.11432090399995, 29.278907335000156], [-90.11200340499994, 29.276885935000053], [-90.1125184039999, 29.274789636000037], [-90.10994350499993, 29.273666637000133], [-90.11286180499991, 29.271719938000103], [-90.11037270599991, 29.268350738000038], [-90.10942850599997, 29.266553737000095], [-90.10728280699999, 29.260937940000076], [-90.11011520599993, 29.262585339000054], [-90.11174600499993, 29.262585339000054], [-90.11423500499995, 29.26003944100006], [-90.11329090499999, 29.257643240000107], [-90.1148359049999, 29.256969341000058], [-90.1148359049999, 29.255771240000115], [-90.11440670499991, 29.254872641000134], [-90.11406340499997, 29.25277584200012], [-90.1085702069999, 29.25247634100009], [-90.10814110699994, 29.253824241000075], [-90.10719690699989, 29.253599541000142], [-90.10745440699998, 29.25165254100017], [-90.10831270699993, 29.250679042000172], [-90.10419290799996, 29.247458842000185], [-90.10015880899994, 29.24768354300005], [-90.09851112299992, 29.24812456000018], [-90.1004333489999, 29.245752335000134], [-90.10194778299996, 29.245981216000132], [-90.10257720899995, 29.245546341000136], [-90.10268402099996, 29.24490547200014], [-90.10296630799996, 29.244836807000013], [-90.10387992799997, 29.245546341000136], [-90.10416793699989, 29.246141434000037], [-90.10469055099998, 29.246141434000037], [-90.10565566899999, 29.24559211700017], [-90.10547637899998, 29.245317459000034], [-90.1045608519999, 29.24540901200004], [-90.10445030799991, 29.244613042000083], [-90.10307710799998, 29.241673544000037], [-90.10198270899991, 29.241505043000075], [-90.10075960899991, 29.24264714400016], [-90.10103860899989, 29.239688845000046], [-90.10223388599991, 29.239202499000157], [-90.10411071799996, 29.23981285100018], [-90.10464858899996, 29.2396411900001], [-90.10582360799992, 29.238022444000137], [-90.10588800799997, 29.237142445000018], [-90.10537300799996, 29.234652146000144], [-90.1043216079999, 29.23306054500017], [-90.1044933089999, 29.23259234500017], [-90.10556610799995, 29.231993146000036], [-90.10573780799996, 29.230083245000003], [-90.1070253069999, 29.231244145000176], [-90.10762610799998, 29.23255494500006], [-90.1089135069999, 29.233715845000006], [-90.11054430699994, 29.234577246000185], [-90.1109306059999, 29.236561944000073], [-90.11097350699998, 29.23787264500004], [-90.11337670599988, 29.239333145000103], [-90.11565130499997, 29.23996974400012], [-90.1166812049999, 29.239819944000146], [-90.11796870399996, 29.24094334300014], [-90.11921320399989, 29.24139274400011], [-90.12453470299994, 29.23918334500013], [-90.1242772029999, 29.23813484400017], [-90.1227323029999, 29.235064045], [-90.12187400399995, 29.234427445000108], [-90.12200270399995, 29.233978046000118], [-90.1229469029999, 29.233903145000056], [-90.12380520399995, 29.234127846000092], [-90.12384810299994, 29.233491146000176], [-90.12264650399993, 29.232891946000166], [-90.12050070399994, 29.232180446000086], [-90.1191703049999, 29.232554946000164], [-90.11814030499994, 29.232030645000066], [-90.11642370499993, 29.231768445], [-90.11719620499997, 29.23128164700006], [-90.11650960499992, 29.230532645999972], [-90.11543670499998, 29.229746147000185], [-90.11410630599994, 29.230420246000108], [-90.11350550599997, 29.229970847000118], [-90.11479290599999, 29.228884747000166], [-90.11483590599988, 29.228472846000102], [-90.11243260599991, 29.22708714800018], [-90.11032980699991, 29.226712547000034], [-90.11041560799993, 29.224540348000176], [-90.10826980799993, 29.22285494700003], [-90.10535160899997, 29.221132048000072], [-90.10475080899988, 29.22270514799999], [-90.10324870899996, 29.221881148000023], [-90.10230460999992, 29.220420447000038], [-90.10080250999988, 29.218622649000167], [-90.09921471099989, 29.213453750000156], [-90.0983135109999, 29.212067851000143], [-90.10191830999992, 29.211318650000067], [-90.10543740899999, 29.21270454900008], [-90.10663900899999, 29.21427774900019], [-90.1090852079999, 29.21409044899997], [-90.11217510699993, 29.214764750000086], [-90.11286180699989, 29.215663649000135], [-90.11423500699993, 29.21821064800008], [-90.11681000599998, 29.218435349000117], [-90.11865530499989, 29.218922250000162], [-90.1204149049999, 29.218248049000067], [-90.12050070499993, 29.219072050000136], [-90.12165940399996, 29.22060774800019], [-90.12444890299992, 29.221693847999973], [-90.12560760299988, 29.22139424800008], [-90.12895500199988, 29.22289244800004], [-90.13050000099992, 29.2229673490001], [-90.13041410199992, 29.219633949000183], [-90.13071450199999, 29.218060850000143], [-90.13140120199989, 29.217236750000154], [-90.13457690099995, 29.216262951000147], [-90.13517770099998, 29.215251650000027], [-90.13650809999996, 29.211955451000108], [-90.13603599999993, 29.210981552000078], [-90.13762389999988, 29.211431052000137], [-90.13873969999992, 29.21113135100012], [-90.13891139999993, 29.21030735200003], [-90.13796719999993, 29.209932751000053], [-90.13809599999996, 29.208921352000118], [-90.13925469999998, 29.209033751000106], [-90.14333159899996, 29.210419650999995], [-90.14577779899997, 29.208209651000118], [-90.14830979799996, 29.20255325300019], [-90.14912519799998, 29.19891945400019], [-90.15058429699991, 29.19712125400008], [-90.15453259599997, 29.19491095500007], [-90.15594879599996, 29.193056456000193], [-90.15833059599993, 29.191408055000124], [-90.16011149599996, 29.189890656000102], [-90.1613989949999, 29.18597545700004], [-90.16129169499999, 29.18524485800009], [-90.1615491949999, 29.183952257000158], [-90.16249339499996, 29.182865658000082], [-90.16260059499996, 29.181516859000112], [-90.16077669499992, 29.18101095900016], [-90.16015449599996, 29.17954965900003], [-90.15974679499999, 29.17924996000005], [-90.15910299599989, 29.17934365900004], [-90.15880259599993, 29.178987657999983], [-90.15730059599991, 29.178200759000163], [-90.15691439699992, 29.17722655900002], [-90.15669979699993, 29.177264060000027], [-90.15620629699998, 29.176795659000106], [-90.15526209699999, 29.176664559000073], [-90.15466129699996, 29.175971359000073], [-90.15490809699992, 29.17584955900014], [-90.15560539699999, 29.17619615900003], [-90.15606679599995, 29.176205560000028], [-90.15614189699994, 29.17581206000017], [-90.15667829699993, 29.175680959000033], [-90.1569786959999, 29.175306259000138], [-90.15687139599993, 29.17400406000013], [-90.15815889699996, 29.17352636000004], [-90.15973599599988, 29.172617660000185], [-90.16065869599993, 29.170903360000068], [-90.16109859599999, 29.17051926099998], [-90.1615706959999, 29.16933886100003], [-90.16087329599992, 29.169029662000128], [-90.16054069599994, 29.16861746000012], [-90.16051919599994, 29.168280261000007], [-90.15697869699994, 29.167521361000126], [-90.15393169799995, 29.168945360000066], [-90.15339529699997, 29.169751060000124], [-90.14798799899995, 29.170912661000045], [-90.14189400099997, 29.172861260000047], [-90.14097130099992, 29.17273006000005], [-90.13438380299993, 29.174678558000153], [-90.13174450299988, 29.175577860000146], [-90.13037120399991, 29.176233660000037], [-90.13013520399994, 29.176758158000098], [-90.12897650399998, 29.176720758000044], [-90.12850440399995, 29.177282757000057], [-90.12794650399996, 29.177264059000095], [-90.12758170399997, 29.176833159000182], [-90.12668050399992, 29.17702045900006], [-90.11775410699994, 29.17971825700016], [-90.1152006079999, 29.180336557000146], [-90.11498610799998, 29.1798681570001], [-90.11150990899995, 29.18043025800017], [-90.1108233089999, 29.18037405700005], [-90.1106087089999, 29.180149158000177], [-90.10129611199989, 29.182003856000165], [-90.09896791199998, 29.18323095500017], [-90.09330311399998, 29.186780954000028], [-90.09170451399996, 29.187230555000156], [-90.08995571499992, 29.18735235600019], [-90.0866727149999, 29.189263155000106], [-90.08571781499995, 29.189665855000044], [-90.08270301599998, 29.190302754000072], [-90.0824670159999, 29.19097715400011], [-90.08157651599993, 29.191885653000043], [-90.0783256169999, 29.194283452000093], [-90.07653391799988, 29.194948353000143], [-90.07528941799995, 29.196521852000046], [-90.07471001799996, 29.19622215300018], [-90.07424871799992, 29.196184653000103], [-90.07346551799992, 29.196409453000058], [-90.07188831799994, 29.197692552000092], [-90.07116951899997, 29.19915355100011], [-90.07041851899999, 29.198657251000043], [-90.0680367199999, 29.200286851000044], [-90.06637371999989, 29.200961151000058], [-90.06535452099996, 29.20168225100008], [-90.06475372099999, 29.202150551000102], [-90.06464642099996, 29.202534452000123], [-90.06513991999998, 29.20283415100016], [-90.06482881999989, 29.202862250000067], [-90.06453912099988, 29.203227550000122], [-90.06113802199997, 29.20511925000011], [-90.06079472099998, 29.204922551000095], [-90.06011882199994, 29.20577474999999], [-90.06004372199999, 29.206355451000036], [-90.05929272099996, 29.206411649000017], [-90.05864892199997, 29.207085849000066], [-90.05868112199988, 29.207460450000042], [-90.05900630999997, 29.208047915000066], [-90.05875713699993, 29.208471476000057], [-90.05612182599998, 29.207281113000022], [-90.05591583299997, 29.207532883000113], [-90.05755996699992, 29.208402634000038], [-90.05779266399992, 29.208562851000067], [-90.05776786799998, 29.20874595600003], [-90.05677604699991, 29.209089279000068], [-90.05508041399992, 29.20918083200013], [-90.05307006799995, 29.210668564000116], [-90.05194663999998, 29.211172104000184], [-90.05191802999997, 29.211400986000115], [-90.05283355699993, 29.21144676199998], [-90.05265045199997, 29.21208763100003], [-90.05210304299999, 29.212156296000103], [-90.05137634299996, 29.211721420000174], [-90.05103301999998, 29.211721420000174], [-90.05097961399991, 29.212018967000176], [-90.05199432399996, 29.21252250700013], [-90.05199432399996, 29.212705612000093], [-90.05011939999997, 29.21208763100003], [-90.0499877929999, 29.212156296000103], [-90.0499877929999, 29.212408066000137], [-90.05165862999996, 29.213258743000097], [-90.0515289309999, 29.213464737000095], [-90.0499877929999, 29.21298027000006], [-90.0499877929999, 29.213163376000125], [-90.05142211899994, 29.21394538900006], [-90.0514507289999, 29.214128494000192], [-90.05123999099999, 29.21419684500006], [-90.0491008759999, 29.213647842000057], [-90.0490493769999, 29.213853836000055], [-90.05105590799991, 29.214746475000084], [-90.05103301999998, 29.214906693000046], [-90.04917907699996, 29.214586258000054], [-90.0491256709999, 29.214838028000088], [-90.0501937869999, 29.21568489100008], [-90.0500411989999, 29.21584510800011], [-90.0482120509999, 29.21568489100008], [-90.04795074499998, 29.21547889700014], [-90.04785156299994, 29.214792252000052], [-90.04910278299997, 29.212110519000134], [-90.04931068399992, 29.211263657000018], [-90.05011939999997, 29.21009635900009], [-90.05508422899999, 29.20423317000018], [-90.05633544899996, 29.20302009600016], [-90.05677795399998, 29.20283699000015], [-90.05766487099999, 29.201715469000135], [-90.0579299929999, 29.20036506700012], [-90.05863189699988, 29.19972419700008], [-90.05868530299995, 29.19924354600016], [-90.05931091299993, 29.19878578200013], [-90.05964851399989, 29.19782066300013], [-90.0602798459999, 29.197225571000104], [-90.06095886199995, 29.19477653500013], [-90.06241607699991, 29.193815230999974], [-90.06306838999996, 29.192304611000054], [-90.06395721399997, 29.19092750500016], [-90.06437301599999, 29.19058418300017], [-90.06442642199988, 29.190195084000038], [-90.06474304199998, 29.189714432000073], [-90.06542205799997, 29.18925666800004], [-90.0661773679999, 29.189142227000048], [-90.06599426299994, 29.188501358000053], [-90.06653976399997, 29.188226700000087], [-90.06620025599995, 29.18742561300013], [-90.06664466899991, 29.187082291000138], [-90.06682586699992, 29.186323166000136], [-90.06755828899992, 29.185041428000147], [-90.06816101099997, 29.184423447000086], [-90.06867980999994, 29.183530807000125], [-90.06980323799996, 29.183141708000164], [-90.06980323799996, 29.182821274000105], [-90.07058715799991, 29.18227195700007], [-90.07131957999997, 29.18135643000005], [-90.07136726399989, 29.180780411000114], [-90.07264709399999, 29.17899513200007], [-90.07460784899996, 29.17498970000014], [-90.07431536699994, 29.175153025000043], [-90.07376098599997, 29.17514610300003], [-90.07327079899989, 29.175481795999985], [-90.07336425799991, 29.175943375000088], [-90.07257080099998, 29.176370621000103], [-90.07226180999999, 29.176900864000174], [-90.07201385499991, 29.17701911900008], [-90.07154083299997, 29.17695045500011], [-90.07132339499998, 29.177919388000078], [-90.07083892799994, 29.17817115800011], [-90.07061767599993, 29.17862129200006], [-90.07036590599989, 29.17876625100007], [-90.07031822199997, 29.179136276000065], [-90.06964492799995, 29.180009842000004], [-90.06894493099992, 29.181787491000136], [-90.06842040999993, 29.182462692000115], [-90.06792449999995, 29.18348121600019], [-90.06736191099998, 29.183758802000057], [-90.0674514769999, 29.183130264000113], [-90.0684604629999, 29.18083763100003], [-90.06863403299997, 29.17954063400009], [-90.06838226299999, 29.17936897300018], [-90.06719207799995, 29.17944145200005], [-90.06651878399998, 29.179731368999967], [-90.06450653099995, 29.181077957000184], [-90.06295776399998, 29.18263816800004], [-90.0617065429999, 29.182836533000057], [-90.06148529099988, 29.183004379000067], [-90.06113433799999, 29.18376731900014], [-90.06088256799995, 29.183977127000105], [-90.06060790999999, 29.184942245000173], [-90.06041336099992, 29.18508338900017], [-90.06027221699998, 29.18589973400009], [-90.05994318999996, 29.186135576000083], [-90.05934333799996, 29.185590744000137], [-90.05908203099995, 29.185636520000173], [-90.05882644699989, 29.18651771500015], [-90.05760574399989, 29.187238693000154], [-90.05705070499988, 29.188306808000107], [-90.05558776899989, 29.18989372300007], [-90.05494880699996, 29.189886093000155], [-90.05470466499992, 29.189569473000063], [-90.05401828299989, 29.18997321900008], [-90.0532379149999, 29.189725876000125], [-90.05311584499992, 29.189039230000162], [-90.05297851599994, 29.188882828000033], [-90.0527000429999, 29.188962936000053], [-90.05244445799997, 29.189725876000125], [-90.05235350099991, 29.190806997000152], [-90.05175781299994, 29.190317154000184], [-90.05170631399994, 29.19005775500017], [-90.05143737799995, 29.18997764600016], [-90.05091857899993, 29.190229416000022], [-90.0505275729999, 29.190942764000113], [-90.04973983799994, 29.191518784000152], [-90.04940032999991, 29.192312240999968], [-90.04860496499998, 29.19286537200003], [-90.04843711899997, 29.193735123000124], [-90.04860687399997, 29.193960189999984], [-90.04978179899996, 29.194108963000133], [-90.04997253399989, 29.194288254000128], [-90.05007171599993, 29.194532394000078], [-90.04984092699993, 29.19546699500006], [-90.05016326899988, 29.196008682000013], [-90.05167388899997, 29.197095870999988], [-90.05243492099999, 29.198144913000135], [-90.05351257299998, 29.198606491000135], [-90.05358886699997, 29.199125290000154], [-90.05385589599996, 29.19948005700013], [-90.05457878099992, 29.199987411000166], [-90.05390167199994, 29.19994163500013], [-90.05155944899991, 29.198316574000046], [-90.04849624599996, 29.195783615000153], [-90.04668807999991, 29.194913864000057], [-90.04603767399993, 29.193948746000103], [-90.04627990599994, 29.19250297500014], [-90.04783058199996, 29.190732956000147], [-90.05157470699993, 29.18780708300011], [-90.05247497599993, 29.18742561300013], [-90.05851173399998, 29.183687210000187], [-90.06141853399998, 29.18164634700014], [-90.06764411899997, 29.177732468000045], [-90.07927703999991, 29.16996955899998], [-90.08003234899991, 29.168939589000047], [-90.08065795799996, 29.16839027400016], [-90.08206558199998, 29.167428970000003], [-90.08358001699997, 29.166810989000112], [-90.08420562699996, 29.166376114000116], [-90.0849380489999, 29.165342331000147], [-90.08538055399993, 29.16497612000012], [-90.08603668199993, 29.164701462000096], [-90.08736419799999, 29.163488388000133], [-90.08918952899995, 29.162572861000115], [-90.09328460599994, 29.15897560100001], [-90.09524535999998, 29.15769386300019], [-90.09565760899989, 29.157648267000184], [-90.09615325899989, 29.157991409000147], [-90.09886932299997, 29.157945633000054], [-90.09889411799992, 29.157739639000056], [-90.09808540199998, 29.157484055000054], [-90.0968093869999, 29.157438278000086], [-90.09620666399996, 29.15716743500019], [-90.09610176099989, 29.156618118000097], [-90.09884071299996, 29.154783249000047], [-90.10134506099996, 29.15260505700013], [-90.10536193799993, 29.149538040000152], [-90.10872649999999, 29.146558761999984], [-90.11368560799997, 29.143487930000106], [-90.11499023399989, 29.14284706100011], [-90.11850738499993, 29.14025688200013], [-90.12161254799997, 29.138811111000166], [-90.12273407099997, 29.13812446600008], [-90.12585448999988, 29.13578224200006], [-90.13890075599994, 29.127679824999973], [-90.14401245099992, 29.124849319000077], [-90.14510536099993, 29.12479209900016], [-90.14586257899998, 29.123662949000163], [-90.14998626699992, 29.12100791900008], [-90.15483856199995, 29.11819267300018], [-90.15624999999994, 29.116933823000124], [-90.15880584699994, 29.11553764300004], [-90.15956115699998, 29.11469078100015], [-90.16031646599993, 29.11469078100015], [-90.16052246099997, 29.114919661999977], [-90.16049766399993, 29.115354538000076], [-90.15942382799989, 29.116270065000094], [-90.1599769579999, 29.117116928000087], [-90.16013336099991, 29.11718559300016], [-90.16070747399988, 29.116865158000053], [-90.16026306099997, 29.11601829500006], [-90.16101837199994, 29.1156291960001], [-90.16122817899998, 29.115880966000134], [-90.16086387599995, 29.11620140100007], [-90.1611480709999, 29.116613388000133], [-90.16175079199996, 29.11638450600003], [-90.1626110059999, 29.11744117700016], [-90.16391372599998, 29.118379592999986], [-90.16487884399999, 29.118860245000178], [-90.16793060299995, 29.11982154800006], [-90.16837340599994, 29.11979874299999], [-90.16952133099994, 29.120119095000064], [-90.16986083899997, 29.12055778500013], [-90.17040824799989, 29.12055778500013], [-90.17072105299991, 29.12129020700013], [-90.17100906299993, 29.121404648000123], [-90.17145156799995, 29.12076377900013], [-90.17234039299996, 29.12076377900013], [-90.17236518799996, 29.120580673000063], [-90.1713733659999, 29.119825363000075], [-90.17134857199989, 29.119684219000135], [-90.17176818799999, 29.119321823000178], [-90.17223358199993, 29.11924934400014], [-90.1735610959999, 29.119642258000113], [-90.17465972799994, 29.119642258000113], [-90.17820930399989, 29.118612289000055], [-90.17969512799993, 29.117536545000064], [-90.18084716799996, 29.115816116000076], [-90.18199157599997, 29.113183975000027], [-90.18214797899992, 29.111349106000148], [-90.1842613209999, 29.109998703000088], [-90.1842880239999, 29.109609604000127], [-90.18410491899994, 29.109449387000097], [-90.18220478599994, 29.110432425000056], [-90.18160247799989, 29.1092433930001], [-90.1809768679999, 29.108579636000172], [-90.17975044299999, 29.10766410800005], [-90.17698669499998, 29.10628700300009], [-90.17623138499994, 29.105760574000158], [-90.17596435499996, 29.105737685999998], [-90.17596435499996, 29.10644722000012], [-90.1756286609999, 29.106904984000153], [-90.17471313599992, 29.10681343100015], [-90.17408752399996, 29.10697364800012], [-90.17359161399992, 29.107294083000113], [-90.17215728799994, 29.10779762300018], [-90.17061996399991, 29.108873367000058], [-90.1670207969999, 29.110773086999984], [-90.16634178099997, 29.11130332900018], [-90.16636657699996, 29.111509322000074], [-90.16688918999995, 29.11173820500011], [-90.1676731099999, 29.111486435000074], [-90.17028045499995, 29.11018180800005], [-90.17135047799997, 29.109838486000058], [-90.17377471799989, 29.109518051000066], [-90.17395782399996, 29.109746932999997], [-90.17377471799989, 29.109884262000094], [-90.17056846499992, 29.11068534900005], [-90.1673812869999, 29.112218857000073], [-90.16652634899992, 29.112287404000142], [-90.16543006799992, 29.112058640000043], [-90.16493225099993, 29.112173080000105], [-90.16448974499991, 29.11295127900013], [-90.16407012999991, 29.11334037800009], [-90.16227340499995, 29.114667892000114], [-90.16188148499992, 29.11480487900019], [-90.16086578399995, 29.11409568800019], [-90.16060638299996, 29.113615036000056], [-90.16081237699996, 29.1133174900001], [-90.16456794699991, 29.110887527000045], [-90.16866493099997, 29.108873367000058], [-90.17192840599989, 29.10667610200005], [-90.17427253599999, 29.105302811000172], [-90.17633437999996, 29.10454750100007], [-90.1781330099999, 29.103586197000084], [-90.1789703369999, 29.103311539000117], [-90.17899322399995, 29.10312843300005], [-90.18027114799997, 29.102464676000125], [-90.18050575299992, 29.102186203000088], [-90.18225860599995, 29.101774216000024], [-90.18350982699997, 29.101293564000002], [-90.18436622599995, 29.10067558300011], [-90.18465423499998, 29.100629807000075], [-90.18522834699996, 29.100950241000135], [-90.18796539099998, 29.099462509000148], [-90.18939971799989, 29.09909629800012], [-90.19409370299996, 29.097311020000177], [-90.1949024189999, 29.097311020000177], [-90.19758796699995, 29.096303939999984], [-90.20019721899996, 29.095800400000087], [-90.20497131299999, 29.094285965000097], [-90.20992278999995, 29.091558456000087], [-90.21232604999994, 29.09055137600012], [-90.21409606899994, 29.089475632000074], [-90.21667671099993, 29.088422775000083], [-90.21902465799997, 29.087160110000184], [-90.22358703499998, 29.085077286000114], [-90.22415923999989, 29.085283279000066], [-90.2250976549999, 29.085191727000108], [-90.22496795699999, 29.085855484000035], [-90.22368621899994, 29.085992813000132], [-90.22272491499996, 29.087205887000152], [-90.22267532199993, 29.087732315000153], [-90.22311782699995, 29.088739395000175], [-90.22285842899998, 29.091260910000187], [-90.22270202499993, 29.09135246300019], [-90.22251891999997, 29.091238022000084], [-90.22217941299994, 29.089750290000097], [-90.22171020399992, 29.089750290000097], [-90.22189330999998, 29.091466904000185], [-90.22254562299997, 29.09233665500011], [-90.22192001199988, 29.096094131000143], [-90.22163393799991, 29.09671208000003], [-90.22103118899997, 29.097146988000134], [-90.22108459499998, 29.097993851000126], [-90.22094352599999, 29.098201643000095], [-90.21970367199992, 29.09932518000005], [-90.21946716199989, 29.100561142000174], [-90.21868705599991, 29.10127067600007], [-90.21665191799991, 29.102117538000186], [-90.21652221699992, 29.10287666300019], [-90.21618461499997, 29.10340309100002], [-90.21326446499995, 29.1054401400001], [-90.21302985999989, 29.105417252000166], [-90.21243286099997, 29.104799271000104], [-90.21221923799999, 29.10477638200007], [-90.2123775469999, 29.106149673000118], [-90.21219444199988, 29.106424332000188], [-90.2098216999999, 29.10768699600004], [-90.20906639099996, 29.10757255600015], [-90.20877837999996, 29.10887718200007], [-90.2078914629999, 29.109289169000135], [-90.20757293699995, 29.109952927000165], [-90.20757293699995, 29.11137580900015], [-90.2091655719999, 29.112947464000058], [-90.20805358899992, 29.11373710600003], [-90.20817565899989, 29.11387062100016], [-90.20812606799996, 29.114282608000053], [-90.20780944799998, 29.114923477000048], [-90.20796966599988, 29.115404129000183], [-90.20924520999995, 29.11515291500018], [-90.20971679599995, 29.11533546400011], [-90.21548271099988, 29.12365150500011], [-90.21649932999998, 29.124818802000163], [-90.21646499499991, 29.125230789000057], [-90.21868324199994, 29.125230789000057], [-90.2173614489999, 29.123006821000047], [-90.21676063399997, 29.122320175000084], [-90.21556091199989, 29.120122910000077], [-90.21352577199997, 29.118337631000088], [-90.21295165899994, 29.11750984200006], [-90.21295165899994, 29.11698341400006], [-90.21368408199993, 29.11631965600003], [-90.21277018099988, 29.116388199000085], [-90.2124557489999, 29.116250992000175], [-90.21133613599994, 29.114351273000125], [-90.2099781039999, 29.112909317000174], [-90.20943450899995, 29.111604691000082], [-90.20951080299989, 29.110570908000057], [-90.20989990099991, 29.109518051000066], [-90.21031951899994, 29.108945846999973], [-90.21177673199998, 29.10773277300018], [-90.21373367199993, 29.106859207000184], [-90.21780395399992, 29.10411262500014], [-90.22038268899996, 29.101522446000104], [-90.22150421099997, 29.100126266000075], [-90.22296905499991, 29.099092484000153], [-90.2231750489999, 29.098772049000047], [-90.22335433899991, 29.097536087000094], [-90.22460937499994, 29.09531593300005], [-90.22507476699997, 29.09370994600016], [-90.22575378399995, 29.092199326000184], [-90.22627258199998, 29.089929581000092], [-90.22655868399988, 29.086908340000093], [-90.22687073699996, 29.085879831], [-90.22929382299998, 29.087045670000123], [-90.23198318399994, 29.087732315000153], [-90.23391342099995, 29.087663651000184], [-90.23743438599996, 29.08697319000015], [-90.23999023299996, 29.086652756000092], [-90.24173736499989, 29.085985184000094], [-90.24277877699996, 29.086076736000052], [-90.24353599399996, 29.086534500000084], [-90.24340629499989, 29.0891475680001], [-90.24306557799997, 29.089490491000163], [-90.24259948699995, 29.089262009000095], [-90.24241638099988, 29.08901023900006], [-90.24246978799994, 29.088071823000178], [-90.24210166799998, 29.08800315900004], [-90.24173736499989, 29.0888500210001], [-90.24184226899996, 29.089925766000192], [-90.24092864899995, 29.09084129300004], [-90.24100496699998, 29.092033865000076], [-90.2406463619999, 29.09189796400011], [-90.23999214099996, 29.09121131900008], [-90.2394714369999, 29.08990669300016], [-90.23915862999996, 29.089651108000055], [-90.23853301999998, 29.089494705000163], [-90.23751068199988, 29.089445114000057], [-90.23743438599996, 29.089586258000168], [-90.2381134019999, 29.090730667000116], [-90.23790359399999, 29.09176063500007], [-90.23735634199988, 29.092172542000128], [-90.23594856199992, 29.091829300000143], [-90.2354812619999, 29.09141731300008], [-90.23527145299988, 29.09038734400019], [-90.23503494199991, 29.090112686000055], [-90.23456573399994, 29.089929581000092], [-90.23410034199998, 29.089265823000062], [-90.23390960699999, 29.08938026400017], [-90.23388671899988, 29.0898151400001], [-90.2342758179999, 29.09098243700015], [-90.23401740399993, 29.09109644299997], [-90.23339271399993, 29.090730667000116], [-90.23141479499998, 29.090066910000132], [-90.23125457799995, 29.089677811], [-90.23154449499998, 29.089357376000066], [-90.23143768299991, 29.089197159000037], [-90.23020935099998, 29.08944892900007], [-90.23020935099998, 29.08983802800003], [-90.22989654399993, 29.090066910000132], [-90.22989654399993, 29.090410233000057], [-90.23078625799991, 29.090250405000177], [-90.23263549799998, 29.091165543000045], [-90.23294830299994, 29.09137153600011], [-90.23294830299994, 29.091646194000077], [-90.23162078899998, 29.092931747000137], [-90.23055076499998, 29.093481064000002], [-90.2305755619999, 29.094305038000186], [-90.23023795999995, 29.09483146700012], [-90.2295837399999, 29.09512901300002], [-90.22945404099994, 29.095724106000148], [-90.23031806799992, 29.095724106000148], [-90.23568916199997, 29.094144821000157], [-90.23670288099999, 29.094053529000064], [-90.23790550099994, 29.09439659100019], [-90.23783625099998, 29.09458475500014], [-90.23686218199992, 29.09499168400015], [-90.23693847699997, 29.095197678000147], [-90.23738861099997, 29.095335007000017], [-90.23829841499997, 29.09528923000005], [-90.23892211799995, 29.095083237000154], [-90.23936843799993, 29.09514808700004], [-90.23957633899988, 29.095331192000174], [-90.23957633899988, 29.095632553000144], [-90.24009704499991, 29.095560074000105], [-90.24043273899997, 29.095766068000103], [-90.24137687599995, 29.097440720000066], [-90.24134826699998, 29.097623825000028], [-90.24095916599993, 29.09766960100012], [-90.24098205699994, 29.09794426000019], [-90.24171447799989, 29.09872245800011], [-90.24152197599994, 29.099709278000034], [-90.24512677599995, 29.102671578000184], [-90.24581347499992, 29.103533978000144], [-90.24362477599993, 29.10304657800009], [-90.24268067599996, 29.10364647800003], [-90.24289517599999, 29.104546477000156], [-90.24353897599997, 29.105183877000115], [-90.2419510759999, 29.105033877000153], [-90.24079237699999, 29.105258877000097], [-90.2405348769999, 29.106608677000054], [-90.23877537699997, 29.107771076000063], [-90.23553527799993, 29.10861467600006], [-90.23525627799995, 29.10930837700016], [-90.23576057699995, 29.109795776000055], [-90.23442477799989, 29.109692676000066], [-90.23355577799992, 29.110241076000136], [-90.23351817799994, 29.11079877600008], [-90.2341780779999, 29.11097687600011], [-90.2342531779999, 29.111370576000127], [-90.23384747799992, 29.11198277600016], [-90.23376227899996, 29.11179477500019], [-90.23350217799992, 29.111843976000046], [-90.23342167799996, 29.112129875000164], [-90.2335584789999, 29.112469575000034], [-90.23318297799989, 29.113360075000173], [-90.2331668789999, 29.1147309750001], [-90.2326142789999, 29.115569875000062], [-90.23267327899993, 29.11619077500012], [-90.23254727799997, 29.116340775000083], [-90.23290937899992, 29.116692275000048], [-90.23267867799996, 29.117128074000107], [-90.23257947799999, 29.11842387400003], [-90.23286107899992, 29.118524674000184], [-90.2326357789999, 29.118925374000128], [-90.23220127799993, 29.11895117400013], [-90.23160577899989, 29.119956374000026], [-90.23177207899988, 29.120598374000167], [-90.23308907799998, 29.12191527400006], [-90.2326116779999, 29.122486973000036], [-90.23270287799988, 29.12304927300005], [-90.23250437799999, 29.12398657300014], [-90.23254187799989, 29.124731672000053], [-90.23284227799996, 29.125054972000157], [-90.23252047799997, 29.125303372000076], [-90.23250967799999, 29.125673573000086], [-90.23150117899996, 29.126067173000138], [-90.23152267799992, 29.126189072000045], [-90.23171577899996, 29.126367072000164], [-90.23219317799999, 29.12628277300007], [-90.23258477799999, 29.12643737200011], [-90.2325633779999, 29.12699507299999], [-90.23292277799999, 29.127215272], [-90.23286917799999, 29.127449572000046], [-90.23236487799988, 29.127219972000034], [-90.23215567799991, 29.127594872000145], [-90.23127057799996, 29.127772972000173], [-90.23116327799994, 29.128532071000166], [-90.23145827799993, 29.128794472000095], [-90.23151727799996, 29.129066271000113], [-90.23133487799993, 29.129464571000028], [-90.23218787799999, 29.12993317100012], [-90.2322736779999, 29.13025177100019], [-90.23254187799989, 29.130422872000054], [-90.23351557699999, 29.130258871000024], [-90.2342745769999, 29.129766770999993], [-90.23471987799996, 29.129937872000028], [-90.23546017699994, 29.130509572000108], [-90.2359643769999, 29.131418571999973], [-90.23650087699997, 29.131924671000036], [-90.23677977599988, 29.131952772000147], [-90.23734837599994, 29.13145837100018], [-90.23785267699992, 29.131704372000172], [-90.23848567599998, 29.13123587200016], [-90.23895777599995, 29.13131547100005], [-90.23970337599991, 29.131217071000094], [-90.23997697599992, 29.130968772000074], [-90.24068507499999, 29.13100627200015], [-90.24092107499996, 29.131531071000154], [-90.24136637599997, 29.131938671000114], [-90.24126447499998, 29.13245417100012], [-90.24158097499992, 29.133096072000058], [-90.24160777499992, 29.133967671000164], [-90.24253047499991, 29.136638470000037], [-90.2445045739999, 29.138456469999994], [-90.24538427399995, 29.139937070000144], [-90.24526627399996, 29.140386870000043], [-90.24571687399992, 29.140602470000147], [-90.24642497399998, 29.140630570000155], [-90.2466824739999, 29.140386870000043], [-90.24985827299992, 29.13932797000018], [-90.25049127299991, 29.139262370000097], [-90.25063067199989, 29.139440470000068], [-90.25050197299998, 29.13977777000008], [-90.25129587199996, 29.139993370000184], [-90.25195037299994, 29.13975907000014], [-90.25175727199996, 29.139590370000064], [-90.2521005719999, 29.139440470000068], [-90.25247607199998, 29.13973097000013], [-90.25308757199997, 29.13955287000016], [-90.25519047199998, 29.139609070000176], [-90.25551237099995, 29.139477970000144], [-90.25746496999994, 29.13967467000009], [-90.2583018709999, 29.139890269999967], [-90.2584466699999, 29.140171370000132], [-90.2588650699999, 29.140236970000103], [-90.25907426999999, 29.140236970000103], [-90.25932646999996, 29.139941770000178], [-90.25985216999993, 29.140044870000168], [-90.26130056999995, 29.139829370000086], [-90.26261476899998, 29.139918370000032], [-90.26319416899997, 29.13979187000018], [-90.26360726899998, 29.13989027100007], [-90.2638834689999, 29.140243970000142], [-90.26421876899991, 29.14012687100012], [-90.26484376799993, 29.140206470000066], [-90.26415176899997, 29.14052977000017], [-90.26427776899999, 29.140754670000092], [-90.26339806999988, 29.14089997000002], [-90.26348916899997, 29.141307570000038], [-90.26222856999999, 29.141942470000174], [-90.26196036899995, 29.14227046900004], [-90.2615553689999, 29.14214397000012], [-90.26137296999991, 29.141897970000002], [-90.26075336899999, 29.14208067000004], [-90.26051996999996, 29.142364170000064], [-90.2603778699999, 29.14211346899998], [-90.25987896999993, 29.142015070000127], [-90.25911716999997, 29.142410970000185], [-90.25891336999996, 29.141736269000035], [-90.2586451709999, 29.141717570000026], [-90.25861296999989, 29.141455170000143], [-90.25835546999991, 29.141352070000153], [-90.25810867099995, 29.141417670000067], [-90.25757226999997, 29.14209236900001], [-90.25735497099998, 29.14208066900011], [-90.25741667099993, 29.141911970000137], [-90.25721287099998, 29.141822969000145], [-90.25656647099993, 29.14195887000011], [-90.2560809709999, 29.142293870000117], [-90.2558905709999, 29.14230557000019], [-90.25590397099995, 29.14198697000012], [-90.25536217099994, 29.142345369000168], [-90.2546700719999, 29.142378170000143], [-90.25428387099998, 29.14211577000009], [-90.25352217199998, 29.142860769000038], [-90.25309297199999, 29.143010669000148], [-90.25300717199997, 29.143207469000117], [-90.25325927199998, 29.14337616900019], [-90.25321637199988, 29.14350736900002], [-90.25266117199993, 29.14385876900019], [-90.25166337199988, 29.143863468999996], [-90.25116717199995, 29.144153969000058], [-90.25105717199995, 29.14442336900015], [-90.25048047199988, 29.144481869000003], [-90.24991187299992, 29.14493166900013], [-90.24960077199995, 29.14426636900015], [-90.24935397299993, 29.144479568999998], [-90.24875587299994, 29.144439769000087], [-90.24859757299998, 29.144561569000075], [-90.24867537299991, 29.144800469000074], [-90.24783587399992, 29.14503476900012], [-90.24791097299993, 29.145329968000112], [-90.24724577299997, 29.145807768000054], [-90.24683807299988, 29.145924969000077], [-90.24634457399992, 29.145667268000125], [-90.24615677399999, 29.145999868000104], [-90.24570077299995, 29.14620606800014], [-90.24591007299995, 29.146351268000046], [-90.24566327299993, 29.146576168000024], [-90.24503027399999, 29.14626226900009], [-90.2443060739999, 29.147517868000136], [-90.24485327399998, 29.147653767999998], [-90.24512677399997, 29.147892668000054], [-90.24516567399996, 29.148217168000087], [-90.2447512739999, 29.1485673680001], [-90.24464937399989, 29.148890668000035], [-90.24485327399998, 29.149907268000106], [-90.24564177299993, 29.15025396700014], [-90.24595827299993, 29.150164967000023], [-90.24752467299993, 29.151139467000007], [-90.24866197299997, 29.15153296799997], [-90.25087747199996, 29.15272756700017], [-90.25125837199988, 29.152549568000097], [-90.25114567199995, 29.152376267000022], [-90.25136027199994, 29.15213726700017], [-90.25126907199996, 29.151809367000055], [-90.25140317199993, 29.15116756800012], [-90.25182157199993, 29.153205467000078], [-90.2525189719999, 29.153912866999974], [-90.25303667199995, 29.153791067000043], [-90.25303127099994, 29.153598967000164], [-90.25327537199996, 29.153641167000103], [-90.25328607099993, 29.154102567000052], [-90.25306887099993, 29.15443056700019], [-90.25323247099999, 29.154639067000062], [-90.2543643709999, 29.154793567000013], [-90.25493837099998, 29.154554667000184], [-90.25592007099993, 29.155248067000173], [-90.25552847099993, 29.155397967000113], [-90.25545867099993, 29.155828967000105], [-90.25525486999999, 29.15603976600005], [-90.25579127099996, 29.15700016699998], [-90.25565716999995, 29.15707746600009], [-90.25543457099991, 29.156868966000047], [-90.25533796999991, 29.157506066000053], [-90.25511537099999, 29.157766066000022], [-90.25467007099996, 29.157566966000104], [-90.25492757099988, 29.15719686600005], [-90.25471837099997, 29.156559766000044], [-90.25447167099992, 29.156325566000078], [-90.25467277099995, 29.155976566000106], [-90.25410417099988, 29.155226967000033], [-90.25343897099998, 29.155177767000055], [-90.25390837099991, 29.156742466000082], [-90.25284887199996, 29.1566909660001], [-90.25192357199995, 29.15628336600014], [-90.25138177199995, 29.15643566700004], [-90.25114567199995, 29.157032966000145], [-90.25150507199993, 29.157133666000107], [-90.25109737199995, 29.157274166000036], [-90.2505877719999, 29.157922966000058], [-90.25028737199989, 29.158548366000105], [-90.25028207199989, 29.159131666000064], [-90.24967317199997, 29.15929326500003], [-90.24893557299998, 29.159119966000162], [-90.24882287199989, 29.159621165000146], [-90.24911657199993, 29.159705466000105], [-90.24938077199994, 29.16058146600011], [-90.24975897199988, 29.16054636500013], [-90.24994407199995, 29.160750165000138], [-90.25025517199998, 29.160747766000043], [-90.25018007199992, 29.161225665000018], [-90.2494478719999, 29.162530265000157], [-90.2490294719999, 29.16286516500014], [-90.24850367199997, 29.162855765000074], [-90.24801827199991, 29.163239964000184], [-90.24810407199999, 29.163563164000095], [-90.2485117729999, 29.16362406500008], [-90.24876387199998, 29.163431965000143], [-90.24920917199995, 29.163628765000112], [-90.24943447199996, 29.16356786400013], [-90.24970267199996, 29.163848865000034], [-90.24968117199995, 29.164083164000147], [-90.25051807199998, 29.164448464000145], [-90.2506789709999, 29.16572726400011], [-90.25052877199988, 29.16629176400005], [-90.25033297199997, 29.166226164000136], [-90.25033297199997, 29.165846764000037], [-90.24996017199993, 29.165781164000123], [-90.24973217099989, 29.165818664000028], [-90.24941297199996, 29.1663713640001], [-90.24973487199992, 29.166443964000052], [-90.25015327199992, 29.167057664000026], [-90.25052877199988, 29.167319964000058], [-90.25217567099992, 29.16744176399999], [-90.25346317099996, 29.16677656400003], [-90.25357576999994, 29.166874963999987], [-90.25342557099998, 29.166963964000104], [-90.25398347099991, 29.16712326400011], [-90.25447167099992, 29.16752606400007], [-90.25367767099993, 29.16732466400009], [-90.25281407099999, 29.167469864000054], [-90.25314667099997, 29.168097564000107], [-90.25335587099994, 29.168139664000023], [-90.25326996999996, 29.16836456400017], [-90.25358117099995, 29.16855186400005], [-90.25343097099994, 29.169481663000113], [-90.25316537099991, 29.169608163000134], [-90.25315467099995, 29.16989626300017], [-90.25346317099996, 29.169924363000177], [-90.25329947099999, 29.17015856300003], [-90.25462717099998, 29.170603564000146], [-90.25440726999989, 29.17119376300002], [-90.25483636999996, 29.171559063000075], [-90.25534606999997, 29.172364763000132], [-90.25596826999993, 29.172285063000118], [-90.25588786999992, 29.17255676299999], [-90.25623116999992, 29.17264106300007], [-90.25659596999998, 29.172341263000135], [-90.25684806999999, 29.17361536300001], [-90.25764736899993, 29.174940863000074], [-90.25808726899993, 29.17510946200008], [-90.25836616899988, 29.175437362000082], [-90.25803896899993, 29.175734763000037], [-90.25769566899993, 29.176481862000173], [-90.25755076899992, 29.176369462000082], [-90.25732286899989, 29.176561462000166], [-90.25657446999998, 29.176589562000174], [-90.25654496899995, 29.176772262000043], [-90.25466633599996, 29.178465415000062], [-90.25425436999996, 29.179648062000126], [-90.25436706999994, 29.180226462000178], [-90.2534335709999, 29.180069561000096], [-90.25297766999995, 29.180788561000043], [-90.25297226999993, 29.18103906099998], [-90.25372866999999, 29.181587061000073], [-90.2544447699999, 29.181746261000058], [-90.2546110699999, 29.182088161000138], [-90.25514216999989, 29.182261461000053], [-90.25534066899996, 29.18248626100018], [-90.25535946999992, 29.182886761000134], [-90.25557936999991, 29.18304126000004], [-90.25511536899995, 29.184001460000047], [-90.2554559699999, 29.184551760000147], [-90.25606486899994, 29.184474461000036], [-90.25620966999992, 29.184614960000033], [-90.25655036899997, 29.184371360000114], [-90.25699026899991, 29.18442996000016], [-90.2575534689999, 29.184165360000122], [-90.25824276899993, 29.184198160000165], [-90.25857806899995, 29.183996760000014], [-90.25849766899995, 29.18441126100015], [-90.25807656899991, 29.184469761000173], [-90.25756956899988, 29.18512776000017], [-90.2575481689999, 29.185668660000147], [-90.25768226899999, 29.185764760000097], [-90.25746766899994, 29.186265859999992], [-90.25795316899996, 29.186706060000006], [-90.25813286899995, 29.186701359999972], [-90.25805236899998, 29.187076060000095], [-90.25781096799989, 29.187087760000168], [-90.25799336899996, 29.187333660000093], [-90.25782706899997, 29.187335959000166], [-90.25769296899989, 29.18780426000012], [-90.25821596899999, 29.188312459000144], [-90.25813016799992, 29.188373360000128], [-90.25981186799999, 29.18944345900013], [-90.26008546799989, 29.189963259000137], [-90.26056826799993, 29.190293459000088], [-90.26039126799998, 29.190602559000126], [-90.2607587679999, 29.19088815900011], [-90.26053076799997, 29.191539159000172], [-90.26061926799991, 29.191770959000166], [-90.26012576799991, 29.192501558000117], [-90.26031616799997, 29.193002559000092], [-90.26013376799989, 29.193189959000108], [-90.25929426799996, 29.193112658000018], [-90.25931036799994, 29.193557558000066], [-90.25902066799989, 29.19388535900009], [-90.25907426899988, 29.194732957999975], [-90.25939616799997, 29.19468145800016], [-90.25944976799997, 29.194873458000075], [-90.25914936799995, 29.195093558000167], [-90.25897506799993, 29.196055858000193], [-90.25877656799992, 29.196250258000134], [-90.25872026799999, 29.19742095800018], [-90.25889186799998, 29.19786115700009], [-90.25855926799989, 29.198910057000035], [-90.25849496799998, 29.199743657000056], [-90.25822676799993, 29.199631257000192], [-90.25813016799992, 29.19984665700008], [-90.2584627679999, 29.20201935700004], [-90.25885976799998, 29.202525156000092], [-90.25937466799996, 29.202773257000104], [-90.25951956699993, 29.20373325600019], [-90.25946056699996, 29.20395325600009], [-90.25909576799995, 29.203794056000106], [-90.25877386799988, 29.20339605600003], [-90.25828036799999, 29.203119856000058], [-90.25813556799994, 29.203288355999973], [-90.25735766899993, 29.20296055600005], [-90.25593076799993, 29.202848257000085], [-90.25632776899994, 29.204332556000054], [-90.25618286799994, 29.204365356000096], [-90.25581276799994, 29.20368635600005], [-90.25548016799996, 29.20378005599997], [-90.25545336899995, 29.204271756000026], [-90.25498126899998, 29.20420615500018], [-90.25487936899998, 29.20445905600002], [-90.25431606899991, 29.204580755000052], [-90.2543053689999, 29.204749356000093], [-90.25383326899993, 29.20502095600017], [-90.25323246999994, 29.20492255500011], [-90.25311446899997, 29.20529715500004], [-90.25359186899993, 29.206186855999988], [-90.25330216999998, 29.206514655000035], [-90.25340946999995, 29.206795554999985], [-90.25309836899999, 29.20729185500005], [-90.25331286899996, 29.207497955000065], [-90.25299106899996, 29.20776945500012], [-90.25263696899998, 29.20781635500009], [-90.25273356999998, 29.208228355000074], [-90.2524224689999, 29.208396955000183], [-90.25250826999991, 29.208631055000183], [-90.25203086899995, 29.209298255000135], [-90.25088286999988, 29.20916485400005], [-90.2507701699999, 29.209309955000037], [-90.25110816999995, 29.211276554000108], [-90.25118856899996, 29.21331325400007], [-90.25168216999992, 29.214053053999976], [-90.25259406999999, 29.21462425400017], [-90.2524224689999, 29.214727253000092], [-90.2525726689999, 29.214858354], [-90.25229366899998, 29.2149894530001], [-90.25159626899995, 29.214905153000075], [-90.25090966999988, 29.215101853000192], [-90.25027666999989, 29.216122453000082], [-90.25054486999989, 29.216422153000167], [-90.25020156999994, 29.216375353000046], [-90.25007276999992, 29.21655325300003], [-90.25002986899995, 29.217012053000133], [-90.25038396899998, 29.21746155300019], [-90.2500835699999, 29.21750835299997], [-90.2498474699999, 29.21775185300004], [-90.24962216999995, 29.21893165300014], [-90.25096326999989, 29.218763052000156], [-90.25078086899998, 29.21903465200006], [-90.25095256899988, 29.21904405300006], [-90.25046976899989, 29.21927805300004], [-90.25064146999989, 29.219793152000136], [-90.2504268699999, 29.220027152000114], [-90.25046976899989, 29.220354952000037], [-90.2503302689999, 29.22011145199997], [-90.24947196999995, 29.219774353000048], [-90.2493190699999, 29.219994452000094], [-90.24888456999992, 29.219947652000087], [-90.24839906999989, 29.220322151999994], [-90.24812016999994, 29.21997105200012], [-90.24757837099992, 29.219963952000057], [-90.24739326999998, 29.22028465200009], [-90.2464679709999, 29.220343252000134], [-90.2464196709999, 29.22065925200019], [-90.24616486999997, 29.22079035200005], [-90.24604147099996, 29.221171851000065], [-90.24455817099988, 29.221986552000033], [-90.24435167099995, 29.22237745100017], [-90.24394667099995, 29.22256935100006], [-90.24373477199998, 29.222492152000143], [-90.24299447099992, 29.222730851000108], [-90.24269407199995, 29.22259745100007], [-90.2425894719999, 29.22272155200011], [-90.24174987199996, 29.222658352000053], [-90.24155407199993, 29.22230725200012], [-90.24136907199988, 29.222309551000023], [-90.24099087199988, 29.222492152000143], [-90.24047587199999, 29.223360551000155], [-90.23958267199998, 29.22332785100008], [-90.23943517199996, 29.22346595100015], [-90.23947267199992, 29.22379125100008], [-90.23910797199994, 29.22390135100011], [-90.23899527299994, 29.223746851000158], [-90.23859827199999, 29.223793651000108], [-90.23773197199989, 29.224566051000068], [-90.23711777299997, 29.22443265100003], [-90.23716067299995, 29.22503654999997], [-90.23662157299992, 29.22564525000007], [-90.23657857299992, 29.22631705000009], [-90.23600467299997, 29.226735951000023], [-90.23607167299991, 29.227176050000082], [-90.23576327299998, 29.227478051000105], [-90.23500687399991, 29.227880650000145], [-90.23394737299992, 29.227934450000134], [-90.23377837399988, 29.227892350000047], [-90.23377307399988, 29.227679350000187], [-90.23310787399998, 29.22769805000013], [-90.23297637399997, 29.227915750000193], [-90.2329307739999, 29.22833705000005], [-90.23381057399996, 29.229439549000062], [-90.23424777399998, 29.2290696500001], [-90.23466617399998, 29.228947950000133], [-90.23536357399996, 29.22910485000017], [-90.23559957299994, 29.229521450000163], [-90.23604487299991, 29.229245250000076], [-90.23608237299999, 29.22951675000013], [-90.23647667299991, 29.22958695000011], [-90.2364793729999, 29.230570049000164], [-90.23725187299993, 29.233079249000127], [-90.23847497199989, 29.234745749000183], [-90.23909717199996, 29.23521384900016], [-90.23903287199988, 29.235756849000154], [-90.23956927199993, 29.236187547999975], [-90.23999847199991, 29.23607514800011], [-90.24066367099988, 29.236299849000147], [-90.24128587099995, 29.237142449000032], [-90.2421656709999, 29.236618148000105], [-90.24484787099999, 29.237123747999988], [-90.24495517099996, 29.23686154800015], [-90.24553446999994, 29.23663684900015], [-90.24712236899995, 29.23654324800009], [-90.24725116899998, 29.236093849000156], [-90.24787336999992, 29.23560704900018], [-90.24810946999992, 29.236000248000153], [-90.24901066999996, 29.236037748000058], [-90.24923056899996, 29.235452549], [-90.2499118689999, 29.234881449], [-90.24983136899993, 29.23427764900015], [-90.2501800689999, 29.23380015000015], [-90.25171436899996, 29.23333204900007], [-90.25222396899994, 29.233383550000156], [-90.25156406899993, 29.23496104900005], [-90.2523473679999, 29.235836449000146], [-90.25221856799999, 29.23607044900018], [-90.2524009679999, 29.236444949000088], [-90.25225076899994, 29.236889648000158], [-90.25257796799997, 29.237835248000067], [-90.25250826799999, 29.238251849000164], [-90.25284616799996, 29.23912244800016], [-90.25093646899995, 29.23894464800003], [-90.25072186899996, 29.239141248000124], [-90.25016396899991, 29.240334848000145], [-90.25069506799997, 29.24101824799999], [-90.25071656799997, 29.24146764700015], [-90.25048586899999, 29.241837348000104], [-90.25021226899992, 29.24189824700005], [-90.2500781679999, 29.242445847000113], [-90.24975626899993, 29.242815647000157], [-90.24897306899999, 29.243054347000168], [-90.24867806899988, 29.244992247000084], [-90.24947196899996, 29.24503904700009], [-90.25011576799994, 29.24489394700015], [-90.2501800689999, 29.245581947000062], [-90.25167676799992, 29.246143647000167], [-90.25152116799995, 29.246532147000153], [-90.25186456799992, 29.247023546000037], [-90.25182696799993, 29.248175046000085], [-90.25254046799989, 29.248717946000056], [-90.25264776799997, 29.249733646000095], [-90.25297496799999, 29.250023746000124], [-90.25282476699988, 29.250168846000065], [-90.25271206799988, 29.25183044500011], [-90.25243316699994, 29.25205044500001], [-90.2522292679999, 29.252008246000173], [-90.25211126799991, 29.252256345000035], [-90.25214346799993, 29.253917844000114], [-90.25202546799994, 29.2539552450001], [-90.25572686699996, 29.25506914500005], [-90.25573766699995, 29.254816444000028], [-90.25602726699992, 29.25477904500019], [-90.25747566599995, 29.25712844400016], [-90.25731476699997, 29.257633844000054], [-90.25784046599995, 29.258700944000054], [-90.25778686599995, 29.259122144000116], [-90.25818376599995, 29.259515244000113], [-90.25787266499992, 29.260123644000032], [-90.25881676599988, 29.261069044000067], [-90.25981456499994, 29.26153704400008], [-90.26024376499993, 29.26156504300019], [-90.26120936499996, 29.261171943000136], [-90.26125226499988, 29.261363843000026], [-90.26174036499992, 29.261546344000124], [-90.26196036499994, 29.261827144000108], [-90.26452456399988, 29.262622743000122], [-90.26581196299992, 29.262173444000155], [-90.26746426299997, 29.262585343000012], [-90.26821526299995, 29.26232324400013], [-90.2683654629999, 29.261799043000167], [-90.26808656299994, 29.261368544000163], [-90.26826886299995, 29.261171943000136], [-90.26860146299998, 29.26114384400006], [-90.26930956199999, 29.2621360440001], [-90.26939546299997, 29.262852043000066], [-90.26978166199996, 29.26310474400009], [-90.26970116199993, 29.26320774300018], [-90.27012496199995, 29.263736544000153], [-90.27012496199995, 29.26404074300018], [-90.27168066199994, 29.26543994300016], [-90.2749100609999, 29.26777984200004], [-90.27699146099997, 29.26840684300015], [-90.27820375999994, 29.268285243000037], [-90.27968435899993, 29.267948242000102], [-90.28101475999989, 29.267424143000028], [-90.28254895899994, 29.26639464300007], [-90.28280645899991, 29.265917343000012], [-90.28290305899998, 29.265121743000122], [-90.28255975899992, 29.26427934400016], [-90.2826026589999, 29.263886244000105], [-90.28334295899998, 29.262847343000033], [-90.28583205799998, 29.260563545000082], [-90.28681905799994, 29.25899114500004], [-90.28722675799997, 29.25747474500014], [-90.2867546579999, 29.253187746000094], [-90.28623965899993, 29.252438846000132], [-90.28615385799992, 29.251746146000187], [-90.28559595799999, 29.25155894600016], [-90.28508095899997, 29.25037954600009], [-90.28499515899989, 29.249799145999987], [-90.28518825899988, 29.2492000470001], [-90.28656155899989, 29.24822644699998], [-90.28973725799995, 29.246709947000113], [-90.29065995799994, 29.24597984799999], [-90.29177575799997, 29.2460172480001], [-90.29162555699997, 29.247365247000175], [-90.29175435699995, 29.24800184800017], [-90.2911749569999, 29.24878814700014], [-90.29199035699997, 29.249218747000043], [-90.29224785699995, 29.250079947000074], [-90.29203325699996, 29.250360747000002], [-90.29271995699992, 29.252270347000092], [-90.29357825599999, 29.25320644700014], [-90.29656085599993, 29.25569634600015], [-90.29709725599997, 29.256632346000174], [-90.29696855599991, 29.257025445000068], [-90.29765515599996, 29.25775554600017], [-90.29808435499996, 29.25848564500012], [-90.29947905399996, 29.261368545000096], [-90.30115275399999, 29.26333404400009], [-90.3029123529999, 29.266609943000162], [-90.30252605399994, 29.267171444000155], [-90.3026118539999, 29.26793894300016], [-90.3048005529999, 29.27067174300015], [-90.30557305199989, 29.27134564300013], [-90.3070750519999, 29.272187942000073], [-90.31177435099988, 29.27087764300012], [-90.31216055099998, 29.27029744300006], [-90.31434924999996, 29.272468642000035], [-90.31733184899997, 29.27492064200004], [-90.31769921299991, 29.27493602300018], [-90.31788444499989, 29.27652549700008], [-90.31819915699998, 29.277761459000033], [-90.31840705899998, 29.277853012000037], [-90.31856536899988, 29.27764701800004], [-90.31894434999992, 29.274988155000074], [-90.32001404799996, 29.27503294200011], [-90.32149464799988, 29.275613143000044], [-90.32213834799995, 29.279225541000187], [-90.32224564699993, 29.280984841000077], [-90.32092396999991, 29.281309053000086], [-90.31992339999994, 29.28129005400018], [-90.3200403859999, 29.281997249000028], [-90.31975654799999, 29.282987440000113], [-90.32284644799995, 29.285794740000085], [-90.32619384699996, 29.28762884000014], [-90.32764710899994, 29.287513583000077], [-90.32760429299992, 29.288274764999983], [-90.32804870499996, 29.288618088000078], [-90.32919883599999, 29.288938522000137], [-90.3296432489999, 29.289648056000033], [-90.33003425499993, 29.289583205999975], [-90.33000945999999, 29.289167404000068], [-90.3296165459999, 29.288434982000183], [-90.32933044399994, 29.28818321200015], [-90.32846832199994, 29.28811454800018], [-90.32836435199994, 29.287456699000188], [-90.32855424599995, 29.28744163900018], [-90.32902624499991, 29.285645040000134], [-90.3313866449999, 29.284522141000025], [-90.33250244499993, 29.28268794100012], [-90.3338757439999, 29.28339914100019], [-90.33679394299992, 29.28740424000017], [-90.33919724299994, 29.28976223900014], [-90.33524904399991, 29.29096003900014], [-90.33130084499999, 29.29507703800016], [-90.32971294499998, 29.296387038000034], [-90.32941254499991, 29.298033738000186], [-90.3295841449999, 29.29900683700015], [-90.33104334399991, 29.30057863700017], [-90.3313866439999, 29.30196333700019], [-90.33095744399992, 29.30533153600004], [-90.33168704399998, 29.30686583500011], [-90.33087164399996, 29.30735233500019], [-90.33022794399994, 29.308213035000165], [-90.33057124399994, 29.308849235000082], [-90.33074294399995, 29.30997193500002], [-90.33181574299988, 29.309897035000063], [-90.33207324399996, 29.31143133500018], [-90.33297454299992, 29.312741034000112], [-90.33323194399992, 29.31352683400013], [-90.33352624699995, 29.313553850000005], [-90.33369445799997, 29.313863754000067], [-90.3340100179999, 29.313598258000127], [-90.33486274299992, 29.31367653400008], [-90.33627894199998, 29.31472433400006], [-90.33670814299995, 29.31554753300003], [-90.33786684199998, 29.31910233299999], [-90.33842474199997, 29.31921453400014], [-90.33911144099994, 29.319775833000165], [-90.33979804099988, 29.32078613300007], [-90.34323123999991, 29.32243253300004], [-90.3452053389999, 29.324415532000046], [-90.34417543999996, 29.3245652330001], [-90.34359603999991, 29.324864532000106], [-90.34269483999992, 29.32503293200017], [-90.34235153999998, 29.32447173200012], [-90.34254463999997, 29.32392913200016], [-90.34252313999997, 29.322844032999967], [-90.34122657799998, 29.32231330900015], [-90.34072876099998, 29.322404860000177], [-90.34074897199997, 29.32266358800007], [-90.34054904099997, 29.322881533000043], [-90.34133052599992, 29.323432407000155], [-90.34162193999998, 29.32392913200016], [-90.34104254099992, 29.324396832000104], [-90.34016284099988, 29.324808432000054], [-90.33926164199994, 29.324939432000065], [-90.33898264099992, 29.325425832000178], [-90.33932594099991, 29.326697932000116], [-90.34039884099997, 29.32737143100013], [-90.34177213999999, 29.32782033100017], [-90.34254463999997, 29.328793131000168], [-90.34209403999989, 29.329578831000163], [-90.34217983999997, 29.330981930000178], [-90.34250173999993, 29.33201073100014], [-90.34312393999994, 29.332441030000098], [-90.34396083899998, 29.332721630000037], [-90.34406813899989, 29.33350733000003], [-90.3454199389999, 29.33423683000018], [-90.34565593899998, 29.334685830000012], [-90.34584913899988, 29.33590172900017], [-90.34696493799993, 29.336837030000027], [-90.3474155379999, 29.337903229000062], [-90.3494969379999, 29.339923429000066], [-90.34996893799996, 29.340652928999987], [-90.35074143699995, 29.341083129000083], [-90.35220053699999, 29.341532028000188], [-90.35235073699988, 29.342242827999996], [-90.35464673599995, 29.342242827999996], [-90.35548363599992, 29.34181262900006], [-90.35608443599989, 29.34106442900014], [-90.35629893599997, 29.34044712900004], [-90.35683543599993, 29.340091729000108], [-90.35672813599996, 29.339474429000006], [-90.35758643499992, 29.33852053000004], [-90.35677103599994, 29.33693052900003], [-90.35687833599997, 29.33650023000007], [-90.35642773599994, 29.33597653000004], [-90.35619173599997, 29.335190830000045], [-90.35644913699997, 29.334610931000157], [-90.35619173599997, 29.333750430000066], [-90.35668523599998, 29.33356343100013], [-90.35713583599994, 29.333974931000114], [-90.35765083599989, 29.334105931000124], [-90.35807993599997, 29.33360083100007], [-90.35720023599993, 29.33259063100013], [-90.35698563599993, 29.331767631000048], [-90.35677103599994, 29.33174883100014], [-90.35662083599993, 29.33143083100009], [-90.35662083599993, 29.330944430999978], [-90.3556552369999, 29.32993433100006], [-90.35599853699989, 29.328624832000173], [-90.35591273699998, 29.328007432000106], [-90.35561233599998, 29.32783913200018], [-90.35554793699998, 29.327305932000115], [-90.35470033699994, 29.326033832000007], [-90.35488273699991, 29.32572513200006], [-90.3545583529999, 29.325287195000158], [-90.35534286399991, 29.325242996000156], [-90.3553695679999, 29.325059891000024], [-90.35479354799992, 29.32476234400019], [-90.35494994999999, 29.324258804000067], [-90.35476684499992, 29.323453902999972], [-90.35549926699997, 29.322950363000075], [-90.35555267299992, 29.322446823000178], [-90.35575866599993, 29.322195053000087], [-90.35636138799998, 29.321874619000084], [-90.3567428579999, 29.321889877000103], [-90.35654449499992, 29.318162917999985], [-90.35546874999994, 29.31949043300017], [-90.35536193799999, 29.320432663000133], [-90.35517883299991, 29.32066154400013], [-90.3545818319999, 29.32086753800013], [-90.35392761199995, 29.321508408000057], [-90.35345840399992, 29.321256638000193], [-90.35262298599991, 29.319379807000075], [-90.35233306899994, 29.319219589000113], [-90.35148905299997, 29.31952452400003], [-90.35185723799998, 29.318120134000026], [-90.35183573899997, 29.315949834000037], [-90.35120273799993, 29.31434073500003], [-90.35159973799989, 29.313770135000084], [-90.35164185299993, 29.31314558600019], [-90.35220146099994, 29.31358146700012], [-90.35253906299994, 29.314317703000086], [-90.35324668799996, 29.31440925600009], [-90.35332488899991, 29.31456947300012], [-90.35504913199992, 29.315206527999976], [-90.35596465999993, 29.314977646000045], [-90.35620117099995, 29.31477165100017], [-90.3564090719999, 29.313421249000157], [-90.35729980499991, 29.312871933000167], [-90.35753631599994, 29.31154441800004], [-90.35727119299992, 29.311037064000175], [-90.35727119299992, 29.310556411999983], [-90.35742388899996, 29.310411164000072], [-90.35784393599988, 29.310439636000126], [-90.35861643699997, 29.310065435000126], [-90.36046173599993, 29.310233836000123], [-90.36211403499999, 29.30956023599998], [-90.36149173599989, 29.307801436000148], [-90.36194233599997, 29.306772337000154], [-90.36232863599997, 29.30654773600014], [-90.36202813599988, 29.30529413700009], [-90.36297233599993, 29.304732737000165], [-90.36335853499992, 29.3047140380001], [-90.36376623599989, 29.304208837000147], [-90.36353023599992, 29.303984238000112], [-90.36475333499993, 29.303310637000095], [-90.36576183499989, 29.301682738000125], [-90.36543993499993, 29.300578638000104], [-90.36488203499994, 29.2996804390001], [-90.36488203499994, 29.299156538000034], [-90.36601933499998, 29.298894538000184], [-90.36743553399992, 29.298931938000067], [-90.36775733399998, 29.298632539000096], [-90.36884103399996, 29.298244238000052], [-90.36917353399991, 29.298277038000094], [-90.36932913399994, 29.298464139000032], [-90.36992993399997, 29.298464139000032], [-90.37013383399989, 29.298281638000105], [-90.37055763399997, 29.29878693900008], [-90.36955983399992, 29.29895063900011], [-90.36932383499993, 29.299156538000034], [-90.36949543399993, 29.29973663800007], [-90.36880883399994, 29.299905039000066], [-90.36878733399993, 29.300279239000076], [-90.36861563499997, 29.300466438000058], [-90.36865863399998, 29.30089673800012], [-90.36799343399997, 29.30127103799998], [-90.3678432349999, 29.30166393800016], [-90.3680148339999, 29.302431138000088], [-90.36754283399995, 29.302693138000052], [-90.36751063499992, 29.303132938000033], [-90.36729603399993, 29.303394837000155], [-90.36740873499991, 29.304026338000085], [-90.36861033399998, 29.30547653700006], [-90.36953833399991, 29.307052937000094], [-90.36913063399993, 29.30750203700012], [-90.36863713399998, 29.30879313700001], [-90.36868003399996, 29.30912993600009], [-90.36930233399994, 29.30965383600011], [-90.36983873299988, 29.310533236000026], [-90.37052543299995, 29.310926136000035], [-90.37129793299994, 29.31088873600015], [-90.37086873299995, 29.308774436000192], [-90.37142663299994, 29.30841893700017], [-90.37181283299998, 29.30765173700007], [-90.37181283299998, 29.30727753700006], [-90.37204893299997, 29.307034237000153], [-90.37183433299998, 29.306416837000086], [-90.37284283299994, 29.30516313700008], [-90.37314323299995, 29.305013437000127], [-90.37404443299988, 29.30505083700018], [-90.37483843199993, 29.3047140380001], [-90.37440923299988, 29.303666138000096], [-90.37475253299993, 29.302337638000154], [-90.37531043299992, 29.30177623800006], [-90.37543923299995, 29.3003728380001], [-90.37460233199988, 29.30003603900002], [-90.37415173299996, 29.299100339000063], [-90.37468823299997, 29.298370539000075], [-90.37490273299994, 29.297622039000146], [-90.37421613299989, 29.29739753900003], [-90.37408743299989, 29.29709814000006], [-90.37421613299989, 29.29664893900008], [-90.37473113199997, 29.295825639000043], [-90.3757181329999, 29.29526423900012], [-90.37799273199988, 29.29279394000008], [-90.37876513199996, 29.291072341000188], [-90.37876513199996, 29.289874541000188], [-90.37799273199988, 29.28927574100004], [-90.3776922319999, 29.288751741000056], [-90.37764933299991, 29.288302542000054], [-90.37910853199998, 29.28684284100018], [-90.37936593199993, 29.286243942000112], [-90.37919433199994, 29.284858942000085], [-90.37953763199994, 29.284260142000107], [-90.37966643199991, 29.28362374200003], [-90.38009553199998, 29.282968743000083], [-90.37994533199998, 29.282519543000035], [-90.3796234319999, 29.28218264200018], [-90.37885103199994, 29.282444643000076], [-90.37820723199997, 29.28218264200018], [-90.3780570319999, 29.28182704200003], [-90.37837893299996, 29.281434042000058], [-90.37799273199988, 29.280853843000102], [-90.37865783199999, 29.280479543000183], [-90.37921573199992, 29.279337843000064], [-90.37936593199993, 29.27879504300006], [-90.37921573199992, 29.278607844000135], [-90.37947323199995, 29.278196144000162], [-90.37908703199997, 29.27718544300012], [-90.37852913199998, 29.27671744300011], [-90.37919433299993, 29.275089144000162], [-90.37842183199996, 29.273966044000133], [-90.37661943399996, 29.272843044000126], [-90.37516023399996, 29.272318945000166], [-90.37455943399999, 29.272843044000126], [-90.37516023399996, 29.270971245000055], [-90.37516023399996, 29.267077846000063], [-90.3739586349999, 29.26580494600006], [-90.37335783399993, 29.264906446000168], [-90.37567523399991, 29.26453214600008], [-90.37953763299993, 29.26101284700013], [-90.37953747099994, 29.262597443000175], [-90.37779335599993, 29.265887477000035], [-90.37846721799991, 29.265966755000022], [-90.38073923199994, 29.26760194600007], [-90.37996683299991, 29.26932404500019], [-90.38048173199996, 29.27089634500004], [-90.38219843199988, 29.270596945000136], [-90.38382913099991, 29.27276814400011], [-90.38400083099998, 29.274115844000107], [-90.38314253099992, 29.275313744000073], [-90.38443003099997, 29.27718544300012], [-90.38580322999991, 29.27681104400017], [-90.38588913099994, 29.27329224500005], [-90.38485913099998, 29.270971245000055], [-90.38494493099995, 29.269923046000088], [-90.38597493099991, 29.270297445000097], [-90.38597493099991, 29.269024546000026], [-90.38554583099994, 29.268200946000093], [-90.38554277399993, 29.266700076000063], [-90.38425450799991, 29.266422604000184], [-90.38441306399989, 29.265273073000003], [-90.38511663099996, 29.264756746000046], [-90.38627699599994, 29.26622492399997], [-90.38671163499993, 29.267256319000182], [-90.3875498569999, 29.268035064000003], [-90.38737629099995, 29.269014745000163], [-90.38917419299992, 29.269375168000067], [-90.38982569099994, 29.26926265900005], [-90.39074918299997, 29.26937766800006], [-90.39126593399999, 29.268993165000154], [-90.39067615099998, 29.2685544470001], [-90.39137488899996, 29.26803467000019], [-90.39124487999993, 29.26727921600019], [-90.39187229599997, 29.266445336000118], [-90.39162767199991, 29.26502456800017], [-90.39232642899998, 29.26505624700019], [-90.39328951099992, 29.266337828000076], [-90.39388416199989, 29.266780099000187], [-90.39322529599991, 29.267844655000147], [-90.39418102799993, 29.267680169000073], [-90.39452210599995, 29.267221712000037], [-90.39519860599995, 29.26695274399998], [-90.39594892699995, 29.265944113000103], [-90.3967639899999, 29.265644222000105], [-90.39675140399999, 29.266160965000097], [-90.39565938199996, 29.269601152999996], [-90.39550454199997, 29.27217149300003], [-90.39668529899996, 29.275786454000126], [-90.39528953399991, 29.279822950000153], [-90.39624092299994, 29.28180757700011], [-90.3961211759999, 29.282770678000134], [-90.39764103099998, 29.28489334200009], [-90.39665700799992, 29.285553261000075], [-90.39718244299996, 29.286251473000107], [-90.39514517999999, 29.289765758000158], [-90.39529242799989, 29.292793163000113], [-90.39479646899997, 29.293636978000052], [-90.39453486899993, 29.29455191800008], [-90.39274183599997, 29.29543836800002], [-90.39235088499998, 29.29680590800001], [-90.39063417299997, 29.29702059600004], [-90.39194664299993, 29.297695385000168], [-90.39345386499991, 29.2989115310001], [-90.39344222699992, 29.30151423900014], [-90.39464382699998, 29.30353523900004], [-90.39575962599991, 29.305032138000172], [-90.39618882699989, 29.307277538000108], [-90.39246968199996, 29.31242982000009], [-90.39494711699996, 29.314287895999996], [-90.39785810399991, 29.31521693500008], [-90.3982916249999, 29.31199263700006], [-90.4024973249999, 29.315809436000166], [-90.40580182299993, 29.31816683600016], [-90.40907850399998, 29.318254329000183], [-90.40920066799993, 29.31843757600018], [-90.41037202899997, 29.318669491000094], [-90.41395572099992, 29.322507335000182], [-90.41837601999998, 29.326361234000103], [-90.42168051899995, 29.32819453400009], [-90.42399791799994, 29.332347533000075], [-90.42567149699994, 29.334223340000108], [-90.42532920799994, 29.334405899000046], [-90.42538070699993, 29.334611893000044], [-90.42613939599994, 29.334747777000075], [-90.4270020169999, 29.33571463300018], [-90.42751701699996, 29.33829603200013], [-90.42714397799989, 29.338760514], [-90.42608642599998, 29.338209152000047], [-90.4255905149999, 29.33832359300004], [-90.42519378699996, 29.338918686000113], [-90.42485618599989, 29.34042930600009], [-90.42399406399988, 29.34058952300012], [-90.42394256599988, 29.341505051000183], [-90.4221878059999, 29.343271255000104], [-90.4222640999999, 29.34345436100017], [-90.42297363299991, 29.34352302600007], [-90.42373275799991, 29.34400367700016], [-90.42378234799992, 29.34464454700003], [-90.42412567099996, 29.344690323000123], [-90.42454528799999, 29.344163895000065], [-90.42459487899993, 29.34375190700007], [-90.42428016699995, 29.343317032000073], [-90.42362976099992, 29.343317032000073], [-90.42344665499996, 29.34290504500018], [-90.42520141599994, 29.34086418200019], [-90.42569732699997, 29.339010239000174], [-90.42595672599998, 29.33882713300011], [-90.42642618399992, 29.33880441800011], [-90.42705345299998, 29.33931359500002], [-90.42619132999994, 29.339536667000004], [-90.4261093149999, 29.34004020700013], [-90.42781338799995, 29.340804102000163], [-90.42794611699992, 29.34106443100012], [-90.42987731599993, 29.34244853100006], [-90.42893321599996, 29.347049830000003], [-90.42738821599994, 29.349743229000012], [-90.42931941599994, 29.34985542900006], [-90.43228061499991, 29.348059829000192], [-90.4385033129999, 29.349593530000163], [-90.44258021299999, 29.349294330000134], [-90.44369601199998, 29.35000503000009], [-90.44394504299993, 29.35095214900008], [-90.4436569209999, 29.35156440700007], [-90.44406522199995, 29.351409217000025], [-90.44416811099995, 29.35180052900006], [-90.44567011099997, 29.35183792900017], [-90.44730091099996, 29.351538729000083], [-90.4483457309999, 29.35202442000002], [-90.45085143999995, 29.354314804000182], [-90.4509811399999, 29.354635239000174], [-90.4504070289999, 29.35527610800017], [-90.45046043399998, 29.355779648000066], [-90.45011901899989, 29.355939865000096], [-90.44933319099988, 29.355916977000163], [-90.44935989399988, 29.356695175000084], [-90.44907379199992, 29.35735893200018], [-90.44959411899998, 29.35724499300005], [-90.45048522899992, 29.35747337300012], [-90.45079803499993, 29.357610703000148], [-90.45092773399995, 29.357957840000154], [-90.45134795699988, 29.357885586000066], [-90.45239257799989, 29.358137130999978], [-90.45330810499996, 29.358736038000075], [-90.45346832399991, 29.358461380000108], [-90.45401763899997, 29.35839271499998], [-90.4539890289999, 29.35825538600011], [-90.45315551799996, 29.357862473000182], [-90.45163726799996, 29.35754585300009], [-90.4510345459999, 29.35635185200016], [-90.45108795199997, 29.35545921300013], [-90.45150756899994, 29.35468101500004], [-90.45153236399995, 29.354314804000182], [-90.45022582999997, 29.352800369000192], [-90.44914664099991, 29.3519036670001], [-90.44966131099994, 29.351688330000115], [-90.44833090999992, 29.350715730000104], [-90.44923210999997, 29.348695830000167], [-90.44803051099996, 29.347723230000156], [-90.45116330999997, 29.345329031000006], [-90.45154960999997, 29.34656353000014], [-90.4528370089999, 29.34727433000012], [-90.45435523999993, 29.347738266000135], [-90.4549431779999, 29.347310263000168], [-90.45712661699991, 29.3476924900001], [-90.45678710899989, 29.34732627900007], [-90.45568847699991, 29.347166061000166], [-90.45500945999999, 29.34686851500004], [-90.45450960099993, 29.346980984000027], [-90.45386700899996, 29.346825431000184], [-90.45328228099999, 29.346231637000074], [-90.45378110999997, 29.34521683100013], [-90.4568711089999, 29.341812632000142], [-90.45863060799991, 29.339418332000093], [-90.46058211899992, 29.33779189400019], [-90.46034920699992, 29.336068694000062], [-90.45794390799995, 29.335228233000066], [-90.45802980899992, 29.332459734000054], [-90.45858770899991, 29.331412135000164], [-90.45777230899995, 29.330551635000177], [-90.45678520899992, 29.33066383400012], [-90.45588400999998, 29.32871833500019], [-90.45343780999997, 29.327521035000075], [-90.4529228099999, 29.326548235000075], [-90.45236490999991, 29.326211535000084], [-90.45107751099988, 29.326697935000027], [-90.45150661099996, 29.32531353500019], [-90.45086291099989, 29.324004036000133], [-90.45219331099992, 29.32243253600012], [-90.45219331099992, 29.32160933600005], [-90.45541190999995, 29.3188029370001], [-90.45560252099995, 29.31833999700018], [-90.45578765899995, 29.318254471000046], [-90.45568951099995, 29.318128720000175], [-90.45663297899995, 29.315799893000133], [-90.4568711099999, 29.31476173800013], [-90.46210366999998, 29.311391813000114], [-90.46214755199992, 29.312584661000017], [-90.46290031599989, 29.313379168000154], [-90.46400562899993, 29.31255369400003], [-90.4635104439999, 29.310605467000073], [-90.46451000799993, 29.31004673900003], [-90.46742820699995, 29.30622964000014], [-90.46734240799998, 29.305481240000177], [-90.46768570799998, 29.301589141000136], [-90.4691448069999, 29.299493342000176], [-90.47592550599995, 29.29649924200004], [-90.47867200499991, 29.293804543000135], [-90.48030280499995, 29.294553043000064], [-90.48150450399999, 29.296648943000093], [-90.48382190299998, 29.297247843000093], [-90.4849377029999, 29.29485254300016], [-90.4878625579999, 29.29645036300019], [-90.49000170199997, 29.295750743000042], [-90.49274830099995, 29.297247843000093], [-90.49600979999997, 29.29844544300005], [-90.49652479999992, 29.300092142000153], [-90.49291990099994, 29.30271184200018], [-90.49386409999988, 29.304657941000187], [-90.49721149899989, 29.305705740999997], [-90.49669649899994, 29.30795114100016], [-90.49497989999992, 29.307052940000005], [-90.49257660099994, 29.306454241000154], [-90.49206159999994, 29.305032141000083], [-90.49077420099991, 29.30510694100002], [-90.48948670099998, 29.30630454100003], [-90.48725510199989, 29.304508241000065], [-90.48536680299998, 29.305855441000176], [-90.48536680299998, 29.306828440999993], [-90.48262030399991, 29.30645424000005], [-90.4810753029999, 29.307427240000095], [-90.48021700399994, 29.309822240000187], [-90.47961620399997, 29.312965539000118], [-90.47901540399994, 29.31446233900016], [-90.47845435699992, 29.313538372000153], [-90.4769554049999, 29.31206743900003], [-90.47575380499995, 29.311693239000192], [-90.47472380499994, 29.313190139000028], [-90.47403720499995, 29.315135938000026], [-90.47434035099991, 29.316589763000138], [-90.47476959199997, 29.317125320000116], [-90.47500447199997, 29.317079860000092], [-90.47583770799997, 29.317747116000078], [-90.47815710399993, 29.31760563800009], [-90.47867200399992, 29.318279138000037], [-90.47858620399995, 29.323068537000097], [-90.47891612499996, 29.323266302000036], [-90.47892570499994, 29.323427200000026], [-90.47995950299998, 29.323891737000167], [-90.48035501399988, 29.326719007000122], [-90.47944641099997, 29.326814651000063], [-90.47848319999991, 29.326356888000134], [-90.4781951899999, 29.3266315460001], [-90.4784591099999, 29.32695983600007], [-90.47772598299997, 29.327230453000027], [-90.47806349499996, 29.327422302000173], [-90.47765659899994, 29.328131841000186], [-90.47749137899996, 29.328168869000024], [-90.47762107799991, 29.328763962000153], [-90.47735977199989, 29.329290389999983], [-90.47772034699994, 29.329307908000033], [-90.47789960399996, 29.330401935000054], [-90.47918700299988, 29.33159923500017], [-90.47927290299998, 29.332646835000162], [-90.47904141599992, 29.332979202000047], [-90.47872161899994, 29.332979202000047], [-90.47860155199993, 29.33361075100015], [-90.47781370299998, 29.33474193400008], [-90.47747040299998, 29.337585233000027], [-90.47815710299994, 29.340578033000043], [-90.4793083429999, 29.34280032200013], [-90.47893524199992, 29.345029831000147], [-90.47867584199997, 29.347959518000152], [-90.47875213599997, 29.34878349300004], [-90.4784679409999, 29.35112190200016], [-90.47770690899989, 29.35233497600018], [-90.47804832499992, 29.354124069000136], [-90.47773551899996, 29.35442161600014], [-90.47786712599992, 29.354925156000093], [-90.47739590799995, 29.355176530000108], [-90.47757720999994, 29.35581779500012], [-90.47742462199994, 29.356641769000078], [-90.47817993199999, 29.355726242000117], [-90.4784927369999, 29.355703354000127], [-90.47857475299998, 29.35753440900004], [-90.47912406999995, 29.359025955000163], [-90.47914886499996, 29.360834122000142], [-90.47859954799998, 29.363355637000097], [-90.47872924799998, 29.363420486000052], [-90.47899627699991, 29.363214493000157], [-90.4796218869999, 29.36149787900007], [-90.47982978799996, 29.360193253000148], [-90.4796218869999, 29.357213974000103], [-90.47904205299989, 29.355634689000055], [-90.47901916499995, 29.354513168000096], [-90.47875767999989, 29.35372527300018], [-90.48021616499989, 29.354947626000126], [-90.47982788099989, 29.355634689000055], [-90.48040580799994, 29.35579490700019], [-90.48040580799994, 29.35597801200015], [-90.47998809899991, 29.35613822900018], [-90.48024749799998, 29.35655021700012], [-90.48014068699996, 29.357007980000105], [-90.48037719699988, 29.3576488490001], [-90.48134803799991, 29.357763290000037], [-90.48093032799989, 29.35687065100018], [-90.48092842099993, 29.35632133500002], [-90.48145294199998, 29.35620689400008], [-90.48142119199991, 29.355568670000025], [-90.48226759799996, 29.355959243000086], [-90.48233795199991, 29.35655021700012], [-90.48336029099988, 29.357053757000074], [-90.48362159699991, 29.356962204000013], [-90.48362159699991, 29.35666470900003], [-90.48476600099991, 29.357486129000108], [-90.48425099999997, 29.36145082800016], [-90.48296360099994, 29.362423328000148], [-90.48210530099993, 29.364218628000003], [-90.48425099999997, 29.36773432700005], [-90.48588179999996, 29.369005927000103], [-90.4867400999999, 29.370127926000123], [-90.48734089899989, 29.370127926000123], [-90.48742679999998, 29.371698626000068], [-90.48888589899991, 29.372671026000035], [-90.48957249799997, 29.37341902600008], [-90.49070245799993, 29.372434356000156], [-90.49085235599989, 29.372468948000176], [-90.49326329799999, 29.370053127000062], [-90.49686819699991, 29.36908072700004], [-90.49824139599997, 29.366013928000086], [-90.50124549599991, 29.36750992800006], [-90.50236129599995, 29.365340628000126], [-90.50613789399995, 29.365116228000034], [-90.50716779399994, 29.36384462800015], [-90.50716779399994, 29.362124128999994], [-90.50656699399997, 29.362049329000058], [-90.50682449399994, 29.360478429000068], [-90.50802609399989, 29.35950592900008], [-90.51291849299992, 29.35696243100017], [-90.51660919199998, 29.35651363000005], [-90.51807709399998, 29.35678584400017], [-90.51825714099988, 29.35695838900017], [-90.51820373499999, 29.358198166000136], [-90.51794242899996, 29.35920524600016], [-90.51820373499999, 29.359182358000055], [-90.5185966489999, 29.35863304100019], [-90.51865386999992, 29.357854843000098], [-90.51885986299999, 29.357397079000066], [-90.51926024499994, 29.357005253000125], [-90.52064329099994, 29.35726173000012], [-90.52124409099991, 29.356064731000117], [-90.52115818999994, 29.355241831000058], [-90.52304649099995, 29.35411973100014], [-90.52441978999997, 29.352174632000015], [-90.52416228999988, 29.35037913200017], [-90.52510648999993, 29.348433932000148], [-90.52630808999999, 29.350005033000002], [-90.52768138999988, 29.350603532000093], [-90.52562138999991, 29.354194531000076], [-90.52871128899994, 29.356738031000077], [-90.52871128899994, 29.358533430000193], [-90.53128628799993, 29.36002953000019], [-90.53343198699991, 29.360104330000127], [-90.5375518859999, 29.35823423100004], [-90.5378951859999, 29.35696243100017], [-90.53617858699988, 29.35576553100003], [-90.53587840499995, 29.355032927000025], [-90.53792571999992, 29.354623795000066], [-90.53792571999992, 29.35446357700016], [-90.53771209699994, 29.3541431430001], [-90.53575694699998, 29.354736508000087], [-90.53471948799995, 29.352024932000063], [-90.53368948799994, 29.35142643300003], [-90.53411868699999, 29.350154632000056], [-90.53318027999995, 29.349512030000028], [-90.53330230699993, 29.349313736000113], [-90.5331420899999, 29.348947525000085], [-90.53279876699992, 29.348764420000123], [-90.53270816799989, 29.349195196000096], [-90.5318870879999, 29.348658333000174], [-90.53205868899988, 29.347236933000147], [-90.53386118799989, 29.346114634000116], [-90.53471948799995, 29.344244234000087], [-90.53386118799989, 29.341924834000167], [-90.53308868799996, 29.340503235000085], [-90.53197288899997, 29.34012913500004], [-90.53139353799992, 29.33957361200015], [-90.53157806399992, 29.3391857150001], [-90.53165435799991, 29.337606430000108], [-90.53225707999997, 29.336393356000087], [-90.53189086899994, 29.33611869800012], [-90.53149414099988, 29.33648490900009], [-90.53066062899995, 29.336874008000052], [-90.53000640999988, 29.33694267300018], [-90.52830886799995, 29.33648490900009], [-90.52812576299999, 29.336874008000052], [-90.52786254899996, 29.336961746000043], [-90.52742004399994, 29.33638954200012], [-90.52757644699994, 29.335931778000088], [-90.52742004399994, 29.335680008000054], [-90.52674102799989, 29.335313797000026], [-90.5256118769999, 29.335313797000026], [-90.52564048799996, 29.336297989000116], [-90.5242290509999, 29.337350845000174], [-90.5240552919999, 29.33765211400015], [-90.52347569099999, 29.337435535000054], [-90.52330399099992, 29.33661253500003], [-90.52459149099997, 29.33593913600015], [-90.52484899199993, 29.335639835000165], [-90.52502059099993, 29.333245436000027], [-90.5256213909999, 29.33174883600003], [-90.52768138999988, 29.33182373599999], [-90.52948378899993, 29.330401937000033], [-90.52845378999996, 29.32890543700006], [-90.52982708899998, 29.327932637000004], [-90.53102878899995, 29.326510838000047], [-90.53102878899995, 29.324565238000048], [-90.53248788899998, 29.320374539000113], [-90.53463368899997, 29.322170539000012], [-90.53532028899991, 29.323592439000095], [-90.53669358799993, 29.323367938000104], [-90.53703688799993, 29.323816938000107], [-90.5359210879999, 29.324789738000106], [-90.53703688799993, 29.326436037000178], [-90.53815268699998, 29.32733403700007], [-90.53849598699998, 29.3298033370001], [-90.5415858859999, 29.331000637000045], [-90.54381748499998, 29.33167403700014], [-90.54622078499989, 29.332048237000038], [-90.54613498499998, 29.327782938000155], [-90.54905318399994, 29.326885038000114], [-90.55154228399994, 29.322918939000147], [-90.5525722839999, 29.31947653900005], [-90.55119898399994, 29.318279140000186], [-90.55085568399994, 29.31753074000011], [-90.55488968299994, 29.314986241000156], [-90.55806538199988, 29.310795142000018], [-90.5620994809999, 29.309148642000025], [-90.56690597999994, 29.312666241000045], [-90.57154087899994, 29.31476174100004], [-90.57591817799994, 29.317231441000104], [-90.58123967599994, 29.317979741000045], [-90.58527377499996, 29.319326841000134], [-90.58621787499999, 29.3177552410001], [-90.58673287399989, 29.316408241000033], [-90.59068107299998, 29.31184294300016], [-90.59256937399988, 29.311244242000043], [-90.59531597199998, 29.311169343000188], [-90.59823417199999, 29.31064544300017], [-90.60098077099997, 29.30899894400011], [-90.60183907099992, 29.30675364400014], [-90.6004872709999, 29.303179645000114], [-90.59928557199999, 29.302506045000143], [-90.60018677199992, 29.300878045000104], [-90.60001517199993, 29.2991190460001], [-90.6051006699999, 29.302038245000176], [-90.60424227099992, 29.303759744000047], [-90.60598036999994, 29.305911544000082], [-90.60690306999999, 29.30793244400013], [-90.6051006699999, 29.310308743000007], [-90.60593746899991, 29.312273343000015], [-90.60999296899996, 29.312591343000065], [-90.61136626799998, 29.312030043000163], [-90.6126966679999, 29.309111244000178], [-90.61359786799994, 29.307876244000113], [-90.61291116799998, 29.30712784399998], [-90.61278246799998, 29.305855444000088], [-90.61175246899995, 29.305181844999993], [-90.61261076799991, 29.30364744500008], [-90.61149496899998, 29.302449946000024], [-90.61190266799991, 29.30194464500005], [-90.61297556799997, 29.302805445000047], [-90.6145848669999, 29.30346034500002], [-90.61632296699992, 29.303011244999993], [-90.6170739669999, 29.30181364600014], [-90.61926266699999, 29.301626545000033], [-90.62014246599995, 29.300915546000056], [-90.62024976599992, 29.299287546000187], [-90.6186833669999, 29.298220847000152], [-90.61720276699998, 29.29803374700009], [-90.6167521669999, 29.298782246000144], [-90.61531446699996, 29.29943724700007], [-90.61469216799998, 29.300971646000107], [-90.61415576699994, 29.30127104600018], [-90.61366226799998, 29.300634846000094], [-90.61252496799989, 29.30020444600001], [-90.61299706799997, 29.299268746000052], [-90.61372656799995, 29.29848284600007], [-90.61372656799995, 29.297771746000024], [-90.61426306799996, 29.297041946000036], [-90.61402696799996, 29.29612504700009], [-90.61364076799998, 29.295956546000127], [-90.61406996899996, 29.295713347000117], [-90.61484236699988, 29.29659284600018], [-90.61718126799997, 29.297378747000096], [-90.61870476699988, 29.296723847000067], [-90.61967036599998, 29.29599404700008], [-90.61917686699996, 29.29522674800012], [-90.61827566699992, 29.294740247999982], [-90.61666626699991, 29.294665348000024], [-90.61636586799995, 29.293392847000177], [-90.61587236699995, 29.293336648000036], [-90.6149496679999, 29.292719147000184], [-90.61516426799989, 29.292457148000096], [-90.61733146699999, 29.293074747000162], [-90.6188764669999, 29.29301854800019], [-90.61997076699993, 29.292288748000033], [-90.61997076699993, 29.29139044800013], [-90.61964896699999, 29.291034848000038], [-90.62007806699995, 29.290754148000076], [-90.62067886699998, 29.28968744800011], [-90.62055016699992, 29.288676848000136], [-90.62031406699992, 29.288658149000128], [-90.62022826699996, 29.287160949000054], [-90.61945576699998, 29.286674349000123], [-90.61904806699988, 29.28513974900011], [-90.61715986799999, 29.28356765000018], [-90.61709546799989, 29.28263185000003], [-90.61658046799994, 29.28195805000007], [-90.6170525679999, 29.281003550000094], [-90.61677356799999, 29.279974150000044], [-90.61597966799997, 29.279431451000164], [-90.61514276899999, 29.278308450000054], [-90.61617276899995, 29.276586451000128], [-90.61952016799995, 29.279206851000026], [-90.62441256599993, 29.281527650000157], [-90.63007736399993, 29.281452751000074], [-90.62870406499991, 29.27726025200019], [-90.62793156499993, 29.272618452000188], [-90.62836076499991, 29.27157025300005], [-90.63153646499995, 29.27658645200006], [-90.63325306399997, 29.278158651000183], [-90.63376806299993, 29.279805751000026], [-90.6368579629999, 29.27905705100011], [-90.63814546299994, 29.27598755200006], [-90.63660046299992, 29.2734419520001], [-90.63771626299996, 29.270746653000117], [-90.63840296299992, 29.267826654000032], [-90.63969036199995, 29.264606954000044], [-90.63908956299991, 29.25973995600009], [-90.63642886399992, 29.255846057000042], [-90.63539886399997, 29.25524705700019], [-90.63505556399991, 29.253225157000088], [-90.63393976399993, 29.25217675700003], [-90.63248056499992, 29.252925657000162], [-90.63299556499999, 29.25112835700014], [-90.63205146499996, 29.24850735800004], [-90.62878986599992, 29.245212159000175], [-90.62604326699994, 29.2410182590001], [-90.62458416699991, 29.239145859000075], [-90.62243846899992, 29.237573060000045], [-90.62050135099997, 29.237291426000183], [-90.62047195399992, 29.23686027500014], [-90.61992263799993, 29.23608207700005], [-90.61913680999993, 29.23550987200008], [-90.61863952199991, 29.23540885100016], [-90.61582947099993, 29.232180460999984], [-90.6129111709999, 29.230382861000123], [-90.60861967199992, 29.227311861000032], [-90.60776137299996, 29.22588866200016], [-90.60707477299997, 29.225364362000107], [-90.6069030729999, 29.224465462000182], [-90.60836217299999, 29.224016063000192], [-90.60896297199997, 29.22558906200004], [-90.60973547199995, 29.227012262000017], [-90.61076547199991, 29.227311862000136], [-90.61138023999996, 29.227276095000093], [-90.61299896199995, 29.228040695000118], [-90.61328315699996, 29.22790718100009], [-90.6133382679999, 29.226702765000084], [-90.61385537099994, 29.22648786200017], [-90.61411287099992, 29.22491486200005], [-90.61385537099994, 29.222592763000023], [-90.61299707099988, 29.221094664000134], [-90.61282537199997, 29.220195763000106], [-90.61231037199991, 29.218922264000184], [-90.61128047199998, 29.218098264000048], [-90.61213877199992, 29.215776064000124], [-90.61471367099989, 29.22116956400015], [-90.61823266999994, 29.22716206200016], [-90.62140846899996, 29.23375336100014], [-90.62381166799997, 29.23652456000019], [-90.62690156699989, 29.239445458999967], [-90.62964816599998, 29.242366359000073], [-90.63038418399992, 29.243704268000045], [-90.63030242899993, 29.244096755999976], [-90.63582796499998, 29.246709958000054], [-90.6385745629999, 29.246260659000086], [-90.64029116299992, 29.245436859000108], [-90.64166446299998, 29.242965459000118], [-90.63917536399998, 29.23772286000019], [-90.63797376399998, 29.235850461000098], [-90.63642886499991, 29.234726961000035], [-90.6373729639999, 29.232704761000036], [-90.63797376399998, 29.229783662000045], [-90.63788796399996, 29.227087163000135], [-90.63960456399997, 29.224765063000177], [-90.63960456399997, 29.22394116400011], [-90.64054866299995, 29.226113363000024], [-90.63926126399997, 29.22925926200014], [-90.63960456399997, 29.233229061000088], [-90.6447543619999, 29.24034426000003], [-90.6456985619999, 29.242590960000086], [-90.64758676099996, 29.242665860000102], [-90.64784426099999, 29.243639459000065], [-90.64587016199988, 29.243639459000065], [-90.64423936199995, 29.245062459000053], [-90.64458276199991, 29.24648535900019], [-90.64355276199996, 29.24850735800004], [-90.64329526199998, 29.250753958000132], [-90.64217946299993, 29.252026957000055], [-90.6432094619999, 29.25517215700006], [-90.64509776199992, 29.25696935700006], [-90.64638516099996, 29.259440355000038], [-90.64861675999992, 29.258991156000093], [-90.65076255999992, 29.25734375600007], [-90.65213585999993, 29.25419865700013], [-90.65153505899997, 29.252850756999976], [-90.65419575999994, 29.251203258000032], [-90.65539735899989, 29.249705558000073], [-90.65814395799998, 29.24940595800018], [-90.65908815799992, 29.24730915900011], [-90.6610622579999, 29.24086846000006], [-90.6592597579999, 29.23974506000019], [-90.65900225799999, 29.238396961000092], [-90.6594314589999, 29.23712376200018], [-90.66063305799992, 29.234726961000035], [-90.65986055899998, 29.232929462000072], [-90.65900225799999, 29.23218046300019], [-90.65874475899994, 29.230307963000143], [-90.65960305799996, 29.228959663000126], [-90.66192055799996, 29.22319206400016], [-90.6547965609999, 29.216974665000066], [-90.65368076099998, 29.21562626600013], [-90.65462495999992, 29.213903266000045], [-90.65616985999998, 29.212854466000124], [-90.6590881599999, 29.2076852670001], [-90.66003225999998, 29.204388768000115], [-90.65977475999989, 29.20056776900003], [-90.66020395899994, 29.199368969000147], [-90.66166305899998, 29.20094236900013], [-90.66209215899994, 29.203564668000126], [-90.66784285699998, 29.20618686800003], [-90.66955945699999, 29.205587468000147], [-90.67093275599996, 29.20663636800009], [-90.67539595499989, 29.208134768000036], [-90.67634005499997, 29.210831768000105], [-90.67831415399996, 29.21158086700018], [-90.67771335399999, 29.213303967000115], [-90.67719835399993, 29.21562626700006], [-90.67814255399998, 29.217498965999994], [-90.67925835299991, 29.221469166000077], [-90.67771335399999, 29.222892465000143], [-90.67874335399995, 29.224090965000187], [-90.68217655299998, 29.223192065000035], [-90.68389315199988, 29.223416765000024], [-90.68518065099994, 29.224165865000145], [-90.68698305099991, 29.223117165000076], [-90.68801305099998, 29.22214336600007], [-90.68784135099997, 29.221469166000077], [-90.68715475099992, 29.220944865000092], [-90.68878555099997, 29.219596465999985], [-90.69093124999995, 29.217424066000035], [-90.69290534999993, 29.214951967000047], [-90.69290534999993, 29.213228967000134], [-90.68955805099989, 29.210382268000046], [-90.69144625099989, 29.206861169000092], [-90.69178955099989, 29.20513796900019], [-90.69033045099997, 29.204014169000118], [-90.68706895299994, 29.202740570000117], [-90.68560975199989, 29.20281546900003], [-90.68681145199997, 29.200492870000176], [-90.68852805199998, 29.198170270000162], [-90.69110295199994, 29.193000272000177], [-90.69230455099995, 29.19150167200013], [-90.69419284999998, 29.190527572000008], [-90.69685364999992, 29.18992817200018], [-90.69685364999992, 29.194498872000167], [-90.6974544489999, 29.196222171000045], [-90.7020034489999, 29.198095271000113], [-90.70423504799999, 29.197645771000055], [-90.70723914699994, 29.198769571000128], [-90.70775414699989, 29.197196171000144], [-90.70886994599994, 29.19599737100009], [-90.71092984599994, 29.195472870999993], [-90.71273224599997, 29.195622772000092], [-90.71479224499996, 29.19652187100013], [-90.71573634499993, 29.195472872000096], [-90.71496384499994, 29.194199172000083], [-90.71316144499997, 29.192475773000183], [-90.71144484599995, 29.191576673000043], [-90.71127314599994, 29.189328674000137], [-90.70964234699994, 29.18910387300008], [-90.70715324699995, 29.187230573000193], [-90.70835494699998, 29.185207374000186], [-90.70886994699998, 29.182509775000028], [-90.70878404699994, 29.18220997500009], [-90.70680994699995, 29.18086117500019], [-90.70689584799993, 29.180186675000186], [-90.71024314699997, 29.179212475000043], [-90.71238894699997, 29.178837775000147], [-90.71393394599988, 29.17831317600013], [-90.71367644599991, 29.175315576000116], [-90.71256064599999, 29.174116576000188], [-90.71221734699998, 29.17329217700012], [-90.71333314699996, 29.17201807700019], [-90.71410554599998, 29.170294378000165], [-90.7140197469999, 29.16909527700011], [-90.71573634599991, 29.167971078000107], [-90.7181396449999, 29.168345778000003], [-90.72080034399994, 29.166397178000068], [-90.72157284499991, 29.16257478], [-90.72320364399997, 29.15965168000008], [-90.72595024399999, 29.155304281000042], [-90.7263793439999, 29.152680781000186], [-90.72534934399994, 29.150207082000065], [-90.72303194499995, 29.14975738200019], [-90.7198562449999, 29.14990728200013], [-90.71324724699991, 29.14975738200019], [-90.71324724699991, 29.147283683000012], [-90.71281814699995, 29.145634482000105], [-90.71565054699994, 29.144734883000183], [-90.7180537459999, 29.142785883000045], [-90.71487804699996, 29.140761784000176], [-90.7178821469999, 29.137463185000172], [-90.72007084599989, 29.13693838400019], [-90.72230244499997, 29.136938385000064], [-90.72447421999999, 29.138322181000035], [-90.72457885699998, 29.138780594000025], [-90.72616474499989, 29.13907498500015], [-90.72745224399995, 29.138250385000106], [-90.72916884399996, 29.138100385000143], [-90.73200124199991, 29.14053688500013], [-90.73268794199998, 29.14091168500005], [-90.73552034099993, 29.141736285000036], [-90.73586364099992, 29.140836685000068], [-90.73719404099995, 29.140574385000036], [-90.73976893999992, 29.138812585000096], [-90.74028394099992, 29.137725585000055], [-90.73878194099996, 29.136638486000038], [-90.73732274099996, 29.136188685000036], [-90.73706524199997, 29.13420198600005], [-90.7376231419999, 29.132627587000115], [-90.73863164099998, 29.132336986000155], [-90.73925394099996, 29.130640787000004], [-90.74065944099999, 29.129244388000018], [-90.74079894099998, 29.12801658700016], [-90.74152843999991, 29.127041888000065], [-90.74444673999989, 29.125917288000096], [-90.74497243999997, 29.12523308800013], [-90.74474713999996, 29.12400528800015], [-90.74422143999999, 29.1227774890001], [-90.74382443999991, 29.122608788000093], [-90.74354553999996, 29.121231089000048], [-90.74388883999995, 29.120031389000076], [-90.74470423999998, 29.11901909000005], [-90.74858803899997, 29.119075290000126], [-90.74961803799994, 29.11959088900005], [-90.75030463799999, 29.11941278900008], [-90.75105563799997, 29.11954399000018], [-90.75134533799996, 29.121324790000074], [-90.7504870379999, 29.122168289000115], [-90.74990773899992, 29.12250568900015], [-90.74829833899992, 29.12304928900005], [-90.74820183899999, 29.123752289000095], [-90.74932833899993, 29.12424898800009], [-90.75072303799999, 29.124117789000138], [-90.75128093799998, 29.12389288899999], [-90.75178523799991, 29.123218089000147], [-90.75363063699996, 29.12315238900004], [-90.75490733699996, 29.12333988900008], [-90.75484293699998, 29.12358358900019], [-90.75381303799992, 29.123930389000122], [-90.75320143699997, 29.124623889000077], [-90.75115223799997, 29.125514288000147], [-90.75251483699998, 29.12628278800014], [-90.75306193699998, 29.12616098799998], [-90.75379153699993, 29.126985688000048], [-90.75395243699995, 29.127473088000045], [-90.75513263699997, 29.127716688000135], [-90.75586223599993, 29.126854487999992], [-90.75738573599995, 29.126948188000142], [-90.7587160359999, 29.12513938900014], [-90.7583318419999, 29.128256587000124], [-90.75942025899997, 29.128439241000137], [-90.75841442299998, 29.12913745300017], [-90.75745097699996, 29.129509068000118], [-90.75684538199994, 29.130045844999984], [-90.7564875299999, 29.13187639500012], [-90.75568015899995, 29.133625385000073], [-90.75447047299997, 29.135339106000174], [-90.75356320899988, 29.138128102000053], [-90.75400003999994, 29.139640209000163], [-90.7548064959999, 29.14021144899999], [-90.75534413399998, 29.13880015000001], [-90.75658742199988, 29.138934559000063], [-90.75742748099992, 29.13782568100015], [-90.75752828899994, 29.135507118000078], [-90.75873729899996, 29.135056270000064], [-90.75903348799994, 29.136205889000053], [-90.75799872199997, 29.141286725000157], [-90.75628499999999, 29.14568863600016], [-90.75323860499992, 29.150138981000055], [-90.75077749399998, 29.15104138800018], [-90.74741397499992, 29.152025832000106], [-90.74076897599997, 29.155471387000148], [-90.73674916099992, 29.159409165], [-90.73576471599989, 29.165726017000054], [-90.73371378999997, 29.172124905000146], [-90.73133471599994, 29.17934416500009], [-90.72813527199997, 29.186153238000088], [-90.73010415999988, 29.187301757], [-90.73125267899997, 29.189188609000155], [-90.73543647799994, 29.185982013000057], [-90.73732341899989, 29.183528054000135], [-90.73912823399996, 29.184020276000183], [-90.74271760199991, 29.18123921700004], [-90.74569119599994, 29.180738795000025], [-90.74634749299997, 29.177457313000104], [-90.74726705899991, 29.17675407500019], [-90.74782415899995, 29.179836387000137], [-90.74749601099995, 29.183692128000075], [-90.74962897299997, 29.186317313000075], [-90.75213651299998, 29.18409356900014], [-90.75250026999993, 29.179508240000075], [-90.75266434399992, 29.174011758000063], [-90.75190915399997, 29.171997918000045], [-90.75340267799999, 29.17204286900011], [-90.75857101099996, 29.171468610000147], [-90.75922434799992, 29.169975267000098], [-90.75734045599995, 29.164167314000167], [-90.76029378899995, 29.164167314000167], [-90.76209373899997, 29.162848084000075], [-90.76350950899996, 29.16232180900016], [-90.76404714699993, 29.161448147000158], [-90.76236702799991, 29.161145726000086], [-90.76115734299992, 29.15953281200001], [-90.76176218599994, 29.156844623000097], [-90.75998126099995, 29.156004563000067], [-90.75988045399998, 29.154156433000082], [-90.75930921399993, 29.15247631400007], [-90.75889915999994, 29.15022101800014], [-90.75734045599995, 29.14940064700005], [-90.76177045599991, 29.144888611000113], [-90.76390013799994, 29.143809003000115], [-90.76610529199996, 29.141813863000095], [-90.76768157999999, 29.141868719000172], [-90.76864932799992, 29.141438608000044], [-90.76935900999996, 29.139309562000108], [-90.77241040399991, 29.137288044000172], [-90.7737843679999, 29.138960695000094], [-90.77551675599989, 29.139080170000113], [-90.77762711499997, 29.136387000000013], [-90.77991530599996, 29.137391074000163], [-90.77874258399999, 29.141589148000037], [-90.78029575999989, 29.14194757200005], [-90.78226709899997, 29.138423057000182], [-90.78386805799988, 29.134810957000127], [-90.78537345099994, 29.132986941000183], [-90.78668767699997, 29.13334536600007], [-90.78525397599998, 29.135137492000013], [-90.78650846399995, 29.13657119400017], [-90.78794216499995, 29.13752699400004], [-90.78493661999994, 29.140816293000114], [-90.78456325999997, 29.144176529000163], [-90.78699009799993, 29.145483288000037], [-90.78904357599993, 29.1474434270001], [-90.78979029499999, 29.149590245000127], [-90.78736345699991, 29.15136370300013], [-90.78493661899995, 29.155377320000127], [-90.78222976199999, 29.166204750000134], [-90.78045630299994, 29.165738051000176], [-90.78008294399996, 29.162657833000026], [-90.77914954499994, 29.162097794000147], [-90.77802946499997, 29.163124533000143], [-90.77644268699993, 29.161911113000087], [-90.77457588899995, 29.161537753999994], [-90.77466922899993, 29.16303119300005], [-90.77224239099996, 29.163497893000113], [-90.77252241099995, 29.16443129200013], [-90.76962887399998, 29.165551370000117], [-90.77056227199995, 29.16713814900004], [-90.77224239099996, 29.167978208000193], [-90.77438920799995, 29.167511508000075], [-90.77466922899993, 29.16891160700004], [-90.77252240999997, 29.16993834600015], [-90.77280242999996, 29.171151765000104], [-90.7695355329999, 29.171525125000073], [-90.7700209009999, 29.173369521000097], [-90.76894562499996, 29.17516164800014], [-90.77055853799999, 29.175520073000087], [-90.76996116299995, 29.176774561000116], [-90.76954299999989, 29.17916406400019], [-90.76984168799993, 29.181254878000175], [-90.77103643899994, 29.181434090000096], [-90.77115591399996, 29.18250936600009], [-90.77229092699997, 29.1829872670001], [-90.77402331599995, 29.186153356000148], [-90.77485964099998, 29.18943892100009], [-90.77808546799997, 29.191350523000153], [-90.77956902199998, 29.18934059900016], [-90.77754783099994, 29.1877662710001], [-90.7758751799999, 29.18561571900011], [-90.77581544199995, 29.183524905000183], [-90.77778678099997, 29.185078081000086], [-90.77850363099992, 29.187527321000005], [-90.77999706999998, 29.18710915800017], [-90.77898153199999, 29.18537676799997], [-90.78160998399994, 29.185018344000184], [-90.78232683399989, 29.18286779200008], [-90.78143077199991, 29.180358815000034], [-90.77987759599995, 29.17904458900017], [-90.78179967299991, 29.179000691000113], [-90.78159505199994, 29.178038774000186], [-90.78203245399999, 29.17757544900013], [-90.78409616599993, 29.177904027000125], [-90.78686688699997, 29.17940301400006], [-90.78812137599994, 29.180358815000034], [-90.78931612699989, 29.180657503000077], [-90.79041928699996, 29.180495938000092], [-90.78909227599996, 29.17986023100019], [-90.78964613399995, 29.179383089000112], [-90.78812137599994, 29.178566689000093], [-90.7908788609999, 29.178552499000148], [-90.79027624899993, 29.179632582000067], [-90.79102360999997, 29.179640477000078], [-90.79094018199999, 29.180679374000192], [-90.79204625399996, 29.180970712000146], [-90.7934380179999, 29.181613303000063], [-90.79334773699998, 29.182518989000073], [-90.79502003699997, 29.18260860200013], [-90.79642489499997, 29.184002806000024], [-90.7999494099999, 29.18454044400005], [-90.79986916099989, 29.183535910000103], [-90.8007396889999, 29.18289730900011], [-90.80448946299992, 29.184182018000058], [-90.80581560699994, 29.18560514900014], [-90.8055134139999, 29.186939726000162], [-90.80711791499988, 29.187049421000097], [-90.80687040099991, 29.187842610000075], [-90.80927850699993, 29.18764333300004], [-90.81076190499994, 29.18770653400003], [-90.80715531699997, 29.18197881700013], [-90.80845416699998, 29.18208685100018], [-90.80717765299994, 29.175878499000078], [-90.80661876199997, 29.174694305000116], [-90.8070203719999, 29.17391121900016], [-90.80819612099992, 29.173036678000187], [-90.80751613399997, 29.172294251000153], [-90.80850035499998, 29.167744426000183], [-90.80623057399993, 29.168554094000058], [-90.80625833999989, 29.165030532000173], [-90.80731072399993, 29.16369082300008], [-90.81212359599988, 29.162273345000017], [-90.81347106899995, 29.159847894000166], [-90.8167696129999, 29.161077069000157], [-90.81761165199993, 29.161009432000185], [-90.81738485799991, 29.165957709000054], [-90.81900656199997, 29.166989500000057], [-90.82017987699999, 29.16668447700016], [-90.81993893699996, 29.16038688400016], [-90.82220694099993, 29.160508341000025], [-90.82357441499994, 29.161079043000143], [-90.8214111559999, 29.164015059000064], [-90.8227420479999, 29.16690409800009], [-90.82599460299997, 29.16317631000004], [-90.82760196399994, 29.163834256000143], [-90.82842617199998, 29.165463329000033], [-90.82964073899996, 29.16523778600009], [-90.8338254709999, 29.164948816000162], [-90.83720704799998, 29.16603916300005], [-90.83870110999999, 29.168608836000146], [-90.83844859099997, 29.170971519000148], [-90.83892231199991, 29.172357153000178], [-90.84167416899993, 29.171588277000183], [-90.84483605799988, 29.171840665000104], [-90.84727525999995, 29.17447823800012], [-90.85003488099994, 29.174213085000076], [-90.85121470899992, 29.174387441000135], [-90.8522666319999, 29.172127266000075], [-90.85423178399998, 29.17143616100003], [-90.85275706499993, 29.16907097800015], [-90.85174599999999, 29.16826130900006], [-90.85152532599994, 29.16648709300017], [-90.85248388599996, 29.165154096000094], [-90.85338895699988, 29.163480940000056], [-90.8518177169999, 29.16315525699997], [-90.85189028799994, 29.161324194000088], [-90.8504586009999, 29.160876044000133], [-90.84945338899996, 29.15997711600005], [-90.84729776199993, 29.158933351000087], [-90.84763166999994, 29.157848399000045], [-90.85057330999996, 29.157903037000096], [-90.84841955899992, 29.155595725000126], [-90.85051505099995, 29.152549700000122], [-90.8522782789999, 29.151763060000007], [-90.85379207999995, 29.150505856999985], [-90.85551221299988, 29.149607104000154], [-90.8569917349999, 29.148477411000044], [-90.85615094599996, 29.15051585900011], [-90.85482604199996, 29.151615812000102], [-90.85378313199999, 29.15315803600015], [-90.85370220499993, 29.153951650000124], [-90.85593125799988, 29.15431273100006], [-90.85621752999998, 29.15546663600003], [-90.85782383899999, 29.155472031000045], [-90.85776297899992, 29.15487474800011], [-90.85944698999992, 29.155608358000052], [-90.85972280199991, 29.15461775500006], [-90.86036311499998, 29.15445800500015], [-90.86051200699995, 29.153537144999973], [-90.86128726399994, 29.152136905000134], [-90.8624537359999, 29.151747796000166], [-90.86304239999998, 29.150713769000163], [-90.86257209999997, 29.149432617000002], [-90.86272355999995, 29.148756907000063], [-90.86160051199994, 29.14833674300013], [-90.86182066099997, 29.147830651000163], [-90.86263618499993, 29.14681912500015], [-90.8628839669999, 29.146008273000007], [-90.86219411099995, 29.144678696000085], [-90.86258164099996, 29.143738492000068], [-90.86046726799998, 29.143792970000163], [-90.8605696439999, 29.144311168], [-90.86000361299989, 29.144423019000158], [-90.85965799399997, 29.142988829000103], [-90.86063260899988, 29.1419548020001], [-90.86111277799989, 29.142624722000107], [-90.86203890199988, 29.14203678100006], [-90.86294331399995, 29.142765522000047], [-90.86317056899998, 29.141904272000033], [-90.86356967799998, 29.14161819700007], [-90.86383186599988, 29.140938412000025], [-90.86186513899997, 29.138942332000056], [-90.86105665599996, 29.13672387100013], [-90.86171058799988, 29.136132378000127], [-90.86548351099998, 29.13774934500003], [-90.86482714399995, 29.133947340000134], [-90.86834004699989, 29.135330211000053], [-90.86793152799993, 29.136698212], [-90.86617099699998, 29.140040048000117], [-90.8689276579999, 29.14248773800017], [-90.87098051399994, 29.140892746000134], [-90.87527584599991, 29.137031395000122], [-90.87772912799994, 29.134498830000098], [-90.87976593799999, 29.134222316000148], [-90.87766317599988, 29.13686032600009], [-90.87835135199998, 29.141524634000064], [-90.87800726499995, 29.144965516000184], [-90.88286273199998, 29.142939219000084], [-90.88511842199989, 29.140301209000143], [-90.88404792399996, 29.137701431000153], [-90.88573013399997, 29.13686032600009], [-90.89024151299998, 29.135789830000192], [-90.89230604299996, 29.132310715000187], [-90.89535026799996, 29.133106419000114], [-90.89658645299994, 29.134162328000173], [-90.89636580599989, 29.13591408400015], [-90.89887478299994, 29.13543618400007], [-90.89927197999992, 29.133455567000055], [-90.90024874699998, 29.1360335600001], [-90.89744108199994, 29.140155450000066], [-90.89379709199989, 29.14081256200012], [-90.8891375639999, 29.139199649000147], [-90.89057126499989, 29.140932038000017], [-90.89539813499994, 29.143873999000164], [-90.89887478299994, 29.146726580000063], [-90.90198113499997, 29.14666684200006], [-90.90425116199998, 29.143381278000163], [-90.90604328799992, 29.141290464000008], [-90.90616276299994, 29.144456553000055], [-90.90974701599993, 29.14517340400016], [-90.9102846529999, 29.14714474300007], [-90.90789515199992, 29.14792133100002], [-90.91004570299998, 29.148518706000175], [-90.91016517799989, 29.15120689600019], [-90.91147940399992, 29.150549783000088], [-90.91333126799992, 29.148936869000067], [-90.91442603099995, 29.147537387000057], [-90.9160007239999, 29.14849204000012], [-90.92018483699991, 29.151599540000177], [-90.92109017099995, 29.151085701], [-90.92089442299988, 29.153018712000176], [-90.92200953599996, 29.15408710300005], [-90.92463810399994, 29.155538968000144], [-90.92581617999991, 29.156753739000067], [-90.92862646799989, 29.15769219600014], [-90.93007010999997, 29.158768810000083], [-90.92958073999989, 29.160285857000076], [-90.92957889099995, 29.161618098000076], [-90.92985772299988, 29.16258393800007], [-90.93052554199994, 29.163154197999972], [-90.93112616999997, 29.161785287000157], [-90.93189350199992, 29.16191056600013], [-90.93432077699998, 29.163852385000098], [-90.93491585099991, 29.16368012800018], [-90.93582412099994, 29.16374276600004], [-90.93546394499998, 29.16421256200016], [-90.93558922399995, 29.16487027500017], [-90.93645051399994, 29.165073853000138], [-90.9378755599999, 29.16599778400007], [-90.93696728899994, 29.166389279000043], [-90.93690464999997, 29.167000014000052], [-90.9374684039999, 29.167093972000032], [-90.93718652699994, 29.16782998400015], [-90.93746804899996, 29.16820917100017], [-90.93721784699994, 29.169348989000184], [-90.93684201099995, 29.16975614500012], [-90.93488453099997, 29.169834444000116], [-90.93424247699988, 29.170100660999992], [-90.93450869499998, 29.170366878000095], [-90.93457133399988, 29.170836673000167], [-90.93530734699999, 29.171604006000166], [-90.9352290469999, 29.17226171900012], [-90.93488452999998, 29.172653215000025], [-90.93505678899993, 29.17331092900008], [-90.93546394499998, 29.17381204300011], [-90.9355082329999, 29.175474678000114], [-90.93569939299988, 29.176506943000163], [-90.93519772699995, 29.177163249000102], [-90.93508767999998, 29.17979489700008], [-90.93386425499995, 29.179986058000168], [-90.9334956539999, 29.180307182000092], [-90.93310821199998, 29.179833326000164], [-90.93021789899996, 29.180514454000047], [-90.92971678399988, 29.17926166700005], [-90.9287458739999, 29.178525655000044], [-90.92771232499996, 29.17932430700006], [-90.92775930399989, 29.17995070000012], [-90.92868323399989, 29.180122959000073], [-90.92847965699991, 29.180937270000186], [-90.92807820799993, 29.181368658000167], [-90.92744610699992, 29.181516683999973], [-90.92675707399997, 29.181438384000103], [-90.92642430299998, 29.180619179000075], [-90.92573918499994, 29.181297446000144], [-90.92666311499988, 29.18258155300009], [-90.9242671589999, 29.184836570000073], [-90.92305075199988, 29.186565159000168], [-90.92232925399998, 29.18634970200003], [-90.91821481099998, 29.18695235100006], [-90.91787878699995, 29.18853166200006], [-90.91522378099995, 29.192679253000165], [-90.91391908299988, 29.194213151000042], [-90.91467177599992, 29.19485831600008], [-90.91569463299999, 29.19427766700005], [-90.91596345199997, 29.19666343500012], [-90.91431693499993, 29.197369085000048], [-90.91324165999998, 29.1970666630001], [-90.91206557699991, 29.19746989300006], [-90.91160837899992, 29.19836855900013], [-90.91065282599993, 29.19895984800013], [-90.90901351499991, 29.200537583000028], [-90.90838396599997, 29.202160398000103], [-90.90810049799995, 29.20603849600019], [-90.90631957199997, 29.206475328000067], [-90.90595946199988, 29.20519472700005], [-90.90525752199989, 29.20491945600014], [-90.90414267599994, 29.205373654000027], [-90.90228459899998, 29.204699240000025], [-90.90359213499988, 29.20355686700009], [-90.90429407499994, 29.203364178000072], [-90.90477579799995, 29.203047616000163], [-90.90511988599997, 29.203749557000037], [-90.90606956999994, 29.203295360000027], [-90.90579429899992, 29.202992563000123], [-90.90567042799995, 29.202084169000102], [-90.90460848699996, 29.202056466000045], [-90.9035646079999, 29.201698791000183], [-90.90227083599996, 29.20061147199999], [-90.90030474799994, 29.200258889000054], [-90.8997335069999, 29.19851156599998], [-90.89882624299997, 29.19834355300003], [-90.89717972799991, 29.19757069900004], [-90.89455874299995, 29.197805915000117], [-90.89096328999989, 29.195285738000052], [-90.88921596699993, 29.196327411000027], [-90.88491486399994, 29.199654045000102], [-90.88128580799997, 29.200930935000088], [-90.87994171299994, 29.20163658600012], [-90.87695110299995, 29.201770995000118], [-90.87577501999988, 29.200527707000106], [-90.87552300199991, 29.198727879000046], [-90.87698470499998, 29.194445678000193], [-90.88192845299994, 29.193845036000084], [-90.88444863099988, 29.191954903000067], [-90.88738883799994, 29.19085232500015], [-90.88922646799989, 29.189224710000076], [-90.89064406799997, 29.187544591000062], [-90.89074907499992, 29.18617949500009], [-90.8886489269999, 29.186284503000024], [-90.88822889799997, 29.185286931999997], [-90.88607624599996, 29.18224171700001], [-90.88366107599995, 29.182766754000056], [-90.88460614299998, 29.181611673000134], [-90.88261100199992, 29.179511525000066], [-90.88119340199995, 29.181559170000128], [-90.87919826099989, 29.18224171700001], [-90.87515547699996, 29.184709391000126], [-90.87237277999998, 29.18901469499997], [-90.87176791799999, 29.193878702000177], [-90.87116519499995, 29.19652272400009], [-90.86757469699995, 29.196084129000155], [-90.86753168599995, 29.195008854000093], [-90.86773172199992, 29.193522796000025], [-90.86677899299997, 29.19225614800007], [-90.86561769599996, 29.191481948000103], [-90.86592952599995, 29.190514200000166], [-90.86357735999991, 29.189606936000075], [-90.8616956269999, 29.190312586000175], [-90.86317413199993, 29.190883826000174], [-90.86260289099994, 29.19182469200007], [-90.86146041099988, 29.19259754700016], [-90.85894023299994, 29.193101581999997], [-90.85900743799988, 29.194008846000145], [-90.85806657199993, 29.195184929000163], [-90.85783135499992, 29.195856976000073], [-90.85678968199989, 29.19693225300017], [-90.85662166999992, 29.19790672100015], [-90.85675607899992, 29.1987803830001], [-90.85551279099991, 29.19884758700016], [-90.85467273299997, 29.198041131000082], [-90.85373186599992, 29.19810833600019], [-90.8540678899999, 29.1992172140001], [-90.85363105899995, 29.199822057000176], [-90.8510436769999, 29.199855659000093], [-90.85064404099995, 29.200267261000022], [-90.85269019199995, 29.201770994000015], [-90.85342944399991, 29.20257745100008], [-90.85245497599993, 29.2037535340001], [-90.85043883299994, 29.203787136000074], [-90.84946436499996, 29.2031822940001], [-90.84926275099997, 29.204123160000165], [-90.84808666799995, 29.20422396700002], [-90.84799050399988, 29.204969237000057], [-90.84976678599992, 29.205803278000076], [-90.84630706899992, 29.207764385000075], [-90.84301270999993, 29.20835705800016], [-90.83976364099999, 29.211473465000154], [-90.83906349599994, 29.213733601000115], [-90.83761532899996, 29.214583997000148], [-90.83598771399994, 29.221777004000103], [-90.83484901699995, 29.220745060000183], [-90.83556768499989, 29.216631641000106], [-90.83409758099992, 29.21400645600005], [-90.8324699669999, 29.21831176000012], [-90.82926724099997, 29.217734219000192], [-90.82553947799988, 29.219256826000162], [-90.82511944899994, 29.220149389000028], [-90.82086664799988, 29.220884441000067], [-90.82170670799991, 29.21794423299997], [-90.81892401199991, 29.218574278000176], [-90.81719138999989, 29.219519345000094], [-90.81566878299998, 29.220779433000075], [-90.81325361199998, 29.220831937000185], [-90.81377864899997, 29.222459551000043], [-90.81010338999988, 29.224454693000098], [-90.80863328699996, 29.22749990700015], [-90.80910581899997, 29.22912752100018], [-90.80753070899993, 29.23212023300016], [-90.80831826399998, 29.234430395000174], [-90.80789823399988, 29.23621552200018], [-90.80889580399992, 29.23716058800005], [-90.80713692999996, 29.24357916600013], [-90.81035933899994, 29.243343994000043], [-90.81197711499993, 29.237754536000125], [-90.81746597499989, 29.238249282000027], [-90.82305211399995, 29.23964138800011], [-90.82534915199994, 29.237426389000063], [-90.82748211499995, 29.239805463000096], [-90.83158396599998, 29.238164722000135], [-90.83312441199996, 29.23845358200009], [-90.83051748499992, 29.243907314000126], [-90.83355285399989, 29.245466019000048], [-90.83437322499992, 29.248829537000177], [-90.83814692799996, 29.251618796000116], [-90.83880322399989, 29.253751759000124], [-90.84019785399994, 29.255146388000128], [-90.8424701429999, 29.249011818000042], [-90.8446278539999, 29.247352871000032], [-90.84496560499997, 29.244863781000106], [-90.84641063399988, 29.243150271000104], [-90.85211026599995, 29.242734784000106], [-90.85327266699994, 29.243484868000166], [-90.85319008599993, 29.24649908100008], [-90.85378191799998, 29.248425974999975], [-90.8549659819999, 29.25021921400014], [-90.85480041899996, 29.253374825000037], [-90.85731656399997, 29.256450114000188], [-90.85985421499993, 29.25692323600009], [-90.85796576199994, 29.258962227000097], [-90.85302621299996, 29.26154961000003], [-90.8541686939999, 29.2655146890001], [-90.85808299599995, 29.26452694400018], [-90.85926322899991, 29.263393987000143], [-90.86065395099996, 29.26443941300016], [-90.86337574299989, 29.264439414000037], [-90.86508946399994, 29.263162523000176], [-90.86628604899994, 29.26113863600017], [-90.86740802799994, 29.260205516000042], [-90.86787845999999, 29.258458192000035], [-90.86639995599995, 29.257114097000112], [-90.86781125599992, 29.256610062000107], [-90.86827883499996, 29.25472607900008], [-90.86855050799988, 29.252107345000127], [-90.87024309999998, 29.251288791000093], [-90.87064797999989, 29.25149906600018], [-90.87043578899988, 29.252128366000193], [-90.8698164299999, 29.252995468000165], [-90.87027062599992, 29.253201921000084], [-90.87055966099996, 29.253752463000183], [-90.86955492299995, 29.25470214600017], [-90.86925212499995, 29.255718927000146], [-90.86991481999996, 29.256831347000173], [-90.8695532029999, 29.25774044500008], [-90.87030589599999, 29.258837227000072], [-90.87015535699999, 29.26023508500009], [-90.87052095099995, 29.261718966000046], [-90.87153170999989, 29.262170582000067], [-90.87310161199997, 29.262192087000187], [-90.87441344899997, 29.260665196000048], [-90.87514463599996, 29.25894475399997], [-90.87619840699995, 29.259181316000024], [-90.87701561599988, 29.25799851200003], [-90.87639195599996, 29.257116786000097], [-90.87520915299996, 29.257654423000076], [-90.87503710899995, 29.257009258000096], [-90.87546721899992, 29.2559339820001], [-90.87725217799994, 29.25475117900004], [-90.87688658299993, 29.25389095800017], [-90.87708013299988, 29.252600627000106], [-90.87761777099996, 29.25122427400015], [-90.87723067199988, 29.250364054000045], [-90.87596184599988, 29.250084481999977], [-90.87684357199993, 29.24971888800013], [-90.87815540899993, 29.24808446800006], [-90.87847799199989, 29.248901679000085], [-90.87912315799991, 29.24888017300009], [-90.87961778399989, 29.24842855700001], [-90.88026294899998, 29.248342535000177], [-90.8797038059999, 29.249525339000172], [-90.87951025599995, 29.251740407000113], [-90.88027106999994, 29.252283876000092], [-90.88021993799998, 29.253073749000123], [-90.87935971799993, 29.253740420000156], [-90.8798328389999, 29.254665157000034], [-90.8797683219999, 29.255181289000063], [-90.87895111299997, 29.256471620000184], [-90.87882207999996, 29.258471634000102], [-90.87748873799995, 29.259546909000164], [-90.87755325399996, 29.260192073999974], [-90.87654249499997, 29.260837240000058], [-90.87613388999995, 29.261977033000164], [-90.87697260499988, 29.262794241999984], [-90.87813390299993, 29.262579187000085], [-90.87815540899993, 29.261761978000038], [-90.87895111299997, 29.261761978000038], [-90.87940272799995, 29.261095307000005], [-90.88144575199999, 29.26079422900017], [-90.88344576499998, 29.259934009000062], [-90.88630599899994, 29.258428622999986], [-90.88643503299994, 29.257546897000054], [-90.88852106699989, 29.25700925899997], [-90.89022000299997, 29.25632108200017], [-90.89185442199994, 29.256471620000184], [-90.89497272199998, 29.2573318420001], [-90.8969727349999, 29.256966248000083], [-90.89714477899997, 29.25758990800017], [-90.89776843899995, 29.25763291900006], [-90.89821912799994, 29.257263657000067], [-90.8981340329999, 29.256751193000127], [-90.90009103499989, 29.256213555000045], [-90.89942436399991, 29.25672968700013], [-90.89931683599997, 29.25769743500007], [-90.89871468199999, 29.258514645000048], [-90.89806951599991, 29.25862217300005], [-90.89776843899995, 29.259589921000156], [-90.89727381199998, 29.259847987000057], [-90.89637058099993, 29.259138305000135], [-90.89600498699997, 29.259912503000066], [-90.89262199399991, 29.261903763000134], [-90.89262199399991, 29.262178420000055], [-90.89295959499998, 29.262681961000055], [-90.89285850499994, 29.263071060000186], [-90.89212608299994, 29.263620377000052], [-90.89204406599998, 29.26389503500002], [-90.89217758299992, 29.26398658800008], [-90.89303970299994, 29.263826370000118], [-90.89439773599992, 29.262819290000095], [-90.89591896499996, 29.262622198000145], [-90.89658563599994, 29.26307381400005], [-90.89837059299992, 29.26386951800015], [-90.90051368799999, 29.26291957900014], [-90.90277922399991, 29.262428649000015], [-90.9057899959999, 29.260622186000035], [-90.90682226099989, 29.25619204900005], [-90.90823680399996, 29.256374571000038], [-90.91870448799989, 29.25339461300007], [-90.92133332299989, 29.25166040800019], [-90.92194366599995, 29.252027511999984], [-90.92223358199993, 29.253034592000176], [-90.92137145999993, 29.253313065000043], [-90.91897911399997, 29.25355439900011], [-90.90884377899988, 29.256622160000006], [-90.90819722699996, 29.257337599000152], [-90.9070588219999, 29.257826469000122], [-90.90658569999994, 29.25997702000012], [-90.90744018699996, 29.260618210000075], [-90.90744018699996, 29.261533737000093], [-90.90608215399993, 29.263277054000184], [-90.90665626499992, 29.263299942000117], [-90.90788635399991, 29.26240972400018], [-90.90911130799992, 29.26236843400011], [-90.90975819399989, 29.262519833000113], [-90.91179519599996, 29.26179036600007], [-90.91401112399996, 29.26183165600014], [-90.91494704399997, 29.263029084000095], [-90.9143139229999, 29.26320800900004], [-90.91430015799989, 29.263717260000192], [-90.91361198199996, 29.26406134800004], [-90.91376338099997, 29.264873396000098], [-90.91341929199996, 29.265575337000143], [-90.91409279799996, 29.266773720999993], [-90.91549758599996, 29.267254487000173], [-90.91859437999994, 29.266566311000076], [-90.9186769609999, 29.266167168000038], [-90.92104428799996, 29.265575337000143], [-90.92134708599997, 29.26649749400019], [-90.92192515399995, 29.266814055000168], [-90.9234116149999, 29.266731474000153], [-90.92386581199992, 29.266469966000045], [-90.92427871699988, 29.265836844000034], [-90.9245539879999, 29.264639417000183], [-90.92623313899992, 29.264336619000176], [-90.9276645459999, 29.263634679000177], [-90.92873638099996, 29.263783497000077], [-90.93198371399995, 29.26240714400012], [-90.93349220099998, 29.262619237000024], [-90.93441473199994, 29.264878903000067], [-90.93476104699988, 29.266714096000157], [-90.93517135299999, 29.266649511000026], [-90.93532562299998, 29.266832352000165], [-90.9356491559999, 29.26799233600002], [-90.93270585199991, 29.26954749200013], [-90.93144621299996, 29.270771896000156], [-90.92972563399991, 29.27178355000018], [-90.9297290749999, 29.273420550000083], [-90.93070628499993, 29.274397760000113], [-90.9307338129999, 29.276861432000032], [-90.93153209799999, 29.278113913000027], [-90.93014364799996, 29.27828359200015], [-90.93007644299996, 29.276603473000137], [-90.92910197399999, 29.276200245000155], [-90.92802669899993, 29.27525937900009], [-90.92879955299992, 29.274016091000078], [-90.92816110799993, 29.273209634000068], [-90.92658179699993, 29.273209634000068], [-90.92660264199998, 29.274189379000063], [-90.92506968999993, 29.27502416200008], [-90.92493528099993, 29.275864222000166], [-90.92362478799993, 29.276805088000174], [-90.92228069399994, 29.276502666000056], [-90.92144063399996, 29.276939497000058], [-90.92097020199998, 29.276401859000146], [-90.9199285279999, 29.276603473000137], [-90.92027394699988, 29.27734850100012], [-90.91895405899993, 29.276872292000064], [-90.91908846799998, 29.276469064000082], [-90.91774437399994, 29.276536269000076], [-90.91693791699993, 29.27700670100006], [-90.9162658699999, 29.27603223300008], [-90.91364488499994, 29.276905895000084], [-90.91371208999999, 29.27609943700014], [-90.91169594799999, 29.275931426], [-90.90877254199995, 29.276401859000146], [-90.90795517099991, 29.27486572000015], [-90.90655862099999, 29.2741213970001], [-90.90556558799989, 29.276017044000184], [-90.90721193999997, 29.27734315500004], [-90.90342976499994, 29.276838689000044], [-90.90236105999998, 29.275336739000124], [-90.90113763599999, 29.275413203000028], [-90.89788791299998, 29.27793651600018], [-90.89652447799995, 29.280108620000135], [-90.89666448799989, 29.282753751000087], [-90.8986398109999, 29.28426877600009], [-90.89967469999993, 29.286304056999995], [-90.89983221099999, 29.288194190000183], [-90.89609100799998, 29.287418059000174], [-90.8900885789999, 29.290782478000096], [-90.88932393799996, 29.289176733000033], [-90.8866859279999, 29.291088334000165], [-90.88671303799993, 29.292628847000174], [-90.88292601899997, 29.295859730000075], [-90.88297852299996, 29.297644855999977], [-90.88842158699993, 29.295195477000107], [-90.89172796799994, 29.294887068000094], [-90.89463971899988, 29.293688112000154], [-90.89559399099988, 29.293932798000185], [-90.89626611599988, 29.295471904000124], [-90.89760136399997, 29.29549717800012], [-90.89803159299998, 29.29594501400004], [-90.89977810399995, 29.29652645900012], [-90.90526478199996, 29.295665020000115], [-90.90632787099992, 29.295360643000095], [-90.90664304699999, 29.29433805700006], [-90.90797721499996, 29.294646633000184], [-90.90874580799988, 29.29579087400009], [-90.9096251449999, 29.296173195000165], [-90.91033314199996, 29.29556562099998], [-90.91264547499998, 29.295217394000076], [-90.91558847999994, 29.293993526000065], [-90.91517454099994, 29.292601424000168], [-90.91430209299989, 29.29190855600018], [-90.91692746199993, 29.290858943000103], [-90.91910668799994, 29.290629551000166], [-90.92072868299988, 29.291291910000155], [-90.92314385399993, 29.294652145999976], [-90.92939179399997, 29.292919524000183], [-90.93221282999997, 29.284154892000117], [-90.93287277199988, 29.28454399100002], [-90.93402099599996, 29.285665512000037], [-90.93485832199997, 29.287317276000067], [-90.93511962899998, 29.28848457300012], [-90.93559074499996, 29.289560318000042], [-90.93530273399995, 29.29176139800012], [-90.93472862199997, 29.291715622000027], [-90.93431091299993, 29.29212760900009], [-90.93305206399998, 29.292448044000082], [-90.93251037599993, 29.29233360300009], [-90.93218994099993, 29.292448044000082], [-90.93221855199994, 29.292814255000053], [-90.93247985799997, 29.293020248000175], [-90.93349838299997, 29.29318046600008], [-90.93360137899992, 29.293317795000178], [-90.93018341199996, 29.29925346400006], [-90.92973518399998, 29.299047470000062], [-90.92918395999993, 29.29902458200013], [-90.92892456099997, 29.299276352000163], [-90.92892456099997, 29.299596786000052], [-90.92918395999993, 29.299802779999993], [-90.92986297599998, 29.299894333000054], [-90.93002128599994, 29.30051612900013], [-90.9288177489999, 29.30145454400008], [-90.92845153899998, 29.302301407000073], [-90.92672729499998, 29.30463981600019], [-90.9257335659999, 29.306516647000137], [-90.92536735499988, 29.306722641000135], [-90.92461013799993, 29.306722641000135], [-90.92322349499989, 29.306264877000103], [-90.92249298099995, 29.30631065400007], [-90.92141821699988, 29.306699304000063], [-90.92118263199995, 29.30658531200004], [-90.92105293299988, 29.306127548000177], [-90.92084503199999, 29.30601310700007], [-90.9204254149999, 29.306104660000074], [-90.92024230999994, 29.30631065400007], [-90.92053031899997, 29.307638168000153], [-90.92021179299991, 29.308992386000114], [-90.92018890399999, 29.31038856500004], [-90.92044830299994, 29.311029434000034], [-90.92478942899993, 29.314764023000066], [-90.92486572299998, 29.315523148000068], [-90.92677924999992, 29.31552324500018], [-90.92915344199997, 29.316026688000193], [-90.92960357699991, 29.316736221000156], [-90.93007469199989, 29.317102432000183], [-90.93208694499998, 29.31811332700005], [-90.93391418499988, 29.318685532000075], [-90.93454551699989, 29.319005966000134], [-90.93488311799996, 29.319440842000063], [-90.93537902799994, 29.32260322600007], [-90.93587493899997, 29.324483871000155], [-90.93749999999994, 29.32798957800003], [-90.93831253099995, 29.328882217000057], [-90.93833732599995, 29.32933998100009], [-90.93716049199992, 29.32966041600008], [-90.93603527199997, 29.33034698300014], [-90.9341526039999, 29.33011817900018], [-90.93436431899994, 29.329248428000085], [-90.9352798459999, 29.328950882000186], [-90.93594360299994, 29.328104019000193], [-90.93676948499996, 29.3275318150001], [-90.93661117599993, 29.32736778300017], [-90.93574714699992, 29.327184677000105], [-90.93524932899999, 29.326818466000134], [-90.93339425399995, 29.32711593800002], [-90.93271636999998, 29.327024460000132], [-90.93255615199996, 29.326818466000134], [-90.93250465399996, 29.326040268000042], [-90.93213844299999, 29.325445175000084], [-90.93229675399994, 29.32457160900009], [-90.93255615199996, 29.32429695100012], [-90.93302726699994, 29.32429695100012], [-90.93386077899999, 29.324594498000124], [-90.93431091299993, 29.324594498000124], [-90.93444061299994, 29.324136734000092], [-90.9340476989999, 29.323633194000024], [-90.9331855769999, 29.323106766000137], [-90.93245697099997, 29.32191658000005], [-90.93224334699994, 29.321802139000113], [-90.93203544699998, 29.32191658000005], [-90.93208312999991, 29.322763443000042], [-90.93169403199988, 29.323656082000127], [-90.93174743699996, 29.32640647900007], [-90.93135070799997, 29.32732200600003], [-90.93184661999999, 29.327802657999996], [-90.93185043399995, 29.328054428000087], [-90.93140792799994, 29.328630447000023], [-90.93143272499992, 29.328927994000026], [-90.93180084199992, 29.328927994000026], [-90.93297576899988, 29.32837867700016], [-90.93360137899992, 29.328538895000065], [-90.93375968899988, 29.328950882000186], [-90.93357658399992, 29.329614639000113], [-90.93362998999999, 29.33011817900018], [-90.93396759099994, 29.330598830999975], [-90.93493652299992, 29.330968857000073], [-90.93632316599991, 29.33202171300013], [-90.93700408899991, 29.332273483000165], [-90.93802642799989, 29.332136154000125], [-90.93839263899997, 29.3318614960001], [-90.93875503499993, 29.33124351500004], [-90.93899536099991, 29.330301285000075], [-90.93946075399998, 29.33020973200007], [-90.94068908799994, 29.33124351500004], [-90.94165801999998, 29.33163261400017], [-90.94254875199988, 29.332342148000066], [-90.94398498499993, 29.332822800000088], [-90.94483947899994, 29.33367729200006], [-90.94895837899998, 29.333898749000184], [-90.9515457149999, 29.334493637000037], [-90.95172882099996, 29.33474540700007], [-90.95175552399996, 29.335756302000163], [-90.95217132699997, 29.336168289000057], [-90.95285797199995, 29.33625984200006], [-90.95345497099993, 29.335939407000126], [-90.95361328199994, 29.335596085000134], [-90.95335388199993, 29.334699631000035], [-90.9554672239999, 29.334791183000107], [-90.95565032999997, 29.335248946999968], [-90.95632967499995, 29.33497478200013], [-90.95698547399996, 29.336900711000055], [-90.95753479099994, 29.33722114599999], [-90.95803260899999, 29.337175369000022], [-90.96269226099997, 29.335821152000165], [-90.96446990999999, 29.33442497300001], [-90.96488380399995, 29.33389854400008], [-90.96692657499995, 29.33337211600002], [-90.9680213929999, 29.333272934000036], [-90.96812629699991, 29.33290672300018], [-90.97095489499998, 29.331830978000085], [-90.97309493999995, 29.33043098400003], [-90.9747161869999, 29.329813004000073], [-90.97542571999998, 29.329378128000144], [-90.97576186099991, 29.329286966000097], [-90.97605133199988, 29.32990455600003], [-90.97628784199992, 29.330041885000128], [-90.97649574299999, 29.329927444000134], [-90.97707366899994, 29.328619003000142], [-90.98049926799996, 29.32706260700013], [-90.98324012799998, 29.3254108430001], [-90.9843902589999, 29.324884415000042], [-90.98506927499994, 29.325365067000007], [-90.98491668699995, 29.32708168000005], [-90.98504638699995, 29.32754325900015], [-90.98680114699988, 29.3299465180001], [-90.98748016399998, 29.330221176000123], [-90.9885787959999, 29.329992294000192], [-90.9894943249999, 29.32964897200003], [-90.9910888679999, 29.328546524000103], [-90.99134826699998, 29.328546524000103], [-90.99145507799994, 29.328935623000064], [-90.98999023399989, 29.330060959000093], [-90.98978233199995, 29.33065605200005], [-90.98978233199995, 29.331594467000116], [-90.98993682899999, 29.331800461000114], [-90.99043438099994, 29.331503149000014], [-90.99122047399999, 29.33154869100008], [-90.9915618899999, 29.331411362000154], [-90.99184799199998, 29.331045151000183], [-90.99189948999992, 29.33042717000012], [-90.99221218999998, 29.33003820300013], [-90.99380874699989, 29.330518723000125], [-90.99448776299988, 29.330381393000152], [-90.99524879499995, 29.329988480000054], [-90.99559020999999, 29.32959938000016], [-90.99624061599997, 29.328180313000075], [-90.99665832499988, 29.325956345000122], [-90.99642181399992, 29.325819016000025], [-90.99639892599998, 29.3254756930001], [-90.99715423599997, 29.323869705000106], [-90.99725532499997, 29.32238197300012], [-90.99683761599988, 29.321901321000155], [-90.99681091299999, 29.321645737000154], [-90.9971504209999, 29.32118797300012], [-90.9971771239999, 29.320844650000026], [-90.99696731599994, 29.320592880000163], [-90.99644470199996, 29.32040977500003], [-90.99591827499995, 29.320501328000034], [-90.99594688399998, 29.320775986], [-90.99644470199996, 29.321233749000157], [-90.99620819099994, 29.32183265700013], [-90.99597868699993, 29.321877810000046], [-90.99490356399991, 29.320615768000096], [-90.99356841999992, 29.32025337200014], [-90.9932556149999, 29.31981468200007], [-90.99341010899997, 29.31960868699997], [-90.9942207339999, 29.319334030000107], [-90.99592018099992, 29.319150925000145], [-90.99644470199996, 29.318944931000146], [-90.99736022999997, 29.31825828600006], [-90.99774932899999, 29.317705154000123], [-90.99835205099993, 29.317590714000062], [-90.99855995199994, 29.317316054999992], [-90.99855995199994, 29.316629410000132], [-90.99908256499998, 29.31577873200007], [-90.99967193599991, 29.31694984400019], [-90.99966430699999, 29.319677353000145], [-91.0001182559999, 29.320520401000124], [-91.00011634899994, 29.310987472000136], [-90.99975585899995, 29.310785294000084], [-90.99947357299993, 29.310373306000145], [-90.99949645999993, 29.309434891000024], [-90.99979400499996, 29.30883598300005], [-90.99970245499998, 29.307806015000097], [-90.99902343799988, 29.30750846900014], [-90.99845123299997, 29.30782890300003], [-90.99821472199994, 29.30826377900013], [-90.99821472199994, 29.30883598300005], [-90.99852752699991, 29.309434891000024], [-90.99821472199994, 29.30973243700015], [-90.99636077899993, 29.309160233000057], [-90.99643707299998, 29.308633804000067], [-90.99601936299996, 29.30819892900007], [-90.9944000239999, 29.307329178000145], [-90.99363708499999, 29.307142258000113], [-90.99212048899994, 29.307214576999968], [-90.99165344199992, 29.30661582900018], [-90.99120521599997, 29.306409836000114], [-90.99060440099998, 29.30645561200015], [-90.98966407799998, 29.306894302000046], [-90.98937988299991, 29.306573868000157], [-90.98932647699996, 29.30616187999999], [-90.98958587599992, 29.305658340000093], [-90.98958587599992, 29.304990768000096], [-90.98832893499991, 29.304304123000065], [-90.98830413799999, 29.303915024000105], [-90.98869514499995, 29.303228378000142], [-90.98843383799988, 29.301717757999995], [-90.9879379269999, 29.30132484400019], [-90.98626327499989, 29.30160331700006], [-90.98618507399999, 29.301305771000102], [-90.98835164199994, 29.30029562800013], [-90.98971366899991, 29.300661087000094], [-90.99010658299994, 29.300569534000033], [-90.99060249399992, 29.29976844800018], [-90.99099000299992, 29.29972308100008], [-90.99149131799993, 29.300134659000037], [-90.99154281699992, 29.30038642900007], [-90.99067687999997, 29.301050185999998], [-90.9902114869999, 29.302473068000154], [-90.99060058599997, 29.30364036600008], [-90.99094390899995, 29.303846359000033], [-90.99141693099989, 29.303846359000033], [-90.99204254199998, 29.303228378000142], [-90.99219703699998, 29.302515030000052], [-90.99193572999991, 29.301942825000083], [-90.99128150999996, 29.301347733000057], [-90.99183082599995, 29.300821304000067], [-90.99222299899998, 29.30070762700018], [-90.99326896699995, 29.301256179999996], [-90.99415635499997, 29.300932334000038], [-90.99418449399991, 29.301256179999996], [-90.99381828299988, 29.301851273000125], [-90.99447250399993, 29.30249214200012], [-90.99538421599999, 29.302789688000075], [-90.99724408899993, 29.302698271000054], [-90.99745178199998, 29.30283546400011], [-90.9976634979999, 29.303750992000005], [-90.99941253699996, 29.30537605300009], [-90.99975204499998, 29.307394027999976], [-91.00011634899994, 29.30736732500003], [-91.00011634899994, 29.30085945100012], [-90.99664271099994, 29.301160502000073], [-90.9964313509999, 29.30097770700013], [-90.99596023599992, 29.299810410000134], [-90.99562072899994, 29.29857444800018], [-90.99514961199992, 29.29811668400015], [-90.99444580099993, 29.29786491400006], [-90.9938161309999, 29.297887673000105], [-90.99329185499994, 29.297704697000086], [-90.99321556099994, 29.29809379599999], [-90.99397277799989, 29.29848289500012], [-90.99363326999998, 29.29962730400007], [-90.99300575299998, 29.2998142240001], [-90.99227905299989, 29.29896354700014], [-90.99154090899992, 29.298551559000146], [-90.99034118599997, 29.298231125000086], [-90.98947895199996, 29.298414109000134], [-90.98861312899999, 29.297636032000128], [-90.9873065949999, 29.29720115700013], [-90.9873065949999, 29.29651451100017], [-90.98783111599994, 29.29596519500018], [-90.98814261499996, 29.295874024], [-90.9888763429999, 29.296079636000172], [-90.98952674899994, 29.29569053600011], [-90.98989115599994, 29.295663966000063], [-90.99007415799991, 29.295896530000107], [-90.99015617399994, 29.296560287000034], [-90.99080657999991, 29.296834946000104], [-90.99216842699991, 29.296720505000167], [-90.99258613599994, 29.29623603800013], [-90.9926910399999, 29.2955493930001], [-90.99190711999995, 29.29500007600018], [-90.99219512899998, 29.293970108000053], [-90.99180030799994, 29.293397903000027], [-90.9913825989999, 29.293146133000164], [-90.99073028599992, 29.293352127000162], [-90.9904937739999, 29.293077469000025], [-90.99023246799993, 29.293031693000103], [-90.98892211899988, 29.29355812100016], [-90.98889923199994, 29.293832779000127], [-90.98926544199998, 29.294084549000047], [-90.99059867899996, 29.29415321400012], [-90.99091339099988, 29.294404984000153], [-90.99073028599992, 29.29463386499998], [-90.99033589599998, 29.29472487800018], [-90.98973655699996, 29.294610977000048], [-90.98931884799993, 29.294794083000113], [-90.98900604199991, 29.294794083000113], [-90.98866462699999, 29.294519424000043], [-90.98832702599992, 29.293924332000188], [-90.98800849899999, 29.293764114000055], [-90.98741049799997, 29.293855238000162], [-90.98683357199991, 29.293443679999996], [-90.98683357199991, 29.293214798000065], [-90.98704528799993, 29.293100357000128], [-90.98884582499988, 29.292985916000134], [-90.98934364299993, 29.2927341460001], [-90.98950195399999, 29.29241371200004], [-90.98939514199992, 29.29204368600017], [-90.98908042899996, 29.29181480400007], [-90.98824310299995, 29.2920017240001], [-90.98771667499989, 29.292482376000066], [-90.98727607799992, 29.292482376000066], [-90.98793029799998, 29.29108238200007], [-90.98738098099994, 29.290212631000088], [-90.9874343869999, 29.289365768000096], [-90.98706817599998, 29.288839340000095], [-90.98771858199996, 29.288377762000096], [-90.9907515349999, 29.288332044000015], [-90.99200439399999, 29.288881302000163], [-90.99271392799994, 29.288881302000163], [-90.99310493499996, 29.288652420000062], [-90.99347114599993, 29.287942886000167], [-90.99493408199993, 29.286634445000175], [-90.99522399899996, 29.28599357600018], [-90.99524688799988, 29.284963608000055], [-90.99338722199997, 29.2829685210001], [-90.99215888999998, 29.28235054000004], [-90.99037933299991, 29.28209877000012], [-90.98802947999991, 29.282972336000114], [-90.98745536799993, 29.283292770000173], [-90.98674774199992, 29.284116745000063], [-90.98680114699988, 29.284830093000096], [-90.98769187899995, 29.285562515000095], [-90.98771667499989, 29.285882950000087], [-90.98732717099989, 29.285974356000168], [-90.9862537379999, 29.285585403000084], [-90.98554801899996, 29.285882950000087], [-90.98520660399993, 29.28652381900008], [-90.98520660399993, 29.28734779400014], [-90.98484739399998, 29.287507756000025], [-90.98377227799995, 29.28734779400014], [-90.98330116299996, 29.28703117400005], [-90.98320007299992, 29.286752701000182], [-90.98379707399994, 29.286432266000077], [-90.98413848899997, 29.28569984400019], [-90.9840316769999, 29.285333632999993], [-90.98324775699996, 29.284601212000098], [-90.98303985599989, 29.283201218000045], [-90.98207092299992, 29.28272056600008], [-90.98193931599997, 29.282812119000084], [-90.98196411099997, 29.284097672000144], [-90.98060607899998, 29.283914566000078], [-90.98002624499998, 29.2841892240001], [-90.97994995099998, 29.28567695600009], [-90.98040008499999, 29.285791397000025], [-90.98052978499999, 29.286043167000116], [-90.98019027699996, 29.28737449600004], [-90.98050689799993, 29.28742027300018], [-90.98147010799988, 29.285997391000024], [-90.98147010799988, 29.285264969000025], [-90.98194122399997, 29.28517341600019], [-90.98235893199995, 29.285768509000093], [-90.98235893199995, 29.28606605500005], [-90.98201751799996, 29.286478043000045], [-90.98230743399989, 29.287626266000075], [-90.98139190699999, 29.288152695000008], [-90.98133850199991, 29.288518906000036], [-90.98113250699993, 29.28870201100017], [-90.98047637899998, 29.2887248990001], [-90.97979736299993, 29.289182663000133], [-90.9794311519999, 29.290170670000123], [-90.97940826399997, 29.290719986000056], [-90.98021697999991, 29.2922077180001], [-90.98024559099991, 29.293241501000068], [-90.97982788199988, 29.29440879800012], [-90.97977447499994, 29.295415878000142], [-90.97948455799991, 29.29592323300011], [-90.97943687399999, 29.296564102000104], [-90.97977447499994, 29.297410965000097], [-90.97946166999998, 29.298234940000157], [-90.97954177899993, 29.29857826200015], [-90.98019409199998, 29.29896736100011], [-90.98113632199988, 29.299150467000118], [-90.98173522799999, 29.299795151000183], [-90.9827842709999, 29.30006980899998], [-90.9835433959999, 29.299978256000145], [-90.98403930699999, 29.299356461000116], [-90.98416900599989, 29.29759407000006], [-90.98351287799989, 29.296651840000095], [-90.98236846899988, 29.29631233200007], [-90.98066711399997, 29.296426773000178], [-90.98071670499996, 29.29582786600014], [-90.98134613099995, 29.29502677900018], [-90.98123931899988, 29.29440879800012], [-90.9824142459999, 29.29395103500019], [-90.9828872679999, 29.293375015000095], [-90.9837226869999, 29.293539047000024], [-90.98398590199992, 29.293397903000027], [-90.98406108999995, 29.29270870200014], [-90.98497772199994, 29.29289436300013], [-90.98536682099996, 29.293535233000057], [-90.98529052699996, 29.294202805000054], [-90.98442840599995, 29.295484543000043], [-90.98447990499994, 29.296033859000033], [-90.98495101899994, 29.296400070000004], [-90.98523712199989, 29.296422958000164], [-90.9861282149999, 29.296148775999995], [-90.98638915999993, 29.296491623000065], [-90.98618125899998, 29.298074722000024], [-90.98547363299991, 29.298349380000047], [-90.98537063599991, 29.29857826200015], [-90.98558044399988, 29.298830032000183], [-90.98607635499997, 29.299013138000078], [-90.98693906999995, 29.29892222500007], [-90.98712539699989, 29.299127579000185], [-90.98704528799993, 29.29933357200008], [-90.98644256599988, 29.299699783000108], [-90.98474502599993, 29.300413132000074], [-90.98461151099991, 29.301054001000068], [-90.98560905599993, 29.30212974500006], [-90.98602294999989, 29.30228996300019], [-90.98775291399994, 29.301855087000092], [-90.98785781899994, 29.302473068000154], [-90.98722839499999, 29.304281235000133], [-90.98636627199988, 29.304719924999972], [-90.98621177799998, 29.305131912000036], [-90.98681449999992, 29.305498123000064], [-90.98877525299991, 29.305955887000096], [-90.9888000489999, 29.306642532000183], [-90.98835754399988, 29.306802750000088], [-90.98603057899999, 29.30584144600016], [-90.98461914099994, 29.305475234000028], [-90.98255157499995, 29.30373573300011], [-90.98139953599991, 29.303621292000116], [-90.98001250499999, 29.30398715700011], [-90.97967529399989, 29.30357551600008], [-90.9796485899999, 29.303163528000084], [-90.97978176299989, 29.30307220400016], [-90.98152923599997, 29.30314064000015], [-90.98231506299999, 29.30288505600015], [-90.98255157499995, 29.302587509000148], [-90.98228836099997, 29.302015305000054], [-90.98134613099995, 29.301534653000033], [-90.98014450099998, 29.30162620500016], [-90.97975158799989, 29.301786423000124], [-90.97922897399991, 29.302312851000124], [-90.97907257199995, 29.30279731800016], [-90.97907257199995, 29.304010391000077], [-90.97894287099996, 29.304193497000142], [-90.97857665999993, 29.304285049000043], [-90.97797393799999, 29.30373573300011], [-90.97698211699998, 29.30334663400015], [-90.97669410799995, 29.303094864000116], [-90.97692871099991, 29.302545547000193], [-90.97695922899993, 29.301923752000164], [-90.97755622899996, 29.30160331700006], [-90.97802734299995, 29.30091667199997], [-90.97800445599995, 29.30025291400011], [-90.97724151599994, 29.299039841000024], [-90.97792053199998, 29.29864692700005], [-90.97808074999995, 29.29825782800009], [-90.97810363799988, 29.29789161700006], [-90.97766113299991, 29.296792984000035], [-90.97766113299991, 29.29635810900004], [-90.97792053199998, 29.29592323300011], [-90.97792053199998, 29.294683456000087], [-90.97839355599996, 29.293996811000056], [-90.97836303699995, 29.29312706000013], [-90.97815322899999, 29.29257774400014], [-90.97771453899992, 29.29225730899998], [-90.97624206499995, 29.292097092000176], [-90.97582244999995, 29.29230308500007], [-90.97537994399994, 29.292852402000108], [-90.97537994399994, 29.29493904100019], [-90.97501514299995, 29.295049241000072], [-90.97363281399998, 29.293561935000128], [-90.97368240399999, 29.29289817800003], [-90.97318458599995, 29.291982651000183], [-90.97383880599995, 29.290811539000117], [-90.97451782199994, 29.29005622900013], [-90.97446632399999, 29.28930091899997], [-90.97420501699997, 29.288911819000134], [-90.97305297899993, 29.28849983200007], [-90.97229576099994, 29.288614273000007], [-90.97174644499995, 29.288911819000134], [-90.97153472899993, 29.289278030000162], [-90.97150993299994, 29.289964676000125], [-90.97229576099994, 29.292188644000078], [-90.97276687599998, 29.293012619000137], [-90.97292327899999, 29.294572829999993], [-90.97153854399988, 29.293493271000102], [-90.97112910399994, 29.29205772900019], [-90.96958108899992, 29.289847427000097], [-90.97059631299999, 29.285406113000136], [-90.9708862299999, 29.2851543430001], [-90.97193145799997, 29.285039902000108], [-90.97229385399993, 29.2848567960001], [-90.97242736899989, 29.284399033000113], [-90.9718246459999, 29.284029007000072], [-90.97164154099988, 29.28361702000018], [-90.97190093999995, 29.283273697000084], [-90.97467231799999, 29.28196907000006], [-90.97506713999996, 29.28093528700009], [-90.97457122799989, 29.280248642000174], [-90.97457122799989, 29.279516220000176], [-90.9743041989999, 29.27885246300002], [-90.97352027999989, 29.27844047500008], [-90.97302246099991, 29.27839469900016], [-90.97182426799998, 29.278875101000153], [-90.9713745119999, 29.278577805000054], [-90.97038269099988, 29.277456284000095], [-90.96928405799997, 29.27679634100008], [-90.96719360399999, 29.276197433000107], [-90.96640922999995, 29.276246810000032], [-90.96546935999999, 29.27606391900008], [-90.96520614599996, 29.275926590000154], [-90.96497344999989, 29.27514457700005], [-90.96429061899988, 29.27475547800009], [-90.96327209499998, 29.274572372000023], [-90.96227836599991, 29.274663925000027], [-90.96180725099993, 29.275011063000193], [-90.96105003499997, 29.275995255000055], [-90.9605789169999, 29.27606391900008], [-90.96015930199991, 29.274988174000157], [-90.95997619599996, 29.273656845000005], [-90.96052551299994, 29.272901535000074], [-90.96055221599994, 29.272603989000118], [-90.96013641399998, 29.271551132000127], [-90.95971679699988, 29.27118110700019], [-90.95819854699994, 29.27042579700003], [-90.95710182199997, 29.270174026000063], [-90.95639800999993, 29.269624710000073], [-90.95490646399998, 29.269418716000132], [-90.95302581799996, 29.26884651200004], [-90.95281600999994, 29.268205642999988], [-90.95145607099994, 29.267564773999993], [-90.95095825199996, 29.266920090000156], [-90.95043563899998, 29.266668320000065], [-90.94972991899994, 29.26687812800003], [-90.94928550699996, 29.267679214000054], [-90.94782257099996, 29.267816544000084], [-90.94497489899999, 29.26687812800003], [-90.94470977799989, 29.266946793000102], [-90.94429397599993, 29.267450333000056], [-90.94309043899995, 29.267839432000187], [-90.94233629299998, 29.267930612999976], [-90.94146728499999, 29.267610550000086], [-90.93961334199992, 29.268182755000055], [-90.93856811499995, 29.26907539400014], [-90.93815002499997, 29.269166613000095], [-90.9378376009999, 29.26898384100008], [-90.93663787799994, 29.267221451000125], [-90.93658447299993, 29.266077042000177], [-90.93673896799993, 29.26522636400017], [-90.93692207299989, 29.265043259000038], [-90.93660736199996, 29.264425278000147], [-90.93613815299994, 29.264036179000186], [-90.93574714699992, 29.261056900000142], [-90.93601226799996, 29.260759354000015], [-90.93770599399994, 29.260026932000187], [-90.93846893299991, 29.259363174000157], [-90.93888282799998, 29.25860405000003], [-90.93898773199993, 29.257505417000175], [-90.93843841599994, 29.256155014000115], [-90.93741989099999, 29.25512123100009], [-90.93700408899991, 29.25429725600003], [-90.93632125899995, 29.253656387000035], [-90.93619155899995, 29.252511978000143], [-90.9363727569999, 29.25193595900015], [-90.93603515599989, 29.251569748000122], [-90.93603515599989, 29.25095176700006], [-90.93558692999994, 29.250215530000162], [-90.93555641199998, 29.24981498700015], [-90.9374923709999, 29.24943733200007], [-90.93955993699996, 29.24829292300018], [-90.94000244099993, 29.24762916600008], [-90.94065856899988, 29.247056961000055], [-90.94412994399994, 29.248498916000074], [-90.94410324099988, 29.248865127999977], [-90.94274139399994, 29.249620438000136], [-90.94207763699995, 29.250215530000162], [-90.94546508799993, 29.250215530000162], [-90.9457244869999, 29.24913978600017], [-90.94618987999996, 29.249094009000032], [-90.94684600799997, 29.2495975490001], [-90.94917678799999, 29.250215530000162], [-90.95148849599997, 29.250215530000162], [-90.95170974699988, 29.24990654000004], [-90.9524152649999, 29.249818827000126], [-90.95301055899995, 29.24986076400012], [-90.9529876709999, 29.250215530000162], [-90.95449829099994, 29.250215530000162], [-90.95455932599992, 29.249574661000167], [-90.95372009299996, 29.249345779000066], [-90.95348548899989, 29.24920844999997], [-90.95348548899989, 29.249025345000007], [-90.95463561999992, 29.247880936000115], [-90.95693397499997, 29.247491837000155], [-90.9584751129999, 29.246366501000125], [-90.95886821599993, 29.24634371200011], [-90.95912933399995, 29.246480942000062], [-90.95951843299991, 29.247285843000157], [-90.95999145499997, 29.247606277000045], [-90.96153259299996, 29.247762680000108], [-90.9629459389999, 29.24716758700015], [-90.96407318099995, 29.246389389000058], [-90.96493148799999, 29.245588303000034], [-90.96542739899996, 29.244878769000138], [-90.96550750699993, 29.243799210000077], [-90.96506118799988, 29.242425919000027], [-90.96367645299995, 29.241189957000074], [-90.9630737299999, 29.240911484000037], [-90.96200180099993, 29.24070549000004], [-90.9609298709999, 29.24070549000004], [-90.96004295299997, 29.24093818700004], [-90.95902252199994, 29.241464615000098], [-90.95839691199996, 29.24201393100003], [-90.95669555699993, 29.24221992500003], [-90.95515441899988, 29.243436813000187], [-90.95290946999995, 29.243940353000085], [-90.95228385899998, 29.24428367600018], [-90.95317077599998, 29.240640640000038], [-90.95468521099997, 29.23981285100018], [-90.95607185399996, 29.239492416000076], [-90.95722198499999, 29.239011765000157], [-90.9600162509999, 29.238393784000095], [-90.96121978799994, 29.23800468400009], [-90.96276092499988, 29.23713111899997], [-90.96406555199991, 29.2367877960001], [-90.96409034599992, 29.23662757900007], [-90.96346473799991, 29.23616981500004], [-90.9632282259999, 29.23479652399999], [-90.96278381299999, 29.233854294000025], [-90.96202850299994, 29.23314476000013], [-90.96121978799994, 29.23291587800003], [-90.96045875499999, 29.232320786000173], [-90.9599380489999, 29.232114792000175], [-90.95638275099998, 29.23220634500018], [-90.95632934699995, 29.232046127000103], [-90.95862960799991, 29.230142593000153], [-90.9592304229999, 29.229021071999966], [-90.95946567099998, 29.228952775000096], [-90.96006774899996, 29.229295731000036], [-90.96069335899995, 29.229913712000098], [-90.96228790299989, 29.230966568000042], [-90.96351432799997, 29.231172561999983], [-90.96667480599996, 29.23236656200004], [-90.9701271059999, 29.23236656200004], [-90.97483062699996, 29.231672287000038], [-90.97540283199999, 29.231122971000104], [-90.97569103399991, 29.231100217000176], [-90.97595214799992, 29.231580734000033], [-90.97694396999992, 29.23238182100016], [-90.97697257999988, 29.233530045000123], [-90.97668456999997, 29.233919144000083], [-90.97671127299998, 29.234102249000046], [-90.97770500199994, 29.234857558999977], [-90.97848510699998, 29.234926224000105], [-90.97924613999999, 29.23531532300001], [-90.97976875299997, 29.23533821100017], [-90.9808959959999, 29.234949112000038], [-90.98118019099996, 29.234605789000113], [-90.98131561299988, 29.234006882000017], [-90.98083877599998, 29.233640671000046], [-90.9796371459999, 29.23369026100005], [-90.97822597899994, 29.234193723000146], [-90.97776031499995, 29.234170914000117], [-90.97754669199998, 29.234010695999984], [-90.97770690899989, 29.233507156000087], [-90.97757720899995, 29.232862473000125], [-90.97801971499996, 29.2322902680001], [-90.97818246899999, 29.23168755100005], [-90.97867011999995, 29.23137474100014], [-90.98112487799989, 29.231306076000067], [-90.98468017599993, 29.230546951000008], [-90.98478317299998, 29.23070716900014], [-90.98465537999994, 29.232885361000058], [-90.98480987499988, 29.233251572000086], [-90.98538207999991, 29.233778000000086], [-90.98535919199998, 29.23418998699998], [-90.98321533199993, 29.235269547000144], [-90.98230552699988, 29.236139297000193], [-90.98126029999992, 29.237951279000185], [-90.98021507299995, 29.23843193100015], [-90.9794311519999, 29.23904991100011], [-90.97846221899988, 29.240148544000192], [-90.97710418799994, 29.2405643460001], [-90.97624206499995, 29.241319656000087], [-90.97525024399994, 29.24312782300001], [-90.97509574899993, 29.244756699000163], [-90.97420501699997, 29.245832443000154], [-90.97378921499995, 29.246751785000185], [-90.9730052949999, 29.247552872000142], [-90.97266462699997, 29.24775841200011], [-90.97243499699988, 29.247667312000033], [-90.97146224999995, 29.24670600900015], [-90.97047042799989, 29.246843338000076], [-90.97015380999989, 29.247488022000084], [-90.97033691399992, 29.248239517000002], [-90.96837997399996, 29.248815536000166], [-90.96806335399992, 29.249792099000047], [-90.96866798399998, 29.249769211000114], [-90.96919250499991, 29.249181747000023], [-90.9704677069999, 29.249067783000157], [-90.97093963599997, 29.249273300000027], [-90.97183071699999, 29.24922390400019], [-90.97224426299994, 29.249456406000093], [-90.97245788599992, 29.25020790100018], [-90.97222900399998, 29.251585007000074], [-90.97343254099991, 29.253370285000187], [-90.97518348799991, 29.25284385700013], [-90.9757308959999, 29.252523422000024], [-90.97617530799994, 29.252042770000003], [-90.97675323499993, 29.25073432900001], [-90.97708892799994, 29.25058555600009], [-90.98066711399997, 29.250631332000125], [-90.98116302499994, 29.25075721700017], [-90.98218536399992, 29.25155830400007], [-90.98244666999994, 29.25155830400007], [-90.98315048299992, 29.251146317000178], [-90.98356628399995, 29.25020790100018], [-90.98338317899999, 29.249452591000193], [-90.98212623599989, 29.249338150000085], [-90.98194312999993, 29.249177933000055], [-90.98199653599994, 29.248788834000095], [-90.98243904199995, 29.248029709000093], [-90.98400878899997, 29.246427536000112], [-90.98554992699997, 29.24532508900012], [-90.98593902599998, 29.24511909500012], [-90.98656463599997, 29.245164871000156], [-90.98677635199988, 29.24585151700012], [-90.98667144799992, 29.246446608999975], [-90.9854183199999, 29.248006821000104], [-90.98526000999993, 29.24853324900016], [-90.98531341599988, 29.249635696000155], [-90.98555564899999, 29.25020790100018], [-90.98612976099997, 29.250753403000033], [-90.9863414759999, 29.251234055000168], [-90.98689079399998, 29.25300025900009], [-90.98772430399998, 29.254789352000103], [-90.9880905149999, 29.256093979000127], [-90.9880676279999, 29.256620407000128], [-90.98676109299998, 29.25802040100018], [-90.98456573499993, 29.260835648000125], [-90.98368072599999, 29.26125145000009], [-90.98210906899999, 29.261297226000124], [-90.98117065399998, 29.261800765000146], [-90.97908019999994, 29.261709213000188], [-90.97860908499996, 29.261503220000122], [-90.97798156699997, 29.26088523900006], [-90.9781891579999, 29.260702407000053], [-90.97928619399994, 29.260931015000097], [-90.98051834099994, 29.260793686000056], [-90.98117065399998, 29.260358810000128], [-90.9812011709999, 29.25990104700014], [-90.98083114599996, 29.259717941000133], [-90.98017120399999, 29.259740829000066], [-90.97873687699996, 29.260313034000035], [-90.97847747799989, 29.260335921999967], [-90.9777755739999, 29.259855270000173], [-90.97745704699992, 29.25983238200007], [-90.97701263399995, 29.260084152000104], [-90.97544670099995, 29.260198593000098], [-90.97487258899997, 29.260404587000096], [-90.97380065899989, 29.26127815200016], [-90.97286193099995, 29.26166681000018], [-90.97236633299997, 29.260660171999973], [-90.97142219399996, 29.25983238200007], [-90.97014045699996, 29.25912284900005], [-90.96755218499999, 29.25830268900006], [-90.96517372099993, 29.25816535900009], [-90.96417999299996, 29.258279800000025], [-90.96355438199998, 29.25846290600009], [-90.96287345899998, 29.258920670000123], [-90.96253585799991, 29.25970268200018], [-90.96261405899997, 29.261396408000167], [-90.96245574999995, 29.262224197000023], [-90.96292877199994, 29.262910843000157], [-90.9635009779999, 29.26323127699999], [-90.96658706699992, 29.264009476000183], [-90.96815681499993, 29.26398658800008], [-90.96951484799996, 29.263505936000115], [-90.97066497799989, 29.26255989100008], [-90.97092437699996, 29.261713028000088], [-90.97105547999996, 29.261667427000134], [-90.97123718299991, 29.261690140000155], [-90.97209930399993, 29.262834549000047], [-90.97288513199993, 29.263040543000045], [-90.97434997599998, 29.26294899000004], [-90.97476959299996, 29.262674332000188], [-90.97502899199992, 29.262216568000156], [-90.9765466259999, 29.26180099000004], [-90.97695922899993, 29.261873245000118], [-90.97811126699997, 29.262971878000144], [-90.97834777799989, 29.26407051100017], [-90.9791870119999, 29.265169144000026], [-90.97937011699992, 29.265699387000097], [-90.97934341399997, 29.26631736799999], [-90.97903060899989, 29.266775131000145], [-90.97842979499995, 29.267278671000042], [-90.97738456699989, 29.2678050990001], [-90.97730636599988, 29.268152237000038], [-90.97793388399992, 29.26833534200017], [-90.97830009499995, 29.268884659000037], [-90.97947502099993, 29.269571304000124], [-90.98080444299995, 29.269887924000045], [-90.98146247899996, 29.269842148000123], [-90.9821414949999, 29.26961326600002], [-90.98258590699993, 29.269269943000154], [-90.98274230999988, 29.26892662000006], [-90.98269081099988, 29.26846885700013], [-90.9821414949999, 29.267461777000108], [-90.98015594499992, 29.266019821000157], [-90.97997283899997, 29.26496315000003], [-90.98033802899994, 29.26489467600004], [-90.98213958699995, 29.26528358500019], [-90.98336791999998, 29.265100479000125], [-90.98566818199993, 29.265306473000123], [-90.98608589199995, 29.265073776000122], [-90.98723602399991, 29.263860703000034], [-90.98809814499992, 29.263425827000106], [-90.98877716099997, 29.262510300000145], [-90.98925018299997, 29.26218605000014], [-90.99178314099998, 29.26124763500019], [-90.99227905299989, 29.261224747000085], [-90.99343109199992, 29.26067161600008], [-90.99363708499999, 29.26041984599999], [-90.9944763179999, 29.260213851999993], [-90.99510192899999, 29.25961875900009], [-90.99528503399995, 29.25916099500006], [-90.99565124499998, 29.257349014000113], [-90.99546432499994, 29.25634193400009], [-90.99684905999993, 29.2543010710001], [-90.99705505499992, 29.25260734599999], [-90.99817848199996, 29.250772476000066], [-90.99859046899996, 29.249399185000073], [-90.99916839699989, 29.248186111000052], [-90.99916839699989, 29.24717903100003], [-91.00011444099994, 29.245820999000102], [-91.00212287899996, 29.245477676000007], [-91.00270080599995, 29.24504280100018], [-91.00377082799997, 29.244791031000148], [-91.00546886799992, 29.244585144000098], [-91.00693130499997, 29.244703293000157], [-91.00654029899994, 29.243280411000057], [-91.0058364869999, 29.242982864], [-91.00557708699989, 29.242181777999974], [-91.00528716999992, 29.242204666000134], [-91.00499815099988, 29.242456286000163], [-91.00354003899997, 29.24199485800017], [-91.00286102299998, 29.240736008000113], [-91.00173377999988, 29.23988914500012], [-91.00011444099994, 29.23933601400006], [-90.99939727899994, 29.23890495300003], [-90.99777412499992, 29.238470078000034], [-90.99756622299992, 29.238218307000068], [-90.99753761299996, 29.23771476700017], [-90.99774932899999, 29.23746299700008], [-90.99894905099995, 29.23746299700008], [-90.99972362699992, 29.237024821999967], [-90.99981498799991, 29.237440109000147], [-91.00011062599998, 29.237298965000036], [-91.00011062599998, 29.2334461210001], [-90.9997749339999, 29.234460831000035], [-90.9996185299999, 29.235605240000154], [-90.99905204799995, 29.236291885000185], [-90.99575942699994, 29.236730373000057], [-90.99531745899998, 29.236455917000058], [-90.99531745899998, 29.23615837100016], [-90.99563026399989, 29.235834122000085], [-90.99563026399989, 29.235582351999994], [-90.99314880399993, 29.23450660700007], [-90.98993110699996, 29.234098434000146], [-90.98941039999988, 29.23384666300018], [-90.98961830199994, 29.233247757000186], [-90.99050521899994, 29.232629776000124], [-90.99126434299995, 29.231851578000033], [-90.99136733999995, 29.23086738600017], [-90.99095153699994, 29.230382919000135], [-90.99003601099997, 29.229833603000145], [-90.9883117679999, 29.22928428600011], [-90.98760391699989, 29.229398547000017], [-90.98708343599998, 29.229078292999986], [-90.98598480199996, 29.22933387800009], [-90.98601150499996, 29.228986740000153], [-90.98729133599994, 29.22834587100016], [-90.9877610239999, 29.22827741300017], [-90.9901351929999, 29.229215622000083], [-90.99178314099998, 29.229307175000145], [-90.99301147499995, 29.228918076000184], [-90.99379730199996, 29.22836875900009], [-90.99423980699999, 29.227701187000093], [-90.99460601799996, 29.22646522499997], [-90.99460601799996, 29.225458145000175], [-90.99384689299995, 29.22353172300012], [-90.99324798599997, 29.22309684800007], [-90.99136352499994, 29.222616196000104], [-90.98731231799991, 29.21792030300014], [-90.98548126199995, 29.21675300600009], [-90.98417663599992, 29.216295242000058], [-90.98179817199991, 29.21615791300019], [-90.98161506599996, 29.21592903100003], [-90.97796058699993, 29.21403312700005], [-90.97714996299993, 29.21380043000005], [-90.97534179699988, 29.213708878000148], [-90.97447967399995, 29.214326858999982], [-90.97346305799994, 29.21425819400008], [-90.97335815399998, 29.214532852000104], [-90.97139739999994, 29.21616172800003], [-90.97098159799998, 29.216257095000003], [-90.97061729399996, 29.216852188000132], [-90.97074890099992, 29.217401505000055], [-90.97004318199998, 29.218458176000127], [-90.97035217299998, 29.219739914000172], [-90.96858024599999, 29.220129013000133], [-90.96813201799995, 29.22047233600017], [-90.96758842499997, 29.221506119000026], [-90.96755981399991, 29.222009659000094], [-90.96482086199995, 29.223337173000175], [-90.96398162799989, 29.22421073900017], [-90.96393203699995, 29.224485397000137], [-90.96273040799991, 29.225286484000094], [-90.96194473599996, 29.226270483000064], [-90.96132087699993, 29.226133347000086], [-90.95977783199999, 29.224508286000173], [-90.95891570899988, 29.22402763399998], [-90.95580673199993, 29.22356987000012], [-90.94072914199995, 29.213464737000095], [-90.94020843499993, 29.21332740800017], [-90.93903350799997, 29.213441849000162], [-90.93848419199992, 29.21199989300004], [-90.93764647999996, 29.21197681500007], [-90.93712615999999, 29.211721420000174], [-90.93579101599994, 29.212293624999973], [-90.93503570599995, 29.21238899200017], [-90.93474578899998, 29.21273231500004], [-90.93503570599995, 29.212938309000037], [-90.93521881099991, 29.21426582300012], [-90.9359207149999, 29.21539115900015], [-90.93639373699989, 29.215734482000016], [-90.93041229299996, 29.215665817000115], [-90.9288177489999, 29.214746475000084], [-90.92834472699997, 29.21472358700015], [-90.92685699599997, 29.215295792000177], [-90.92500305199997, 29.2168331150001], [-90.92359161399997, 29.217039108000165], [-90.92280960099993, 29.217382431000033], [-90.92223358199993, 29.217885971000157], [-90.92181777999991, 29.21857261700012], [-90.92181396499996, 29.21962547300018], [-90.9210052489999, 29.22100257900007], [-90.91212463499994, 29.219579697000142], [-90.91455268899995, 29.21508979800018], [-90.91455268899995, 29.214906693000046], [-90.91431427099991, 29.214815140000155], [-90.91371917699996, 29.21497154200017], [-90.91149902299998, 29.211122513000078], [-90.9121780399999, 29.21039009100008], [-90.91225814799998, 29.20995521500015], [-90.91335487399994, 29.20862770100007], [-90.91413879399988, 29.20796394300004], [-90.91374587999996, 29.206243515000153], [-90.91307067899999, 29.205533981000087], [-90.91244506699996, 29.204160690000037], [-90.91241645799994, 29.202669144000083], [-90.91275787399991, 29.202096939000114], [-90.91385269199992, 29.201478958000052], [-90.91463470499997, 29.201410294000027], [-90.91727447499989, 29.201707840000154], [-90.9192047119999, 29.201684951999994], [-90.92134857199989, 29.200952530000166], [-90.92189788799999, 29.200540543000102], [-90.92288970899989, 29.19925880400018], [-90.92409133899992, 29.197240829000123], [-90.9239883429999, 29.196622849000107], [-90.92443084699994, 29.19492530800011], [-90.92461395299989, 29.19309425400013], [-90.92510986299999, 29.191556931000036], [-90.92644500699998, 29.18924522400016], [-90.92746162399999, 29.18793678300017], [-90.92876815799991, 29.186769485000013], [-90.93180084199992, 29.18562507600012], [-90.93709256699998, 29.184632013999988], [-90.93956388499998, 29.184436265000045], [-90.94144795999989, 29.18318837200013], [-90.94176605099995, 29.182013884000128], [-90.94316075499995, 29.18113301900013], [-90.94484908199996, 29.18103514500001], [-90.94509376599996, 29.18035002700003], [-90.94347884699994, 29.17849042000006], [-90.94411502699995, 29.177707428000133], [-90.94375594299993, 29.175340677000122], [-90.94580335299997, 29.17643506600018], [-90.94604803799996, 29.177291464000177], [-90.94690443499991, 29.177487212000187], [-90.94718246299993, 29.177157389000172], [-90.94859276199992, 29.176851032000116], [-90.94937575299997, 29.177487212000187], [-90.94925341099997, 29.17875957400014], [-90.94993852899995, 29.179297881000025], [-90.95035449399995, 29.180496837000078], [-90.95125982799993, 29.180105342000104], [-90.95202446799999, 29.18166826700019], [-90.95141275599991, 29.18380926100008], [-90.95305673199994, 29.184306277000132], [-90.95477717399996, 29.184076885000025], [-90.95580943899989, 29.18537677400019], [-90.95707109599994, 29.18556793500011], [-90.9579121999999, 29.187173679000068], [-90.95909739299998, 29.18671489600007], [-90.96032081799996, 29.18828240900018], [-90.96250004399997, 29.188817657000016], [-90.96452634099995, 29.188244177000172], [-90.96808191999997, 29.188511800000015], [-90.9703376089999, 29.188511801000118], [-90.96792951399999, 29.19247009700007], [-90.96751932799998, 29.196325838000178], [-90.96497618099994, 29.196161764000067], [-90.95800303299995, 29.196325838000178], [-90.95398321899995, 29.198294725999972], [-90.95160414499992, 29.201248060000125], [-90.95119395999996, 29.204611578000026], [-90.95168618099996, 29.206744541000035], [-90.95628025499997, 29.207975097000087], [-90.95619821799994, 29.205596023000055], [-90.95719359999993, 29.203759564000052], [-90.96083463299993, 29.200570248000133], [-90.9657145139999, 29.200755838000077], [-90.97063673599996, 29.200345653000113], [-90.97309784599992, 29.198458801000186], [-90.97514877299989, 29.196571950000077], [-90.97834821699996, 29.19624380200014], [-90.98015303099999, 29.194767135000063], [-90.97670747699999, 29.192141950000178], [-90.97712318099991, 29.189947501000063], [-90.98203988399996, 29.18680954300015], [-90.97981742899992, 29.18429845200012], [-90.97859432799999, 29.180492691000097], [-90.9720313659999, 29.18123102400017], [-90.97006247699989, 29.179918431000033], [-90.97285173599994, 29.17844176500006], [-90.98368953099992, 29.173800642000174], [-90.99058572499996, 29.17593995699997], [-90.9919195889999, 29.176879707000126], [-90.99407014099995, 29.175180771000043], [-90.99396261299995, 29.17464313300013], [-90.99520993299996, 29.173976462000155], [-90.99795323099988, 29.1742170550001], [-91.00033899899995, 29.173612212000023], [-91.00238984499998, 29.174650096000107], [-91.00551376399994, 29.17582996900012], [-91.00870598799997, 29.175191524000127], [-91.01059881999993, 29.17641441700016], [-91.00968045699989, 29.179123001999983], [-91.01016582499989, 29.181613311000092], [-91.01195794999995, 29.182927537000126], [-91.01428771499997, 29.182150949000174], [-91.01690479999996, 29.182464534000076], [-91.01942514399997, 29.17946275900016], [-91.01948488099993, 29.182927537000126], [-91.02044068099997, 29.18597415200003], [-91.01924592999995, 29.189558404000138], [-91.01882776799994, 29.193560820000187], [-91.01279427599997, 29.193023182000104], [-91.00926976099993, 29.192366069000173], [-91.00705947199992, 29.19057394200013], [-91.00676078399988, 29.19272449400006], [-91.00747763399988, 29.194038720000094], [-91.00867238499995, 29.194994520000137], [-91.0075971089999, 29.196846384000082], [-91.00532708299994, 29.195651633000068], [-90.99678461399992, 29.198996936000185], [-90.9933795739999, 29.199892999000156], [-90.99152771099989, 29.196607433999986], [-90.99248351099993, 29.202999352000063], [-90.99379773599998, 29.206105704000038], [-90.99499248699999, 29.20640439200008], [-90.9951119619999, 29.204433053000116], [-90.99809883899997, 29.207300455000052], [-90.99666513799991, 29.208136780000075], [-90.99618723799989, 29.209570482000174], [-90.99726251399994, 29.210406807000027], [-90.99851700199991, 29.210765232000085], [-90.9995922789999, 29.209331531000032], [-91.0006078159999, 29.210287332000178], [-90.99983122799995, 29.21172103300006], [-91.00198177999988, 29.216918200000123], [-91.0046699689999, 29.21685846300005], [-91.00562576999994, 29.218292164000104], [-91.00771658399992, 29.218351901000176], [-91.00682051999996, 29.21709741300009], [-91.00949519699992, 29.215134580000154], [-91.01351112499992, 29.21142234600012], [-91.01572141399993, 29.21142234600012], [-91.01709537799991, 29.21124313400003], [-91.01655774099993, 29.208674419000033], [-91.01732879199989, 29.20700380800008], [-91.02085884399992, 29.20658360500005], [-91.0243236209999, 29.205448591000106], [-91.02555689999997, 29.204336742000066], [-91.02880393699996, 29.208375732000093], [-91.03232845199989, 29.21010812100019], [-91.0309544879999, 29.20317856500003], [-91.03154920599991, 29.20214366000016], [-91.03693272299995, 29.208020352000176], [-91.03944397099997, 29.213617325000087], [-91.03944397099997, 29.21418952900018], [-91.03800964499993, 29.21540260300003], [-91.0374851229999, 29.21547508200007], [-91.03699111899988, 29.21295356800016], [-91.03659820599995, 29.212175369000136], [-91.03654670699996, 29.210866927999973], [-91.03618240399993, 29.21040916400011], [-91.03563690199991, 29.210248947000082], [-91.03516197199997, 29.21031761200004], [-91.0349540709999, 29.210523605000105], [-91.03448295599992, 29.212331772000027], [-91.03359222399996, 29.21256065400013], [-91.03346252399996, 29.21272087100016], [-91.03343772999995, 29.214212418000045], [-91.03369903699996, 29.215768814000057], [-91.0350303649999, 29.217168808000054], [-91.03505516099995, 29.218130111999983], [-91.03453064099995, 29.2199420930001], [-91.03448104899991, 29.221338272000082], [-91.03426170299991, 29.221590042000116], [-91.03402709999995, 29.222475052000163], [-91.03448104899991, 29.223081589000174], [-91.03466033899991, 29.224546432000125], [-91.03476715099998, 29.22594642600012], [-91.03455924999992, 29.228761673000122], [-91.03489685099998, 29.229841232000183], [-91.03669738799988, 29.23171806300013], [-91.03672599799995, 29.232271194000134], [-91.03630828899998, 29.233186722000028], [-91.03531455999996, 29.233873367000115], [-91.03348541299988, 29.234560013000078], [-91.03291130199989, 29.235452652000106], [-91.03275299099994, 29.237012863000132], [-91.03207397499989, 29.237653732000183], [-91.03042602499988, 29.238317489999986], [-91.03016471899991, 29.238569260000077], [-91.03003501999996, 29.24083900500017], [-91.03037262099991, 29.242761612000038], [-91.02953338599991, 29.24278450000014], [-91.02916717499988, 29.243036270000175], [-91.02917099099994, 29.243635177999977], [-91.02951049799998, 29.24429893500013], [-91.02951049799998, 29.24468803400009], [-91.02869987499997, 29.24526023900006], [-91.02833546599993, 29.24528301400011], [-91.02820587199994, 29.245145798000124], [-91.02817726099988, 29.24397850000014], [-91.02684783899997, 29.242509842000118], [-91.02551269499997, 29.241594315000157], [-91.02358245899995, 29.240789413000186], [-91.02195739699988, 29.240766525000026], [-91.02020835899992, 29.24147605900015], [-91.01902008099995, 29.241727829000183], [-91.01748657199988, 29.243398666000132], [-91.0170672459999, 29.244546578999973], [-91.01676177999997, 29.244409561000055], [-91.01576995799996, 29.24450492900013], [-91.01443382499997, 29.244867095000075], [-91.01333618199993, 29.244611740000153], [-91.0121593479999, 29.244611740000153], [-91.0099620819999, 29.24536705000014], [-91.00894164999994, 29.246122360000072], [-91.00899505699994, 29.24664878800013], [-91.00745201199999, 29.248941422000087], [-91.00742721599988, 29.25020790100018], [-91.00787353499993, 29.252946854000015], [-91.01189804099994, 29.252904892000117], [-91.01388549799998, 29.25336265600015], [-91.01535034199998, 29.25230979900016], [-91.01587104799995, 29.251600266000025], [-91.01587104799995, 29.25086784400014], [-91.01571655399988, 29.250604630000055], [-91.01453399699994, 29.250501633000113], [-91.01404190099998, 29.250627518000158], [-91.01406288099992, 29.249876022000137], [-91.01490020699993, 29.24908256500015], [-91.01566314699988, 29.248006821000104], [-91.01646544399995, 29.247801308000078], [-91.01910400399993, 29.248876571000153], [-91.01947021499996, 29.24921989400002], [-91.01970672599998, 29.249715805000108], [-91.01971244799995, 29.250707626000064], [-91.01918792699996, 29.25178337100016], [-91.01916313199996, 29.252286911000056], [-91.02052307099996, 29.25309181200015], [-91.0222206119999, 29.254854202000104], [-91.02318572999997, 29.2550601960001], [-91.02399825999998, 29.25499153100003], [-91.0252532959999, 29.254350662000036], [-91.02739715599989, 29.25293159500012], [-91.02789306699992, 29.252794266000024], [-91.02870178199993, 29.25313758900012], [-91.02951240599998, 29.25325202900018], [-91.03225898699992, 29.252656937000097], [-91.03312110899992, 29.25210762000006], [-91.03333282499995, 29.251855850000027], [-91.03335571299988, 29.251466751000066], [-91.03403472899993, 29.25065422100016], [-91.03413581799998, 29.249708175000023], [-91.0337982179999, 29.249227524000162], [-91.03382301399995, 29.248884201000067], [-91.03580856299999, 29.24867820700007], [-91.03654098499993, 29.248266220000176], [-91.03763771099989, 29.247117996000043], [-91.03789521699997, 29.247095441000056], [-91.03805541999992, 29.248586655000167], [-91.03865814199997, 29.24895286600014], [-91.03920745799991, 29.24876976000013], [-91.03993987999996, 29.248243332000072], [-91.0406188959999, 29.247350693000044], [-91.0406188959999, 29.246820450000087], [-91.04006767299995, 29.246637344000078], [-91.03917694099988, 29.247419357000183], [-91.03886589899992, 29.24744211600006], [-91.03863143799998, 29.24723243699998], [-91.03878784199992, 29.245698929000127], [-91.03852844199997, 29.245012283000165], [-91.0384483339999, 29.243406296000046], [-91.03756141699989, 29.240907669000023], [-91.03742980999994, 29.240037918000098], [-91.03709411599993, 29.239763260000075], [-91.03486633299991, 29.239374161000114], [-91.03374481199995, 29.239625930999978], [-91.0314471609999, 29.240609865000067], [-91.03121185399999, 29.24049568200013], [-91.03141975399996, 29.23904991100011], [-91.03176116899994, 29.23875236500004], [-91.03324890099992, 29.23888969400008], [-91.03416442899993, 29.238615036000112], [-91.03555297899999, 29.23708152800009], [-91.03534126199997, 29.23579978900017], [-91.03482055699993, 29.235223770000175], [-91.03482055699993, 29.234949112000038], [-91.03737804299999, 29.23394213800003], [-91.03808593899993, 29.23398780800005], [-91.03821563699995, 29.233118057000127], [-91.03850555399993, 29.23277473400003], [-91.03905217799996, 29.23266085500012], [-91.04043579099988, 29.23373603800019], [-91.04205703699989, 29.23431205700018], [-91.04273605299994, 29.234285355000054], [-91.04310226399997, 29.234994888000074], [-91.04276275599995, 29.23533821100017], [-91.04276084899993, 29.236070633000168], [-91.04252624499998, 29.236780167000063], [-91.04346656799999, 29.237009048000118], [-91.04336547899999, 29.235773087000098], [-91.04388601799997, 29.235361201000103], [-91.04427337599998, 29.235383987000034], [-91.04511261099992, 29.23579597500003], [-91.04607963599994, 29.23684883100009], [-91.0472259519999, 29.238683701000184], [-91.04777526899989, 29.23914146400017], [-91.04869079599996, 29.239809036000167], [-91.05120086699992, 29.24049568200013], [-91.05133056599999, 29.240678787000093], [-91.05099296599997, 29.241960526000184], [-91.05099296599997, 29.242605209000146], [-91.05036544799998, 29.243383408000113], [-91.04978942899993, 29.24450492900013], [-91.04903221099988, 29.24519157400016], [-91.04842948899994, 29.246912003000148], [-91.04796028099992, 29.246797562000154], [-91.04762268099995, 29.246408463000023], [-91.04707336399991, 29.246431351000183], [-91.04670524599999, 29.246889114000112], [-91.04657554599993, 29.24785041800004], [-91.0463638309999, 29.24821662900007], [-91.04555511499996, 29.249315262000096], [-91.04508209199997, 29.249704361000056], [-91.04367828499994, 29.250524521000102], [-91.04223632799989, 29.250501633000113], [-91.04098510699993, 29.25073432900001], [-91.04004478499996, 29.251516342000173], [-91.03967857399994, 29.252202988000136], [-91.03960037299993, 29.252729416000193], [-91.03999328599991, 29.253736495999988], [-91.03986225799991, 29.253896334000103], [-91.03886794999988, 29.253507614000057], [-91.03847503599991, 29.253599167000118], [-91.03813743499995, 29.25405693100015], [-91.03777122499991, 29.254240036000112], [-91.03646174599993, 29.254583131000174], [-91.03466224699991, 29.25435447700005], [-91.03390502899998, 29.25405693100015], [-91.03296279799997, 29.254102707000186], [-91.03092193499998, 29.25460624700014], [-91.03021812399999, 29.255018234000033], [-91.02820587199994, 29.2557277680001], [-91.02710723899992, 29.25655174300016], [-91.02658081099997, 29.25716972400005], [-91.0261611929999, 29.258501053000145], [-91.02632141099991, 29.259256363000134], [-91.02571868899997, 29.26127433800019], [-91.02571868899997, 29.26262474100008], [-91.0254058839999, 29.26367759699997], [-91.0254573819999, 29.264204025000026], [-91.02597808799993, 29.26521492000012], [-91.02645111199996, 29.265718460000187], [-91.02720642199995, 29.2678050990001], [-91.02822875999999, 29.267965317000005], [-91.02935028099995, 29.268445969000027], [-91.03024101299997, 29.268606186], [-91.03484012899997, 29.267668464000053], [-91.03525543199999, 29.26876640300003], [-91.03591155999999, 29.26899910000003], [-91.03601837199994, 29.267278671000042], [-91.03693389899996, 29.265626907000183], [-91.03695869399996, 29.26482582100016], [-91.03636169399994, 29.264093399000103], [-91.03633117699997, 29.263818741000136], [-91.03771972599992, 29.262235641000075], [-91.03826141399998, 29.262418747000083], [-91.04004478499996, 29.263589859000035], [-91.04106330899992, 29.263658524000107], [-91.04195404099988, 29.26278495800011], [-91.04260635399999, 29.261201859000153], [-91.04305267299992, 29.260629654000127], [-91.04514312699996, 29.259485245000064], [-91.04576873799988, 29.25893592800014], [-91.04613494899996, 29.258203506000143], [-91.0460548399999, 29.257055283000057], [-91.04670906099994, 29.255842209000036], [-91.04945373499993, 29.25513267500014], [-91.05188751199995, 29.253873825000085], [-91.05243682999992, 29.25343513500019], [-91.05287933299996, 29.252748489000055], [-91.05287933299996, 29.252428054999996], [-91.0534820559999, 29.251077652000106], [-91.05360794099994, 29.25020408600011], [-91.05465125999996, 29.248701096000104], [-91.05619049099994, 29.248723984000037], [-91.05741882299998, 29.248147964000168], [-91.05820465099998, 29.248083115000043], [-91.05919647199994, 29.248289108000108], [-91.05961608899997, 29.248197556000036], [-91.06037521499997, 29.24778556800004], [-91.06100082399996, 29.246889114000112], [-91.06152343799994, 29.246522903000084], [-91.06199482399995, 29.24643166800007], [-91.06259918199993, 29.246751785000185], [-91.06364059399988, 29.24650001500015], [-91.06494903599997, 29.245447159000094], [-91.06559944199995, 29.24445915200016], [-91.06604385499992, 29.243406296000046], [-91.06604385499992, 29.24276542700005], [-91.06559944199995, 29.241987228000085], [-91.06635856599996, 29.241987228000085], [-91.06656646699992, 29.24223899800012], [-91.06671905499996, 29.243200302000048], [-91.06690597499994, 29.24347496000007], [-91.06716918899997, 29.243543625000143], [-91.06729888899997, 29.243360519000078], [-91.06729888899997, 29.241849899000158], [-91.06680297899993, 29.24139213600006], [-91.06536483899998, 29.24125099200006], [-91.06528663599988, 29.24111747700016], [-91.0657825479999, 29.240633011], [-91.06674957299998, 29.24058723400003], [-91.0669860839999, 29.240312576000065], [-91.06719398499996, 29.23958015400001], [-91.0686874399999, 29.239534378000144], [-91.06894683799999, 29.239259720000177], [-91.06845092799989, 29.237928391000082], [-91.06813812299993, 29.23769950900015], [-91.06703948899997, 29.23783683800019], [-91.06701087999994, 29.237585068000158], [-91.06727600099993, 29.237012863000132], [-91.0686874399999, 29.23609733600017], [-91.06902313199998, 29.235616684000036], [-91.06902313199998, 29.234926224000105], [-91.06795501699997, 29.234262466000075], [-91.06790161099991, 29.234010695999984], [-91.06891822799992, 29.233301163000192], [-91.06912994399994, 29.232728958000166], [-91.06912994399994, 29.232156754000073], [-91.06873512299995, 29.231218338000076], [-91.06878662099996, 29.230482101000177], [-91.06918334999989, 29.229154587000096], [-91.06748199499992, 29.228696823000064], [-91.06677246099991, 29.22883415200016], [-91.06612205499994, 29.22917747500003], [-91.06559753399995, 29.230321884000148], [-91.06533813499999, 29.23268318200013], [-91.06549644499995, 29.23300361600019], [-91.06541442899999, 29.233301163000192], [-91.06389617899998, 29.234697342000175], [-91.06350707999991, 29.23566246000007], [-91.06284958899988, 29.23487849000003], [-91.0640490859999, 29.23268518000009], [-91.06374666499994, 29.231206677000102], [-91.0629066059999, 29.230601834000026], [-91.06270499199991, 29.229358546000185], [-91.06203294499988, 29.22942575100018], [-91.06095766899995, 29.227745632000165], [-91.0597852379999, 29.228111994000074], [-91.05927146999994, 29.227246302000026], [-91.06061694199997, 29.225805455000113], [-91.06203863299993, 29.223051343000122], [-91.06249412799997, 29.223033315000066], [-91.06296607199994, 29.225995913000077], [-91.06393989799994, 29.22603446900007], [-91.06512715999992, 29.224250252000104], [-91.06672675799996, 29.223077003000128], [-91.06612769799995, 29.221153170000036], [-91.0650493259999, 29.22015401300007], [-91.06556633999998, 29.2199961070001], [-91.06748115799996, 29.220775509000134], [-91.06745859199992, 29.220204807000187], [-91.06854248999991, 29.21969318900011], [-91.06775506099996, 29.218962131000183], [-91.06694499899999, 29.218986555000072], [-91.0659553829999, 29.219510148000154], [-91.06424084199989, 29.2195781800001], [-91.06450007299992, 29.218727324000042], [-91.06586215199991, 29.216951003000077], [-91.06582030599992, 29.21589407900018], [-91.06737930899993, 29.21391155700013], [-91.06800962099999, 29.215247187000102], [-91.06834648899996, 29.214183289000005], [-91.07001495399999, 29.213708878000148], [-91.0702514649999, 29.21341133100009], [-91.07027435399993, 29.212839126999995], [-91.07071876499992, 29.212240219000023], [-91.07082366799995, 29.211530685000128], [-91.07137298599997, 29.211507796999967], [-91.07184219399988, 29.21107292200014], [-91.07181549099994, 29.210340500000143], [-91.07155609099993, 29.209951401000183], [-91.06970214799992, 29.209127426000123], [-91.06970214799992, 29.20882987900012], [-91.07011794999988, 29.208253860000127], [-91.07011604299998, 29.2073612210001], [-91.07043456999997, 29.20669746400017], [-91.07043456999997, 29.20626258900012], [-91.06996154799998, 29.20582771300002], [-91.06912422199991, 29.205553055000053], [-91.06823730599996, 29.205640793000043], [-91.06789398199999, 29.206354141000077], [-91.06758117699997, 29.20665168800008], [-91.06789398199999, 29.207315445000063], [-91.06612396299988, 29.208600998000065], [-91.06384277299998, 29.20871543900006], [-91.06141662599998, 29.209218979000127], [-91.06003379799995, 29.20917320300009], [-91.05990219099988, 29.209516525000083], [-91.05937957799989, 29.209997177000048], [-91.05917167699994, 29.210592270000177], [-91.05880546599991, 29.210752487000036], [-91.05862240099998, 29.21118704300011], [-91.05836105299994, 29.211141586000167], [-91.05763244599996, 29.210203171000046], [-91.0560913089999, 29.20949363700015], [-91.05541038499996, 29.20972251900008], [-91.05483627299998, 29.20972251900008], [-91.0537128449999, 29.20956230200005], [-91.05345153799999, 29.209379196000157], [-91.04877281199992, 29.211645126000064], [-91.04793548599991, 29.212583542000118], [-91.04762268099995, 29.21448707600001], [-91.04730987599993, 29.215150833000166], [-91.04712676999998, 29.21746635400018], [-91.04681396499996, 29.21753501900008], [-91.04660415599989, 29.21787834200012], [-91.04626464699999, 29.219320296999967], [-91.04454040499996, 29.219526291000136], [-91.04396629299993, 29.219823837000092], [-91.04393768299997, 29.220006943000158], [-91.04468992299996, 29.22077944000017], [-91.04411238199998, 29.223667144000046], [-91.04223632799989, 29.225145340000097], [-91.04192733799994, 29.22631263700015], [-91.04195213299994, 29.227003098000182], [-91.04218292199994, 29.227643966000073], [-91.04129791299988, 29.22860527000006], [-91.04100799599996, 29.229291916000193], [-91.0406455989999, 29.22917747500003], [-91.04028320399993, 29.22835349999997], [-91.04001617399996, 29.2285137180001], [-91.04080200199996, 29.231492996000043], [-91.04103660599992, 29.231813431000035], [-91.04135131799995, 29.23169899000004], [-91.04145431499995, 29.231103897000082], [-91.04190063499993, 29.230669014000114], [-91.04302215599989, 29.23254203800019], [-91.04234313999996, 29.233343123999987], [-91.04138183599997, 29.233507156000087], [-91.04085540799997, 29.233255386000053], [-91.03952217099993, 29.23169899000004], [-91.03659820599995, 29.230298996000045], [-91.03565597499988, 29.229246140000157], [-91.03565597499988, 29.228582382000127], [-91.0365753179999, 29.226816177000046], [-91.03641509999989, 29.22511863700015], [-91.03573608399995, 29.223768234000033], [-91.03557777399999, 29.22312736500004], [-91.03568267799989, 29.221384048000118], [-91.03623199499992, 29.218866348000176], [-91.03670501699992, 29.218061447000082], [-91.03965759299996, 29.215726852000103], [-91.04044341999997, 29.215269089000174], [-91.04132842999991, 29.214399338000078], [-91.04169464099994, 29.21366310100018], [-91.04172515799996, 29.212862015000155], [-91.0403900149999, 29.210592270000177], [-91.04044341999997, 29.209424973000125], [-91.04277038699996, 29.20931053200019], [-91.04454803499993, 29.207406998000067], [-91.04535674999988, 29.206258774000105], [-91.04716492599994, 29.20170782300005], [-91.04791450499994, 29.20055580100012], [-91.05059728599997, 29.194822873000078], [-91.05610399499989, 29.18997656900018], [-91.05837402199995, 29.18722864099999], [-91.05962850999998, 29.186272840000072], [-91.06106221099998, 29.186033890000033], [-91.06118168599988, 29.183584651000103], [-91.06183879899999, 29.183644389000108], [-91.06474082399995, 29.184972147000167], [-91.0667970149999, 29.187467591000086], [-91.06894756699995, 29.188722080000048], [-91.07308275799988, 29.189872262000165], [-91.0767288479999, 29.19162238500013], [-91.08020256599991, 29.19296705000005], [-91.08562530899991, 29.192934977000164], [-91.08922472899991, 29.1911265170001], [-91.09454510399996, 29.193273336000175], [-91.10061219799996, 29.200740529000143], [-91.11769340099988, 29.214461497000116], [-91.12158986399999, 29.216252572000087], [-91.12971496599988, 29.221780777000163], [-91.13010978699998, 29.22327232400005], [-91.13115310699993, 29.22556114200006], [-91.13506889299993, 29.231752396000047], [-91.13611411999989, 29.232877731000144], [-91.13608550999993, 29.23342704800001], [-91.1349868769999, 29.234777451000127], [-91.13417816199996, 29.236265181000135], [-91.13326263399995, 29.239633560000186], [-91.13294219999995, 29.241605759000038], [-91.13252830499994, 29.242864609000094], [-91.13255310099998, 29.244791031000148], [-91.13231658999996, 29.246141434000037], [-91.13245010399999, 29.246850967000057], [-91.13216209399997, 29.247331619000022], [-91.13236999499992, 29.248296738000022], [-91.13214778899999, 29.248640060000014], [-91.13072395299997, 29.248342514000115], [-91.12761306799996, 29.24852180500011], [-91.12458378199995, 29.249779285000045], [-91.12357139599993, 29.250989914000115], [-91.12281417799994, 29.252275467000175], [-91.12184905999999, 29.253007889000003], [-91.12145805399996, 29.254682541000193], [-91.12077903699992, 29.255575180000108], [-91.11805725099998, 29.256769180000106], [-91.11774825999998, 29.257066727000108], [-91.11766815199991, 29.257593155000166], [-91.11871337999997, 29.258211136000057], [-91.12101745599995, 29.260320663000073], [-91.12169647199988, 29.26070976300008], [-91.12166595499997, 29.26096153300017], [-91.12038993799996, 29.262174606000087], [-91.1202087399999, 29.262517929000126], [-91.12000083899994, 29.265909195000063], [-91.12047195399992, 29.266759872000023], [-91.1207885739999, 29.26877403300017], [-91.12136077899993, 29.269598007000127], [-91.12152099499997, 29.270124435000128], [-91.12201690699993, 29.270719528000086], [-91.12199211099994, 29.27090644800012], [-91.12464714099997, 29.272279739000112], [-91.12513732999992, 29.272218704000124], [-91.12616729699988, 29.272459030000107], [-91.12849235499988, 29.27346611000013], [-91.1288833619999, 29.273836136000057], [-91.12919616699992, 29.27445411700012], [-91.12927627599998, 29.275346756000147], [-91.12979888899997, 29.276540755999974], [-91.13092040999999, 29.277776718000098], [-91.1311569209999, 29.278417587000092], [-91.13392639199998, 29.28059959400008], [-91.13400268599992, 29.280805588000078], [-91.13418579099988, 29.285409927000103], [-91.1331634519999, 29.28680610700019], [-91.13251113899997, 29.287355423000122], [-91.13185721599996, 29.287561323000148], [-91.13063049299996, 29.287446976000183], [-91.12986755399999, 29.289510727000106], [-91.12929344199989, 29.293222427000103], [-91.1294231409999, 29.29326820400007], [-91.1293716429999, 29.29356574999997], [-91.12892723099998, 29.294115067000064], [-91.12586593599991, 29.296175003000144], [-91.12472343499996, 29.297464371000046], [-91.12245178199993, 29.29902458200013], [-91.12133026099997, 29.300397873000122], [-91.12083435099998, 29.301477432000183], [-91.12080955499988, 29.302415848000066], [-91.12130737299992, 29.304731369000024], [-91.12088775599995, 29.30530357400005], [-91.11986923199999, 29.30578422500014], [-91.11981201199995, 29.30628776600014], [-91.12010192899993, 29.306928635000133], [-91.12015533499994, 29.308511734000092], [-91.12101745599995, 29.309633255000108], [-91.12117767299998, 29.31078147900007], [-91.12201690699993, 29.312589645000116], [-91.12157249499995, 29.31444358800013], [-91.12154769899996, 29.315431595000064], [-91.1220989229999, 29.317010880000055], [-91.12269592299998, 29.317743301000178], [-91.12390518199993, 29.318498611000166], [-91.12406158399995, 29.31898307800003], [-91.12447929399991, 29.31937217700016], [-91.12676811199998, 29.320215225000084], [-91.12927818299988, 29.321638107000012], [-91.12914276199996, 29.323492050000027], [-91.12833404499992, 29.324846267999988], [-91.12778472899998, 29.32647132900007], [-91.12767791699991, 29.32821464500006], [-91.12738799999988, 29.32880973800019], [-91.12738799999988, 29.32949638399998], [-91.12793731699998, 29.33078193700004], [-91.1277046209999, 29.33210945100012], [-91.12796592799992, 29.333208084000148], [-91.12861633299991, 29.33392143200018], [-91.12911224399994, 29.335317612000097], [-91.12973785399998, 29.3358707430001], [-91.13000297499991, 29.337289810000186], [-91.13211822499994, 29.33951377900007], [-91.13264274599993, 29.339765549000106], [-91.13363456799999, 29.34073066700006], [-91.13465690599998, 29.341073990000098], [-91.13557243299994, 29.34171485900015], [-91.13703727799998, 29.34208107000012], [-91.13842010499991, 29.342748642000117], [-91.13936424299999, 29.34293174700008], [-91.14111355599994, 29.342886063000037], [-91.1419258119999, 29.34316062900018], [-91.14420318599997, 29.34286308300011], [-91.14650535599992, 29.34371376000007], [-91.14731788699993, 29.343805313000075], [-91.1494121579999, 29.343645242000036], [-91.1505088809999, 29.34385108900011], [-91.15123748799994, 29.344724655000107], [-91.15173721399992, 29.346143723000125], [-91.15170860299992, 29.347612381000147], [-91.15238952599998, 29.349077224999974], [-91.15492248399994, 29.350706100000025], [-91.15539550799991, 29.351415634000148], [-91.15492248399994, 29.351758957000186], [-91.15277862499994, 29.35482978800019], [-91.15299034099996, 29.355562210000187], [-91.15332794199998, 29.355951309000147], [-91.15421867399988, 29.35616111799999], [-91.15476798999993, 29.356687546000046], [-91.15541839599996, 29.356733322000082], [-91.15592002999995, 29.357076645000177], [-91.15659904499995, 29.357076645000177], [-91.15766906699992, 29.358133316000135], [-91.1588745119999, 29.358682632000125], [-91.16156768699989, 29.360422134000146], [-91.16381835899995, 29.361089706000143], [-91.16478729199991, 29.361021042000118], [-91.16625213599997, 29.361341476000177], [-91.16745567299989, 29.361913681000033], [-91.16868591299999, 29.361890793000043], [-91.16936492899998, 29.362051010000073], [-91.17001914999992, 29.362466812000036], [-91.17101287799989, 29.362443924000104], [-91.1721382149999, 29.362901688000136], [-91.17452201599997, 29.362535539000135], [-91.17564582899996, 29.362581252999973], [-91.17729319399996, 29.36194061100008], [-91.17799949599993, 29.362146378000148], [-91.17852020299995, 29.36278724699997], [-91.17899322499989, 29.36386299100019], [-91.17899322499989, 29.364553451999996], [-91.17938232399996, 29.36512565600009], [-91.18043136599988, 29.365900040000042], [-91.1813201899999, 29.366312027000106], [-91.18234252899992, 29.366449356000032], [-91.18357086199995, 29.367433548000122], [-91.18721008299997, 29.36901664700008], [-91.19123840299994, 29.369131088000074], [-91.19217681899994, 29.369359970000176], [-91.19320368899992, 29.36913130900018], [-91.19364738499996, 29.369268417000114], [-91.19552993799994, 29.370298386000172], [-91.19812011699992, 29.37243080100012], [-91.20016097999996, 29.373212814000112], [-91.20102500899992, 29.37417411800004], [-91.20119476299993, 29.375196457000186], [-91.20108032199988, 29.37569618200007], [-91.20005798299997, 29.376703262000035], [-91.19985198999996, 29.377233505000163], [-91.19977393499988, 29.377713256000163], [-91.19998168899991, 29.37933921800004], [-91.19966888399989, 29.379957199000103], [-91.19969749499995, 29.3806247710001], [-91.20084953299988, 29.382982254000183], [-91.20069122299992, 29.383695602000046], [-91.2011623379999, 29.38438224800018], [-91.20134735099998, 29.384954453000034], [-91.2011642459999, 29.386262894000026], [-91.20084953299988, 29.386583328000086], [-91.20016860999993, 29.38674354600016], [-91.20016860999993, 29.387086868000154], [-91.2025508889999, 29.389768600000025], [-91.2047195429999, 29.391805649000048], [-91.20490264899996, 29.39208030700007], [-91.20487976099992, 29.39281654400014], [-91.20678520199993, 29.393800735000127], [-91.20925140399999, 29.39389228800013], [-91.20993041999992, 29.39405250500016], [-91.21113586399991, 29.394441604999997], [-91.21260070799997, 29.395288467000114], [-91.21333312999991, 29.395494461000112], [-91.21681785599998, 29.395746231000146], [-91.21830940199999, 29.39540290800005], [-91.22032546999992, 29.39441871600019], [-91.22132110699988, 29.393728256000088], [-91.2229671479999, 29.393293381000035], [-91.2230186459999, 29.39379692100016], [-91.22286224399994, 29.394140244000027], [-91.22165679899996, 29.39547157300018], [-91.21990585299994, 29.397993088000135], [-91.2196178449999, 29.399000168000157], [-91.21946334799998, 29.400445938000075], [-91.2194366459999, 29.403905869000084], [-91.21925353999995, 29.405073166000136], [-91.21862029899995, 29.406217575000028], [-91.2185211179999, 29.40721321100017], [-91.21797180199997, 29.408052444000077], [-91.21720123299997, 29.40865135200005], [-91.21598052999997, 29.412111282000183], [-91.21619415299995, 29.413301468000043], [-91.21491241399997, 29.415498734000153], [-91.21446800199993, 29.41586875900009], [-91.21260833699989, 29.418893813000125], [-91.21205902099996, 29.420907974000045], [-91.21203422499991, 29.42246818500007], [-91.21221733199997, 29.423406601000124], [-91.21310424799998, 29.424875259000146], [-91.21611785899995, 29.42881584200012], [-91.21690750099998, 29.43034934999997], [-91.21701049799998, 29.431451797000193], [-91.2173519129999, 29.431749344000025], [-91.21751022299998, 29.432527542000116], [-91.22122955299994, 29.43639946000019], [-91.22505187999991, 29.435457230000054], [-91.22787857099996, 29.436124801999995], [-91.22876739499992, 29.436166763000188], [-91.23185920699996, 29.435594559000094], [-91.23374175999993, 29.435594559000094], [-91.2362060559999, 29.436258316000078], [-91.23730468799994, 29.436830521000047], [-91.23832702699997, 29.437723160000132], [-91.23890495299992, 29.439031601000124], [-91.24047470099998, 29.44026756300002], [-91.24170684799992, 29.440999985000076], [-91.24778365999993, 29.443288803000087], [-91.24968528699998, 29.44429206800004], [-91.25107574499992, 29.444498062000036], [-91.25452804599996, 29.444589615000098], [-91.25840042399989, 29.444292135000126], [-91.25902938899998, 29.4443836210001], [-91.25939750699996, 29.444635391000133], [-91.25942230099997, 29.44491386400017], [-91.25884628299991, 29.445600510000133], [-91.25829696699992, 29.446928024000044], [-91.25824356099997, 29.448003769000138], [-91.25855636599988, 29.45022773700009], [-91.25855255099992, 29.452016830000048], [-91.25865936299988, 29.452085495000176], [-91.25891876199995, 29.456094742000175], [-91.26009368899992, 29.459280014000115], [-91.25993919399991, 29.4612293240001], [-91.26009368899992, 29.462076187000093], [-91.26077651999992, 29.463842392000117], [-91.26224136399998, 29.465494155999977], [-91.26519775399998, 29.468061447000025], [-91.26598358199999, 29.469823837000035], [-91.26567077599998, 29.47264289900005], [-91.2737350459999, 29.47940635700013], [-91.27294158899997, 29.48645973200007], [-91.27152252199988, 29.495603561000166], [-91.27116012599993, 29.496782303000032], [-91.27001190199996, 29.499383926000064], [-91.26798248299991, 29.502489090000154], [-91.26635360699999, 29.50568962100016], [-91.26560211299994, 29.507642746000045], [-91.26506805399993, 29.51078224200012], [-91.26511001599994, 29.511865616000023], [-91.26572036699997, 29.514387131000035], [-91.26937866299988, 29.520353317], [-91.27086448699998, 29.52343559300016], [-91.27216339099988, 29.528097153000033], [-91.27233123799994, 29.529428482000128], [-91.27207946799996, 29.532342911000114], [-91.27131652799989, 29.535161972000083], [-91.27005767799994, 29.53792762800009], [-91.26850128199993, 29.5401515960001], [-91.26696014499998, 29.541696548000175], [-91.26590728799988, 29.54249382000006], [-91.2643432619999, 29.543371201000127], [-91.26263046299994, 29.544054031000087], [-91.26073455799991, 29.544485092000173], [-91.25722291999989, 29.544931084000098], [-91.25231933599997, 29.54528808599997], [-91.24761962999997, 29.546325684000067], [-91.24591064499998, 29.54650878900003], [-91.23968505999989, 29.548522949000017], [-91.23791503899992, 29.54931640600006], [-91.23498535199997, 29.551086426000154], [-91.23419189499998, 29.55212402300009], [-91.22711181599999, 29.557922363000046], [-91.22570800899996, 29.55969238300014], [-91.22442626999992, 29.560729980000076], [-91.2233276369999, 29.562072753999985], [-91.22290039099988, 29.56311035200008], [-91.22320556599999, 29.565124512000068], [-91.22570800899996, 29.571472168000184], [-91.22570800899996, 29.57373046900011], [-91.22540283299992, 29.575500488000102], [-91.22521972699997, 29.57629394500009], [-91.22412109499999, 29.577880859000118], [-91.22198486299999, 29.579895020000095], [-91.22009277299992, 29.582092285000044], [-91.21899414099988, 29.583923340000126], [-91.21807861399998, 29.584472656000116], [-91.21600341799996, 29.586730957000157], [-91.21252441399997, 29.58947753900003], [-91.21099853499993, 29.590881348000096], [-91.20831298799993, 29.592529297000112], [-91.20727539099988, 29.593505859000118], [-91.20178222699997, 29.597473145000095], [-91.20080566399997, 29.598693848000096], [-91.19689941399992, 29.600524902000075], [-91.19189453099995, 29.602111816000104], [-91.19061279299996, 29.602722168000184], [-91.18749999999989, 29.604675293000014], [-91.18487548799999, 29.60729980500014], [-91.18371581999997, 29.608093262000125], [-91.18109130899995, 29.608886719000168], [-91.17980956999997, 29.60949707000009], [-91.17871093799994, 29.609680176000154], [-91.17700195299989, 29.609680176000154], [-91.17529296899988, 29.608886719000168], [-91.17462158199993, 29.608276367000087], [-91.17419433599997, 29.6074829100001], [-91.17388915999993, 29.605529785000044], [-91.1740112299999, 29.603881836000028], [-91.17437744099999, 29.602111816000104], [-91.17419433599997, 29.599914551000154], [-91.1740112299999, 29.59912109400011], [-91.17291259799993, 29.597473145000095], [-91.17071533199999, 29.595703125], [-91.1688842779999, 29.59448242200017], [-91.16729736399998, 29.593688965000183], [-91.16369628899997, 29.592712402000075], [-91.1622924799999, 29.59289550800014], [-91.16137695299994, 29.593078613000102], [-91.16040039099994, 29.593505859000118], [-91.15679931699998, 29.595886230000133], [-91.15557861299999, 29.598083496000072], [-91.15478515599995, 29.600280762000125], [-91.15350341799996, 29.60247802700013], [-91.1527099619999, 29.603088378999985], [-91.15142822399991, 29.603698730000133], [-91.15069580099998, 29.603881836000028], [-91.14410400399993, 29.602111816000104], [-91.14178466799996, 29.60192871100014], [-91.14080810499996, 29.602111816000104], [-91.13940429699988, 29.602905273000147], [-91.13909912099996, 29.603881836000028], [-91.13909912099996, 29.604675293000014], [-91.13970947299993, 29.607116699000073], [-91.13970947299993, 29.608276367000087], [-91.13940429699988, 29.608886719000168], [-91.13879394499997, 29.60949707000009], [-91.13818359399988, 29.609680176000154], [-91.13629150399993, 29.609680176000154], [-91.13342285199997, 29.609130859000118], [-91.13000488299997, 29.608093262000125], [-91.12750244099993, 29.60791015600006], [-91.12292480499991, 29.607727051000097], [-91.1207885739999, 29.608276367000087], [-91.1190795899999, 29.60949707000009], [-91.11871337999997, 29.610473633000026], [-91.11840820399999, 29.612304687000176], [-91.11840820399999, 29.6152954100001], [-91.11798095699999, 29.61688232400013], [-91.11718749999994, 29.617492676000154], [-91.11578369099999, 29.61791992200017], [-91.11389160199991, 29.61810302700013], [-91.11138915999999, 29.61828613299997], [-91.10449218799988, 29.61828613299997], [-91.10278320299989, 29.618713379000155], [-91.10021972699997, 29.621093750000057], [-91.0983276369999, 29.622497559000124], [-91.0953979489999, 29.623718262000125], [-91.09381103499993, 29.623474121000072], [-91.09112548799999, 29.622314453000058], [-91.09039306599993, 29.622070312000176], [-91.08972167999991, 29.622070312000176], [-91.08630371099997, 29.62329101600011], [-91.08538818499989, 29.623901367000087], [-91.08441162099996, 29.62487793000014], [-91.0829910459999, 29.627256897000052], [-91.08251953199988, 29.627685547], [-91.08258056599993, 29.628723145000095], [-91.08331298799999, 29.631286621000072], [-91.08612060499996, 29.634887695000145], [-91.08959960899995, 29.637695312000176], [-91.09338378899997, 29.639526367000087], [-91.09521484399994, 29.640075684000124], [-91.10260009799993, 29.641479492000087], [-91.10552978499993, 29.642700195000145], [-91.10589599599996, 29.643676758000026], [-91.10528564499998, 29.645507812000176], [-91.10388183599991, 29.648071289000086], [-91.10119628899997, 29.65393066400003], [-91.10021972699997, 29.65649414100011], [-91.09991455099993, 29.65789794900013], [-91.09918212899993, 29.665100098000153], [-91.09895913399993, 29.66985732000012], [-91.09851074199997, 29.67633056600016], [-91.09851074199997, 29.6817016600001], [-91.09899902299998, 29.68572998000019], [-91.09887695299989, 29.688110352000137], [-91.09808349699995, 29.690673828000115], [-91.09729003899997, 29.691711425999983], [-91.09600830099993, 29.692871094000054], [-91.09509277299998, 29.69427490200019], [-91.09490966899989, 29.69549560500019], [-91.09521484399994, 29.696289062000062], [-91.09582519499997, 29.696899414000086], [-91.09631347699997, 29.69708252000015], [-91.09698486299993, 29.69708252000015], [-91.1001149789999, 29.69989438099998], [-91.1012954709999, 29.70551300000011], [-91.10569763199999, 29.734712601000183], [-91.10219573999996, 29.736412047999977], [-91.09879302999997, 29.73591232300015], [-91.0956954959999, 29.737112045000117], [-91.09369659399988, 29.74301147500006], [-91.09289550799997, 29.746912003000034], [-91.09159851099997, 29.74931144700014], [-91.09119415299989, 29.751712799000074], [-91.09029388399989, 29.753711700000167], [-91.08969879199998, 29.75561142000015], [-91.0907974239999, 29.75731086700017], [-91.09140014599996, 29.759012222000138], [-91.09510040299989, 29.765710831000092], [-91.09849548299997, 29.769712448000178], [-91.09989929299991, 29.773311615000125], [-91.09639739999989, 29.778612137000152], [-91.09749603299997, 29.781311035000158], [-91.09949493399995, 29.784412384000177], [-91.09939575199991, 29.78791236900014], [-91.09889984099999, 29.79001236000005], [-91.09629821799996, 29.795011520000173], [-91.09510040299989, 29.798112869000136], [-91.0929946899999, 29.800712585000156], [-91.09949493399995, 29.81461334200003], [-91.10189819299995, 29.815711975000056], [-91.10359954899991, 29.81741333000008], [-91.10579681399992, 29.81671142600004], [-91.10659789999994, 29.819810867000115], [-91.10779571499995, 29.82181167599998], [-91.10969543499994, 29.824411392000172], [-91.11159515399999, 29.826612473000125], [-91.11479949999989, 29.826612473000125], [-91.11979675299995, 29.827611923000006], [-91.1224975589999, 29.82931137100013], [-91.1246948239999, 29.832012177000138], [-91.12629699699988, 29.833511353000176], [-91.12809753399989, 29.834812164000084], [-91.13219451899988, 29.83711242700008], [-91.13499450699999, 29.837411880000047], [-91.1384963989999, 29.83711242700008], [-91.14139556899994, 29.837411880000047], [-91.14349365199996, 29.837411880000047], [-91.14819335899989, 29.836711884000067], [-91.1501998899999, 29.83681106600011], [-91.1526947019999, 29.837911606000034], [-91.15479278599997, 29.83941268900014], [-91.15809631299999, 29.84091186500018], [-91.16369628899997, 29.842411041000048], [-91.17889404299996, 29.84531211900014], [-91.18369293299992, 29.84651184100011], [-91.1877975459999, 29.849212646000183], [-91.1899948119999, 29.851411819000134], [-91.19319915799997, 29.85561180100001], [-91.1985931399999, 29.85971260100007], [-91.1997985839999, 29.861112595000066], [-91.20129394499997, 29.867113113000073], [-91.20199584999989, 29.870912552000107], [-91.20309448199993, 29.87501144400011], [-91.20499420199997, 29.878911972000083], [-91.20649719199992, 29.88351249699997], [-91.20729827899993, 29.88791275000017], [-91.20719909699989, 29.89301300000011], [-91.20689392199995, 29.896511078000174], [-91.20789337199989, 29.89951133699998], [-91.2096939089999, 29.90241241500007], [-91.21409606899988, 29.907611847], [-91.21599578899998, 29.90891265900018], [-91.22399902299992, 29.911611557000185], [-91.22619628899992, 29.91371154800015], [-91.23159789999994, 29.917911530000026], [-91.23249816899988, 29.921710968000127], [-91.2317962649999, 29.924512863000075], [-91.23029327399996, 29.927310944000055], [-91.2295989989999, 29.93021202100016], [-91.22969818099995, 29.93281364400002], [-91.23099517899999, 29.935112000000117], [-91.23410034199992, 29.936813354000037], [-91.23669433599997, 29.937612534000095], [-91.23839569099988, 29.93871116600002], [-91.24249267599993, 29.943712234000145], [-91.24759674099994, 29.951810837000096], [-91.24549865699998, 29.953411102000075], [-91.24539947499994, 29.955511093000155], [-91.24759674099994, 29.956712723000123], [-91.25049591099992, 29.956712723000123], [-91.25129699699994, 29.959312439000087], [-91.2511978149999, 29.96261215200019], [-91.25239562999997, 29.965511322000054], [-91.25449371299993, 29.969011307000187], [-91.2548980709999, 29.971912384000177], [-91.25579833999996, 29.97451210000014], [-91.25739288299991, 29.98041153000014], [-91.25989532499995, 29.98741340600003], [-91.25969695999993, 29.991212845000064], [-91.25869750999993, 30.000612259000093], [-91.25449371299993, 30.001312256000176], [-91.25009918199993, 30.001111984000147], [-91.24409484899991, 30.00021171600008], [-91.23909759499998, 30.00021171600008], [-91.23609924299996, 30.001010895000036], [-91.23469543599998, 30.002912521000155], [-91.23249816899988, 30.006612778000147], [-91.23040008499993, 30.011013031000175], [-91.22899627699996, 30.01491165200008], [-91.22389984199998, 30.025611877000188], [-91.22189331099997, 30.030912399000158], [-91.22200012199994, 30.038412094000137], [-91.22359466599994, 30.040813446000186], [-91.22619628899992, 30.04251289400014], [-91.22919464099994, 30.042312622000054], [-91.2317962649999, 30.040412903000174], [-91.23409271199995, 30.038211823000154], [-91.23600006099991, 30.035312653000062], [-91.23839569099988, 30.031112671000187], [-91.2413940429999, 30.02941322300012], [-91.24399566699998, 30.030811310000047], [-91.25079345799992, 30.035612106000087], [-91.2551956179999, 30.039213181000036], [-91.25739288299991, 30.04151153600003], [-91.25899505599995, 30.043611526000063], [-91.2634963989999, 30.050512314000116], [-91.26439666799996, 30.054613113000073], [-91.2668991089999, 30.05731201200018], [-91.26919555699993, 30.059312820000173], [-91.3361968989999, 30.059013367000148], [-91.3379974369999, 30.060213089000115], [-91.3401947019999, 30.061412811000082], [-91.34279632599998, 30.061412811000082], [-91.3484954839999, 30.060512543000016], [-91.35179901099997, 30.060213089000115], [-91.35419464099994, 30.060611725000058], [-91.35569763199993, 30.058412552000107], [-91.35759735099998, 30.057111740000096], [-91.35999298099995, 30.05631256099997], [-91.36349487299998, 30.055612564000057], [-91.36759948699995, 30.05591201800013], [-91.36879730199996, 30.058712006000178], [-91.36999511699992, 30.06081199600004], [-91.37189483599991, 30.062211990000037], [-91.37059783899997, 30.06571197500017], [-91.36899566699992, 30.06831169100019], [-91.36889648499988, 30.070112228000028], [-91.36899566699992, 30.072813034000035], [-91.37129974399988, 30.080310822000115], [-91.3733978269999, 30.083112717000176], [-91.37569427599993, 30.085613251000154], [-91.37719726599988, 30.089113235000184], [-91.37809753399995, 30.094112396000185], [-91.38069915799991, 30.096912384000063], [-91.38939666699991, 30.099512100000027], [-91.38939666699991, 30.102312088000076], [-91.46119689899996, 30.102512360000105], [-91.46409606899994, 30.10311126700003], [-91.47079467799995, 30.110212326000067], [-91.47189331099992, 30.112512589000005], [-91.47169494599996, 30.115112305000025], [-91.46809387199988, 30.11961174000004], [-91.4642944339999, 30.12381172200014], [-91.46209716799996, 30.128511429000014], [-91.46149444599996, 30.131212234000145], [-91.4664001459999, 30.13721275300003], [-91.46899414099994, 30.139911652000137], [-91.47219848599997, 30.14221191400003], [-91.47119903599992, 30.146112442000174], [-91.46939849899991, 30.148012161000054], [-91.46819305399998, 30.15031242400005], [-91.46829986599994, 30.154912949000106], [-91.46809387199988, 30.15951156600005], [-91.4686965969999, 30.164413452000076], [-91.46869659399994, 30.16801261900008], [-91.46989440899989, 30.173112869000192], [-91.47149658199993, 30.176012039000057], [-91.47239685099993, 30.179712296000048], [-91.4725952149999, 30.18241119400011], [-91.47200012199994, 30.186212540000042], [-91.47319793699995, 30.188611984000147], [-91.47619628999996, 30.191312790000154], [-91.48379516599994, 30.195013046000042], [-91.48719787599993, 30.19781303400009], [-91.48969268799993, 30.20061302200014], [-91.4882965089999, 30.20431137100013], [-91.48949432499995, 30.206012726000154], [-91.4882965089999, 30.209812164000084], [-91.48529815699999, 30.214813232000154], [-91.4821929929999, 30.217712402000075], [-91.48130035399993, 30.221212387000037], [-91.47949981699992, 30.22401237500003], [-91.47649383499999, 30.225511551000125], [-91.4752960209999, 30.229310989000055], [-91.47859954799992, 30.231412888000136], [-91.48329925599995, 30.233112335000158], [-91.49169921899988, 30.23661232000012], [-91.4959945679999, 30.237712860000045], [-91.49999999999994, 30.2382125850001], [-91.50939941399997, 30.240510941000025], [-91.51729583699989, 30.24111175500019], [-91.52109527599993, 30.240812302000165], [-91.52659606999998, 30.240911484000037], [-91.53059387199988, 30.241212845000177], [-91.53299713099989, 30.240812302000165], [-91.53529357899993, 30.240112305000082], [-91.54219818099995, 30.239810944000112], [-91.54499816899988, 30.239912033000053], [-91.55009460499991, 30.240812302000165], [-91.55469512899992, 30.24191284200009], [-91.5590972899999, 30.241811752000103], [-91.56340026899994, 30.24221229599999], [-91.57029724099993, 30.24481201200018], [-91.57569885299995, 30.247812271000157], [-91.57949829099994, 30.250911713000107], [-91.58799743699996, 30.257112503000144], [-91.59029388499988, 30.260211945000094], [-91.5910949709999, 30.263711929000124], [-91.5907974239999, 30.266811371000074], [-91.58879852299998, 30.269111633000193], [-91.58789825399992, 30.272312164000027], [-91.59039306599993, 30.27741241500007], [-91.60399627699996, 30.289411545000064], [-91.6104965209999, 30.297611237000126], [-91.61909484899991, 30.307111740000096], [-91.62109374999994, 30.30991172800009], [-91.62439727799989, 30.320611954000128], [-91.62549591099992, 30.32341194200012], [-91.62729644799998, 30.331111908000082], [-91.62590026899989, 30.333211899000162], [-91.62519836399991, 30.336511612000095], [-91.6246948239999, 30.341812134000065], [-91.62599945099993, 30.34571266200004], [-91.62679290799997, 30.35021209700011], [-91.62549591099992, 30.352811813000073], [-91.62859344499998, 30.355611801000123], [-91.64139556899988, 30.36171150200005], [-91.64769744899996, 30.365411758000164], [-91.64369964599996, 30.37211227400013], [-91.64149475099993, 30.37361335800017], [-91.63619995099998, 30.374212265000097], [-91.63289642299992, 30.37551307700005], [-91.62819671599993, 30.37901115400001], [-91.62809753399989, 30.382312775000116], [-91.62629699699994, 30.386411667000118], [-91.62599945099993, 30.38941192600015], [-91.62509918199999, 30.39241218600006], [-91.62499999999994, 30.395311356000093], [-91.62679290799997, 30.400611877000188], [-91.6283950809999, 30.40471267700019], [-91.62999725299994, 30.407112122000058], [-91.62999725299994, 30.410211563000075], [-91.6283950809999, 30.413412094000137], [-91.62929534899996, 30.416212082000186], [-91.63259887699991, 30.417711258000054], [-91.63469695999999, 30.41971206700009], [-91.63469695999999, 30.42261314400008], [-91.63909912099996, 30.430212021000045], [-91.63719940199991, 30.434911727999975], [-91.63979339599996, 30.44201278700018], [-91.64569854699994, 30.444112778000147], [-91.64769744899996, 30.449111938000044], [-91.65889740099993, 30.457612991000076], [-91.67459869399994, 30.4743118290001], [-91.67749786399997, 30.475711823000097], [-91.68529510499997, 30.476013184000067], [-91.68899536099997, 30.479513168000153], [-91.69219970699999, 30.48091125500008], [-91.70119476299993, 30.492311477999976], [-91.70109558099989, 30.497312546000103], [-91.7561950679999, 30.497711182000046], [-91.75589752199988, 30.50091171300005], [-91.75499725299994, 30.504112244000112], [-91.7529983519999, 30.506813049000186], [-91.75039672899993, 30.508411407000096], [-91.74739837599992, 30.50911140400001], [-91.74309539799998, 30.508611679000182], [-91.73589325099994, 30.50821113600017], [-91.73339843899993, 30.509511948000124], [-91.73139953599991, 30.512111664000145], [-91.73189544799993, 30.51531219500015], [-91.73199462899998, 30.517812729000127], [-91.73349761999998, 30.521512985000015], [-91.73639678999996, 30.52511215200019], [-91.73970031699992, 30.527811050000025], [-91.74169921899994, 30.530912399000044], [-91.74349975599995, 30.534111023000037], [-91.74579620499998, 30.539112091000106], [-91.74959564199992, 30.546710968000127], [-91.75159454299995, 30.551712036000026], [-91.75349426299994, 30.55481338499999], [-91.75529479999994, 30.558712006000064], [-91.7570953369999, 30.563411712999994], [-91.75699615499997, 30.56751251200012], [-91.75529479999994, 30.571311951000155], [-91.75439453099989, 30.574213028000145], [-91.75439453099989, 30.580511093000155], [-91.75379943799993, 30.587312698000062], [-91.75269317599998, 30.592512131000092], [-91.75209808299996, 30.596212387000037], [-91.75099945099998, 30.600212097000053], [-91.75189971899988, 30.605010985999968], [-91.75389862099996, 30.608112334999987], [-91.75469970699999, 30.613311768000074], [-91.75399780299995, 30.617412566999974], [-91.75219726599988, 30.620412827000052], [-91.75039672899993, 30.622411727999975], [-91.7474975589999, 30.62421226500004], [-91.74469757099996, 30.625612259000036], [-91.74329376199995, 30.627511978000086], [-91.7413940429999, 30.63121223400003], [-91.74399566699998, 30.639812469000105], [-91.74599456799996, 30.652912140000126], [-91.74549865799997, 30.66061210600003], [-91.74169921899994, 30.66361236600011], [-91.73809814499998, 30.664611816000047], [-91.73269653299997, 30.66811180100018], [-91.73159790099999, 30.67021179200009], [-91.73239898699995, 30.672412872000166], [-91.73569488499999, 30.678611755000134], [-91.73600006099991, 30.685112000000174], [-91.73519897499989, 30.68841171300005], [-91.73419952399996, 30.691612244000112], [-91.73359680199991, 30.696411133000083], [-91.73389434799992, 30.70261192300012], [-91.73489379899996, 30.706111908000082], [-91.73789977999996, 30.712112427000136], [-91.74019622799989, 30.715112686000168], [-91.74329376199995, 30.718511581000087], [-91.74629974399988, 30.72331237800006], [-91.74739837599992, 30.726011276000065], [-91.74829864499992, 30.7289123540001], [-91.75159454299995, 30.735113144000138], [-91.75419616699992, 30.737312317000146], [-91.75779724099999, 30.741312027000106], [-91.75799560499996, 30.745613098000092], [-91.75699615499997, 30.748210907000043], [-91.75589752199988, 30.75021171600008], [-91.75549316399992, 30.753311157000155], [-91.75539398299998, 30.756612778000033], [-91.75629424999994, 30.760112762000063], [-91.75819396999992, 30.76281166100017], [-91.76039886499996, 30.76651191700006], [-91.76369476299999, 30.773311615000125], [-91.76459503199993, 30.776912689000028], [-91.76609802199994, 30.780912398999988], [-91.76829528799993, 30.78471183800002], [-91.77389526399992, 30.79041290300006], [-91.77739715599995, 30.79361152600012], [-91.77969360399999, 30.79511261000016], [-91.78349304199992, 30.79671287500014], [-91.78739929199992, 30.797912597999982], [-91.79019927999997, 30.799713135000047], [-91.79290008499999, 30.801113129000044], [-91.79489898699995, 30.802911758000107], [-91.80009460399998, 30.806211472000086], [-91.80329895099999, 30.80731201200018], [-91.80489349399994, 30.809013367000034], [-91.80679321299993, 30.810710907000157], [-91.80809783899997, 30.813812256000176], [-91.80839538599997, 30.816911697000023], [-91.80769348099989, 30.8199119570001], [-91.80569457999997, 30.82231330899998], [-91.80269622899993, 30.824111938000044], [-91.79850006099991, 30.829011917000003], [-91.79949951199995, 30.83431243900003], [-91.80109405499996, 30.837511063000193], [-91.80459594699994, 30.840711594000027], [-91.80859375099993, 30.84301185600009], [-91.81529998799988, 30.84811210600003], [-91.8182983399999, 30.84901237500003], [-91.81989288299997, 30.852012634000175], [-91.82239532499995, 30.854513168000153], [-91.82299804699988, 30.85721206700009], [-91.82189941399997, 30.860511780000138], [-91.81759643599992, 30.86181259200015], [-91.80989837599998, 30.86181259200015], [-91.80669403099995, 30.862712860000045], [-91.80389404299996, 30.864511490000154], [-91.8025970459999, 30.86901283300017], [-91.80169677699996, 30.875211715999967], [-91.80239868199993, 30.879411697000137], [-91.80269622899993, 30.88331222500011], [-91.80130004899996, 30.8976116180001], [-91.80169677699996, 30.902311325000028], [-91.80179595999988, 30.914012909000064], [-91.8001937869999, 30.92521286000016], [-91.80079650899995, 30.92761230499997], [-91.80209350699988, 30.936311722000085], [-91.80309295699999, 30.94021225000006], [-91.80249786399997, 30.950811386000055], [-91.80279540999999, 30.955711365000184], [-91.80329895099999, 30.959312439000087], [-91.80569457999997, 30.96921157800017], [-91.80599975599989, 30.97251129200015], [-91.80529785199991, 30.97511291500018], [-91.8025970459999, 30.978811264000058], [-91.79999542199994, 30.980812073000095], [-91.79729461699992, 30.982412338000074], [-91.78309631299999, 30.985612869000136], [-91.78009796099997, 30.98701286300019], [-91.77759551999992, 30.989912033000053], [-91.77589416499995, 30.994411469], [-91.77449798599997, 31.00141143799999], [-91.77259826699998, 31.004711151000095], [-91.77009582499988, 31.00701141400009], [-91.76729583699995, 31.00921249400011], [-91.7647933959999, 31.010612488000163], [-91.7588958739999, 31.012811661000114], [-91.75499725299994, 31.01491165200008], [-91.75209808299996, 31.017211914000143], [-91.7487945559999, 31.01921272300001], [-91.74810028099995, 31.022512436000113], [-91.74569702099996, 31.02521133400012], [-91.74339294399994, 31.027011871000184], [-91.73989868299998, 31.029411315999994], [-91.73339843899993, 31.03351211500012], [-91.72659301799996, 31.039913177000017], [-91.72489929199998, 31.042411804000096], [-91.72299957299992, 31.043811798000092], [-91.72189331099997, 31.041711807000183], [-91.71849822999997, 31.040712357000075], [-91.71389770499991, 31.04121208200013], [-91.71059417699996, 31.041112900000087], [-91.7077941899999, 31.040912628000058], [-91.70479583699989, 31.039812088000133], [-91.70079803499999, 31.03931236300008], [-91.69669341999997, 31.039213181000036], [-91.6890945429999, 31.04151153600003], [-91.68529510499997, 31.043212891000053], [-91.6819000239999, 31.04351234400019], [-91.67869567999998, 31.04351234400019], [-91.66749572799995, 31.04471206700009], [-91.66369628899997, 31.044811249000134], [-91.66059875499991, 31.044212341000105], [-91.65499877899992, 31.04161262500014], [-91.6514968919999, 31.03931235500005], [-91.64889526399998, 31.0368118290001], [-91.64639282199994, 31.032812119000084], [-91.64449310299995, 31.027511597000114], [-91.64409637499989, 31.02311134300004], [-91.65039825399998, 31.014112473000125], [-91.65199279799998, 31.01211166400003], [-91.6541976929999, 31.00861167900007], [-91.6560974119999, 31.00451278700001], [-91.65749359099993, 31.000411987000177], [-91.65929412799989, 30.99641227699999], [-91.65829467899988, 30.993412018000186], [-91.65999603299997, 30.989912033000053], [-91.66159820599995, 30.98761177100016], [-91.66259765599995, 30.985612869000136], [-91.66349792499989, 30.980611801000066], [-91.66299438499999, 30.972312927000132], [-91.6624984739999, 30.97031211899997], [-91.6597976679999, 30.971212387000037], [-91.65809631299999, 30.974012375000086], [-91.65709686299988, 30.97601127600018], [-91.65569305399993, 30.977712630999974], [-91.65279388399995, 30.980112076000182], [-91.64939880399993, 30.98261261000016], [-91.64679717999991, 30.985712051000178], [-91.64519500699993, 30.988012314000173], [-91.64299774199998, 30.991512299000135], [-91.64099884099994, 30.995311737000065], [-91.63909912099996, 30.99761200000006], [-91.63649749799998, 30.99941253700007], [-91.62439727799989, 31.005611420000093], [-91.61299896199995, 31.00901222200008], [-91.6064987179999, 31.011211395000032], [-91.59539794899996, 31.015312195000092], [-91.59049987799989, 31.01731300400013], [-91.58469390999994, 31.020212173000118], [-91.57839965799997, 31.02401161200015], [-91.57519531299994, 31.02651214600013], [-91.57169341999992, 31.029811859000006], [-91.56939697299998, 31.032312393000154], [-91.56649780299995, 31.03591156000016], [-91.56439971899988, 31.039012909000178], [-91.56119537499995, 31.04621124300013], [-91.56039428699995, 31.049512863000132], [-91.55989837599992, 31.05411148100012], [-91.56039428699995, 31.05761146500015], [-91.5612945559999, 31.060913086000028], [-91.56419372599998, 31.066812515000095], [-91.56769561899989, 31.070211411000116], [-91.57740020799997, 31.078212738000047], [-91.58139800999999, 31.080911636000053], [-91.58589935299995, 31.0842113490001], [-91.58869934199993, 31.08671188400018], [-91.59469604499998, 31.09141159100011], [-91.59989929199992, 31.09511184700017], [-91.60260009799993, 31.096611023000037], [-91.60540008499993, 31.098411560000102], [-91.60949706999992, 31.10151290900012], [-91.61479949999989, 31.104312897000113], [-91.61859893799993, 31.107313156000146], [-91.62209320099993, 31.11121177700005], [-91.62549591099992, 31.116312027000163], [-91.62649536099991, 31.119112015000155], [-91.62569427499989, 31.128812790000154], [-91.62509918199999, 31.131311417000063], [-91.62419891399998, 31.13371276900017], [-91.62169647199988, 31.136913300000174], [-91.6104965209999, 31.14781189000007], [-91.60419464199998, 31.154512405000162], [-91.59969329799992, 31.159612656000036], [-91.59709930399998, 31.16351127600018], [-91.59489440899995, 31.167211533], [-91.59019470199996, 31.175611496000045], [-91.58879852299998, 31.17981147800009], [-91.58869934199993, 31.185512543000073], [-91.5892944339999, 31.190212250000172], [-91.58619689899996, 31.192811966000193], [-91.58529663099995, 31.195211411000173], [-91.58419799799992, 31.197311401000036], [-91.58379364099994, 31.200611115000015], [-91.58549499499992, 31.20241165200008], [-91.58679962199989, 31.204811096000185], [-91.58599853499993, 31.207511902000192], [-91.58329772899998, 31.212812424000163], [-91.57839965799997, 31.218112946000133], [-91.57689666699997, 31.22211265600015], [-91.57569885299995, 31.224512100000084], [-91.57419586299994, 31.225812912000038], [-91.56389617899998, 31.233011246000046], [-91.56119537499995, 31.235113144000024], [-91.55709838899998, 31.237012863000132], [-91.55259704599996, 31.238613128999987], [-91.54729461799991, 31.239212040000098], [-91.5438995369999, 31.2390117650001], [-91.54089355499997, 31.238311768000187], [-91.53769683799999, 31.23691177400019], [-91.53399658299998, 31.234611511000026], [-91.5310974119999, 31.231412888000136], [-91.52929687499989, 31.225511551000068], [-91.5295944209999, 31.220012665000013], [-91.52939605699993, 31.21461296100017], [-91.52279663099995, 31.21561241100011], [-91.51919555699999, 31.21561241100011], [-91.51449584999995, 31.217712402000018], [-91.50919341999997, 31.222412109000118], [-91.50629424999994, 31.22621154799998], [-91.50379943799999, 31.22591209400008], [-91.50069427499994, 31.226011276000122], [-91.49779510499997, 31.22531318700004], [-91.49509429899996, 31.22531318700004], [-91.49179840099993, 31.227312088000133], [-91.48929595899989, 31.226312637000092], [-91.48739623999995, 31.22911262500014], [-91.48809814499992, 31.23191261300019], [-91.4882965089999, 31.235012054000038], [-91.48559570299989, 31.234312057000125], [-91.48309326199995, 31.234712601000012], [-91.48320007299992, 31.237812042000087], [-91.47879791299994, 31.239212036000083], [-91.47889709499998, 31.241411209000034], [-91.47989654599996, 31.244312286000024], [-91.47839355499997, 31.24601173400015], [-91.4781951899999, 31.24831199600004], [-91.47969818099989, 31.25131225600012], [-91.47869872999996, 31.25381279000004], [-91.47769928099996, 31.256912231000115], [-91.47760009799993, 31.259111404000066], [-91.4799957269999, 31.26121139600008], [-91.48130035399993, 31.26361274700008], [-91.48349761999992, 31.265312195000035], [-91.4863967899999, 31.265312195000035], [-91.48919677799995, 31.26611137400016], [-91.49089813199993, 31.27051162700019], [-91.49279785199991, 31.272512436000056], [-91.49509429899996, 31.274011612000095], [-91.49699401899994, 31.27611160300006], [-91.49579620399993, 31.27921295200008], [-91.49579620399993, 31.283512115000065], [-91.49349975699994, 31.28491210900006], [-91.48709869399988, 31.28361320500011], [-91.48439788799999, 31.283412933000193], [-91.48199462899993, 31.282211304000157], [-91.47959899899996, 31.282211304000157], [-91.4762954709999, 31.285911560000102], [-91.47369384599995, 31.28621291600018], [-91.47149658199993, 31.286811829000044], [-91.47109985399999, 31.289411545000064], [-91.47159576399997, 31.292911530000026], [-91.46949768099995, 31.29611206100003], [-91.46879577699997, 31.29901123000019], [-91.46869659399994, 31.30651283300017], [-91.46749877899992, 31.319511414000146], [-91.46009826799991, 31.319511414000146], [-91.44249725399993, 31.318912506000174], [-91.43639373799988, 31.31721305800005], [-91.43459320099993, 31.314912796000158], [-91.43069457999997, 31.314413071000104], [-91.42699432399996, 31.314811707000047], [-91.42329406699992, 31.316211700000167], [-91.42059326199995, 31.318613052000103], [-91.41809844999995, 31.319211960000075], [-91.41429901099997, 31.321311950999984], [-91.41059875499997, 31.324111938000158], [-91.40739440899995, 31.32341194200012], [-91.40079498299997, 31.324512482000046], [-91.39879608199999, 31.323612213000104], [-91.3971939089999, 31.3250122070001], [-91.39309692399996, 31.328012466000075], [-91.39149475099998, 31.32521247900013], [-91.38849639899996, 31.326812744000108], [-91.38799285899995, 31.330211639000083], [-91.38499450699993, 31.331512451000037], [-91.38229370099992, 31.33481216400014], [-91.37849426299988, 31.336511612000038], [-91.37569427599993, 31.33631134000018], [-91.37259674199998, 31.334911346000183], [-91.3696975709999, 31.33501243600017], [-91.36619567899999, 31.33601188700004], [-91.36479949999995, 31.342111588000137], [-91.36179351899989, 31.341913223000176], [-91.35829925499996, 31.34271240200013], [-91.35529327499995, 31.343912125000145], [-91.35339355499997, 31.34201240499999], [-91.35279846299994, 31.33981323200004], [-91.3499984739999, 31.338611603000174], [-91.34669494599996, 31.33951187100007], [-91.34420013399995, 31.34071159400014], [-91.34109497099996, 31.340511322000054], [-91.33849334699994, 31.343711853000116], [-91.3351974499999, 31.346111298000153], [-91.33219909699994, 31.3489112850001], [-91.33109283399989, 31.35141181900019], [-91.32629394499997, 31.351713181000093], [-91.32399749799993, 31.352212906000148], [-91.32339477499988, 31.354011536000087], [-91.32019805899989, 31.353111267000145], [-91.31739807099996, 31.35481262200011], [-91.31399536099997, 31.356611252000107], [-91.3108978269999, 31.35461235000008], [-91.30839538599997, 31.358411789000115], [-91.30549621699998, 31.360912323000093], [-91.30229949999989, 31.360712051000178], [-91.29940032999991, 31.36201286300019], [-91.29599761999992, 31.36051178000008], [-91.2929992679999, 31.35951232900004], [-91.28999328599997, 31.35671234099999], [-91.28569793699995, 31.356611252000107], [-91.28299713099995, 31.357812881000143], [-91.28109741299988, 31.359712601000126], [-91.27959442099996, 31.361612320000177], [-91.27639770499997, 31.364011764999987], [-91.27529907199994, 31.366212845000064], [-91.27479553199998, 31.369411469000056], [-91.27219390899995, 31.368112564000114], [-91.26899719199992, 31.368711472000086], [-91.26559448199993, 31.36861228900017], [-91.26269531299988, 31.36921310400004], [-91.26210021999992, 31.36701202400019], [-91.26179504399994, 31.364711761000024], [-91.26429748499993, 31.363012314000173], [-91.26199340799997, 31.360912323000093], [-91.25809478799988, 31.36101150500008], [-91.25579833999996, 31.36231231700009], [-91.25409698499999, 31.365013123000097], [-91.25059509299996, 31.363712311000086], [-91.24769592399997, 31.36611175500002], [-91.24449920699999, 31.367712021000102], [-91.24199676499995, 31.36761283900006], [-91.23959350599995, 31.36701202400019], [-91.2386932369999, 31.369611740000153], [-91.23619842499988, 31.371511459000033], [-91.23209381099991, 31.37271308900017], [-91.22829437299998, 31.371511459000033], [-91.22499847399996, 31.371511459000033], [-91.22299957299992, 31.370613098000092], [-91.21809387199994, 31.371511459000033], [-91.21929931599999, 31.36931228600008], [-91.21369934099994, 31.36521148700018], [-91.21049499499992, 31.36231231700009], [-91.21139526399998, 31.357812881000143], [-91.20879363999995, 31.355012894000026], [-91.20509338399995, 31.353912354000045], [-91.20059966999992, 31.35321235700013], [-91.19759368999996, 31.353811264000058], [-91.19479370099992, 31.354711533], [-91.19159698499993, 31.353311539000174], [-91.18769836499996, 31.353612900000144], [-91.18560028099989, 31.3489112850001], [-91.18259429899996, 31.35041236900014], [-91.18029785199997, 31.351211548000094], [-91.17779540999993, 31.35011291500001], [-91.1735992429999, 31.346412659000123], [-91.17109680199991, 31.34611320500005], [-91.16769409199992, 31.348611832000074], [-91.16489410399998, 31.350212097000053], [-91.16169738799988, 31.350011826000127], [-91.15839385999993, 31.347211838000078], [-91.15659332299998, 31.34501266500007], [-91.15459442099996, 31.343711853000116], [-91.15229797399996, 31.346511841000165], [-91.15089416499995, 31.345411301000013], [-91.14869689899996, 31.346412659000123], [-91.14539337199994, 31.346811295000066], [-91.14579772899998, 31.343511581000087], [-91.14179992699997, 31.34311294600019], [-91.1430969239999, 31.33981132500014], [-91.14119720499991, 31.337512970000148], [-91.13839721699998, 31.337112427000136], [-91.13749694799992, 31.334611893000158], [-91.13529968299991, 31.33251190200008], [-91.13279724099999, 31.331411362000154], [-91.13089752199994, 31.331811905000166], [-91.12859344499998, 31.330812454000124], [-91.12719726599994, 31.327512741000078], [-91.12509918199999, 31.326812744000108], [-91.12209320099993, 31.326612473000182], [-91.11969757099996, 31.324913025000058], [-91.11959838899992, 31.321912766000082], [-91.11799621599988, 31.32031250000017], [-91.11359405499991, 31.3200130460001], [-91.10999298099995, 31.32091331500004], [-91.10799407999991, 31.32221221900005], [-91.10619354199997, 31.32481193500007], [-91.10269927999997, 31.32651138300014], [-91.09899902299998, 31.324111938000158], [-91.09790039099994, 31.322111130000167], [-91.09499359099993, 31.32091331500004], [-91.09159851099997, 31.32291221600019], [-91.08949279799998, 31.32481193500007], [-91.08719634999994, 31.326011658000084], [-91.08389282199988, 31.326812744000108], [-91.08009338499994, 31.32721138000005], [-91.07559966999992, 31.328012466000075], [-91.07049560499996, 31.32841301000019], [-91.06829833999996, 31.330711365000013], [-91.06819915799991, 31.336112976000095], [-91.06679534899996, 31.338312149000103], [-91.06379699699994, 31.33821296700006], [-91.06279754699995, 31.33511161800004], [-91.06009674099994, 31.332012177000024], [-91.05639648399995, 31.330211639000083], [-91.05179595899995, 31.330211639000083], [-91.0482940679999, 31.33191108699998], [-91.04609680299995, 31.334012985000186], [-91.04279327399996, 31.335811615000125], [-91.0383987429999, 31.336212158000137], [-91.03469848599997, 31.33531189000007], [-91.03019714399994, 31.335412979000182], [-91.02719879299991, 31.336212158000137], [-91.02469634999994, 31.33801269500003], [-91.02349853499993, 31.340011597], [-91.02249908399995, 31.343311310000104], [-91.01969909699989, 31.346412659000123], [-91.01589965799997, 31.34761238100009], [-91.01279449499998, 31.34751129200015], [-91.00999462899995, 31.347011588000044], [-91.00689697299998, 31.346111298000153], [-91.00449371299999, 31.33981132500014], [-91.00269317599998, 31.337512970000148], [-90.99959564199997, 31.336812973000065], [-90.9944000239999, 31.337312698000062], [-90.9885940559999, 31.336511612000038], [-90.98709869399994, 31.338512421000132], [-90.98709869399994, 31.343011856000032], [-90.98579406699997, 31.347011565999992], [-90.98329925499996, 31.348512650000032], [-90.97579956099992, 31.348712921000185], [-90.75009918199999, 31.349712372], [-90.71509551999992, 31.349712372], [-90.68229675299995, 31.349412918000098], [-90.6769943239999, 31.34921264600007], [-90.64969634999989, 31.349412918000098], [-90.63719940199991, 31.34921264600007], [-90.6329956049999, 31.349311828999987], [-90.59889984099993, 31.349311828999987], [-90.58999633799993, 31.34951210000014], [-90.54850006099991, 31.349611282000183], [-90.47789764399988, 31.34951210000014], [-90.47489929199998, 31.349311828999987], [-90.46949768099995, 31.349311828999987], [-90.46129608199993, 31.34951210000014], [-90.44259643599992, 31.34951210000014], [-90.41510009799993, 31.34981155400004], [-90.30489349399988, 31.350313187000097], [-90.26839446999992, 31.350313187000097], [-90.26039886499996, 31.349611282000183], [-90.25009918199999, 31.350311279000096], [-90.24369811999998, 31.350311279000096], [-90.22989654499997, 31.350612640000065], [-90.22299957399997, 31.35041236900014], [-90.20959472699997, 31.35041236900014], [-90.18449401899989, 31.350612640000065], [-90.12500000099999, 31.35071182300004], [-90.1085968029999, 31.350912094000137], [-90.10839843799994, 31.343511581000087], [-90.09109497099996, 31.343311310000104], [-90.09099578999991, 31.33601188700004], [-90.08229827899999, 31.33601188700004], [-90.08199310299995, 31.328912735000074], [-90.0781936649999, 31.328712463000045], [-90.06999969499998, 31.328712463000045], [-90.05339813199993, 31.329011917000116], [-90.05309295699999, 31.332412720000036], [-90.04879760699993, 31.332412720000036], [-90.0479965209999, 31.336112976000095], [-90.04039764399994, 31.336111069000026], [-90.04049682599998, 31.306812286000138], [-90.04029846299989, 31.29261207600007], [-90.04049682599998, 31.25601196300005], [-90.04029846299989, 31.24981117200008], [-90.04029846299989, 31.235012054000038], [-90.03459930399998, 31.233911514000113], [-90.03189849899996, 31.233911514000113], [-90.03170013399989, 31.21221160900012], [-90.03189849899996, 31.199111938000044], [-90.03189849899996, 31.181512833000056], [-90.0309982309999, 31.175712585000156], [-90.00629425099993, 31.175611496000045], [-90.00609588599997, 31.171012878000056], [-90.0061950679999, 31.147111893000158], [-90.00579833999996, 31.13281250000017], [-90.00099945199997, 31.132312775000116], [-89.99769592299992, 31.13261222800014], [-89.99239349399988, 31.13271141100006], [-89.94499969499992, 31.132911682000042], [-89.93840026899994, 31.13261222800014], [-89.93829345699999, 31.118412018000072], [-89.93819427499994, 31.11471176100008], [-89.93789672899999, 31.11111259500018], [-89.9294967649999, 31.11121177700005], [-89.9294967649999, 31.094013214000142], [-89.92889404299996, 31.089212418000102], [-89.92129516599994, 31.089311600000144], [-89.92089843799988, 31.0842113490001], [-89.92089843799988, 31.074712753000085], [-89.87509918199999, 31.074811935000128], [-89.8682937619999, 31.075012207000157], [-89.83589935399993, 31.074913025000114], [-89.83599853499993, 31.030412674000104], [-89.83580017099996, 31.021013260000075], [-89.83589935399993, 31.00731277500006], [-89.83569335899995, 31.002075195000145], [-89.75769805999988, 31.001913071000047], [-89.75269317599992, 31.001312256000176], [-89.7501068119999, 30.99951744100008], [-89.74639892599998, 31.00091552700013], [-89.74349975599989, 31.002912521000155], [-89.74089813199993, 31.003513336000026], [-89.73681640599989, 31.00268554700017], [-89.73410034199998, 31.00398445100018], [-89.73359680199997, 31.00451278700001], [-89.7316970839999, 31.004713058000164], [-89.72959899899996, 31.00391197200014], [-89.72888183599991, 31.00292968700012], [-89.72824115099996, 31.00168830700011], [-89.72387695299989, 31.00231933599997], [-89.71301269499992, 31.00250244100016], [-89.65399932899999, 31.002511978000143], [-89.5695190429999, 31.00231933599997], [-89.55249786399997, 31.001913071000047], [-89.55120849599996, 31.014099121000072], [-89.54278564499998, 31.01391601600011], [-89.50209808299996, 31.013813018999997], [-89.50139617899998, 31.011411667000118], [-89.50139617899998, 31.008111954000185], [-89.50097656299988, 31.001708984000118], [-89.4965209959999, 31.001708984000118], [-89.49375152599993, 31.001462935999996], [-89.4758987429999, 31.000812531000122], [-89.47599792599993, 30.98291206400006], [-89.43872070299989, 30.98291015600006], [-89.42669677699996, 30.982727051000097], [-89.42520141599988, 30.987201691000166], [-89.42479705799991, 31.010112762000176], [-89.40499877899992, 31.010112762000176], [-89.39947509799998, 31.010314941000104], [-89.35772705099993, 31.010314941000104], [-89.34978485099998, 31.010490417000085], [-89.34899902299998, 31.00610351600011], [-89.34869384799993, 31.001106262000178], [-89.34088897699996, 31.00067138700018], [-89.34069824199997, 30.993711472000086], [-89.34088134799993, 30.96008300800014], [-89.34082031399993, 30.909301758000083], [-89.34088134799993, 30.837890625000114], [-89.34112548899998, 30.821289062000062], [-89.34130859399994, 30.756103516000167], [-89.3414916989999, 30.75030517600004], [-89.34130859399994, 30.742919922], [-89.34130859399994, 30.647705078000058], [-89.27301025399993, 30.647521973000096], [-89.26300048799993, 30.647277832000043], [-89.25079345699999, 30.647277832000043], [-89.24127197299998, 30.647705078000058], [-89.24011230499997, 30.654113770000095], [-89.23999023399989, 30.676086426000154], [-89.23327636699992, 30.677124023000147], [-89.13879394499997, 30.677124023000147], [-89.13281249999989, 30.676879883000026], [-89.11608886699997, 30.676879883000026], [-89.10937500099999, 30.677124023000147], [-88.98541259799998, 30.677124023000147], [-88.98089599599996, 30.677307128999985], [-88.88897705099998, 30.677307128999985], [-88.88452148399995, 30.67669677700013], [-88.88450622599993, 30.735717772999976], [-88.87499999999994, 30.735473633000026], [-88.8668823239999, 30.73590087900004], [-88.8410034179999, 30.736083984000174], [-88.83221435499996, 30.734497070000145], [-88.82781982399996, 30.734313965000183], [-88.75000000099999, 30.734512329000097], [-88.73352050799997, 30.73492431600016], [-88.71301269499992, 30.73468017600004], [-88.68838500999999, 30.73473358199999], [-88.67669677699996, 30.73492431600016], [-88.65835571299993, 30.734712601000126], [-88.65411377099997, 30.73492431600016], [-88.63708496099991, 30.73492431600016], [-88.62499999999989, 30.735107422000056], [-88.61358642599993, 30.735107422000056], [-88.60931396499996, 30.73492431600016], [-88.60382080099998, 30.735107422000056], [-88.59130859399988, 30.735107422000056], [-88.58819580099993, 30.73492431600016], [-88.57427978499993, 30.73492431600016], [-88.56872558599991, 30.735107422000056], [-88.46881103499993, 30.735107422000056], [-88.46008300799997, 30.73529052700019], [-88.44709777799989, 30.735313415999997], [-88.44329834099995, 30.735473633000026], [-88.42492675799991, 30.735473633000026], [-88.41289520299989, 30.735717772999976], [-88.4122924799999, 30.7305297850001], [-88.41162109399988, 30.714111328000058], [-88.41070556599999, 30.698120117000087], [-88.41027832099991, 30.68609619100016], [-88.40991210899989, 30.680908203000058], [-88.40960693399995, 30.66870117200017], [-88.40832519499992, 30.64270019500009], [-88.40740966899995, 30.628723145000038], [-88.40740966899995, 30.618713379000155], [-88.40661621099991, 30.59729003900003], [-88.40631103499999, 30.593688965000126], [-88.40472412099996, 30.559326172000112], [-88.40380859399988, 30.54431152300009], [-88.40362548799993, 30.53527832000009], [-88.40191650399993, 30.504699707000157], [-88.40148925799991, 30.50030517600004], [-88.40038478799994, 30.472595178000063], [-88.39648437499989, 30.397521973000153], [-88.39868164099988, 30.393920897999976], [-88.39971923799993, 30.391235352000024], [-88.39770507799989, 30.389099121000072], [-88.39367675799991, 30.386718750000057], [-88.39880371099997, 30.38848877000015], [-88.3969116209999, 30.38507080100004], [-88.3969116209999, 30.382080078000115], [-88.40081787099996, 30.384521484000174], [-88.40441894499997, 30.387084961000085], [-88.40899658299998, 30.385925293000014], [-88.41241455099998, 30.38128662100013], [-88.41208757799996, 30.379978725000058], [-88.41119384799998, 30.378906250000057], [-88.4106979369999, 30.37561416600016], [-88.4066772459999, 30.374877930000025], [-88.40362548799993, 30.37347412100013], [-88.40284931799994, 30.37184416300005], [-88.40169762099993, 30.37029187600018], [-88.39678955099993, 30.366088867000144], [-88.39758300899996, 30.363281250000057], [-88.39819335999988, 30.35968017600004], [-88.39774341099996, 30.358223201000158], [-88.39596557599998, 30.35444831800004], [-88.39497465899996, 30.353316114000165], [-88.39383039499995, 30.349940534999973], [-88.39403533999996, 30.34980010999999], [-88.39398193399995, 30.3496704100001], [-88.39458465599989, 30.349420547000136], [-88.39929456199997, 30.346080258000086], [-88.40020751999992, 30.345092772999976], [-88.40046691899988, 30.345285416000024], [-88.40191650399993, 30.34429931600016], [-88.40380859399988, 30.3477172850001], [-88.40191650399993, 30.349914551000154], [-88.40631103499999, 30.35028076200018], [-88.41009521499996, 30.351928711000028], [-88.41101074199992, 30.355529785000044], [-88.41210937499989, 30.358276367000144], [-88.42120361299999, 30.357727051000154], [-88.42382812499994, 30.355529785000044], [-88.42681884799998, 30.355529785000044], [-88.42950439499992, 30.3574829100001], [-88.43188476699999, 30.36090087900004], [-88.43450927699996, 30.358276367000144], [-88.43768310499996, 30.35852050799997], [-88.44079589799992, 30.356872559000124], [-88.4449111859999, 30.35746897700011], [-88.44897460899995, 30.355285645000095], [-88.44641113299991, 30.347290039000086], [-88.44592285199997, 30.34429931600016], [-88.44641113299991, 30.339294434000124], [-88.44970703099995, 30.334106445000145], [-88.45159912099996, 30.331726074000073], [-88.45452880899995, 30.329528809000067], [-88.4586791989999, 30.327270508000026], [-88.4616088869999, 30.326477050999983], [-88.46441650399998, 30.324890137000125], [-88.46679687599999, 30.323120117000087], [-88.47192382799994, 30.320129395000038], [-88.47528076199995, 30.31927490200013], [-88.47991943399995, 30.318481445000145], [-88.48559570299994, 30.31890869100016], [-88.48937988299997, 30.31890869100016], [-88.49542236299999, 30.319519043000184], [-88.5048217769999, 30.321716309000067], [-88.50640869099993, 30.327880859000174], [-88.50909423799993, 30.328918457000043], [-88.51098632799989, 30.331298828000058], [-88.50891113299997, 30.341308594000168], [-88.50720214799998, 30.346496582000043], [-88.51092529399989, 30.344116211000028], [-88.51458740199996, 30.334289551000154], [-88.51721191299993, 30.33648681600016], [-88.52252197299993, 30.34008789100011], [-88.53619384799993, 30.343322753999985], [-88.54431152299998, 30.343688965000183], [-88.55218505899995, 30.343322753999985], [-88.56182861299993, 30.343505859000118], [-88.56457519599996, 30.344726562000176], [-88.56781005899995, 30.344482422000056], [-88.57128906299994, 30.344726562000176], [-88.57519531299994, 30.345703125000057], [-88.57818603499993, 30.346923828000058], [-88.58099365199996, 30.350097656000116], [-88.58331298899992, 30.355529785000044], [-88.58581542999997, 30.358886719000168], [-88.5827026369999, 30.361694336000028], [-88.58239746099997, 30.368530273000147], [-88.58599853499993, 30.37127685500019], [-88.58929443299996, 30.3718872070001], [-88.59429931599999, 30.373291016000167], [-88.59680175799991, 30.370910645000095], [-88.59722900399993, 30.367126465000183], [-88.59521484399988, 30.36151123000019], [-88.59417724599996, 30.357727051000154], [-88.59851074199992, 30.358703613000102], [-88.60131835899989, 30.355895996000072], [-88.60260009799998, 30.361328125000057], [-88.59948730499991, 30.364685059000124], [-88.60101318399995, 30.369079590000013], [-88.60211181599999, 30.3731079100001], [-88.60827636699997, 30.372680664000086], [-88.6090087899999, 30.368530273000147], [-88.60571289099988, 30.360717773000147], [-88.60559081999997, 30.35571289100011], [-88.61090087899998, 30.355285645000095], [-88.61102294899996, 30.359130859000118], [-88.61090087899998, 30.363708496000072], [-88.61218261799996, 30.36810302700013], [-88.6115112299999, 30.3731079100001], [-88.61730956999997, 30.372680664000086], [-88.62322997899992, 30.369079590000013], [-88.62652587899993, 30.367675781000173], [-88.62982177699996, 30.366516113000102], [-88.63800048799999, 30.359497070000145], [-88.64508056599993, 30.35992431600016], [-88.65649414099994, 30.360107422], [-88.66601562499989, 30.361083984000174], [-88.66967773399995, 30.35968017600004], [-88.67279052699996, 30.358886719000168], [-88.67871093799988, 30.356079102000137], [-88.68609618999994, 30.351501465000183], [-88.68878173799993, 30.34948730500014], [-88.69189453199994, 30.34747314500015], [-88.69921874999994, 30.344116211000028], [-88.70629882799989, 30.34271240200013], [-88.70977783199999, 30.343322753999985], [-88.71728515699994, 30.343322753999985], [-88.72167968799994, 30.343688965000183], [-88.72558593799994, 30.343505859000118], [-88.73199462899993, 30.34429931600016], [-88.74371337899993, 30.3477172850001], [-88.74658203099995, 30.349914551000154], [-88.75000000099999, 30.349914551000154], [-88.75738525399998, 30.354492187000176], [-88.76470947299998, 30.360717773000147], [-88.77270507799994, 30.366088867000144], [-88.77551269499997, 30.367675781000173], [-88.78149414099988, 30.3704833970001], [-88.78851318399995, 30.373291016000167], [-88.79321289099988, 30.37591552700013], [-88.79870605499991, 30.37847900400004], [-88.80572509799998, 30.382080078000115], [-88.80902099699989, 30.38507080100004], [-88.80389404199991, 30.38568115200019], [-88.79791259799998, 30.38409423800016], [-88.79431152299992, 30.38372802700013], [-88.79101562499989, 30.384277343999997], [-88.78350830099993, 30.38250732400013], [-88.78112792999997, 30.3796997070001], [-88.77618408199999, 30.3796997070001], [-88.7719116209999, 30.382324219000168], [-88.77471923899998, 30.384521484000174], [-88.78009033199999, 30.383117676000154], [-88.78417968799988, 30.386108397999976], [-88.7886962899999, 30.386718750000057], [-88.79010009799998, 30.389282227000137], [-88.79467773299996, 30.392517090000183], [-88.79968261699997, 30.39227294900013], [-88.80480956999997, 30.392517090000183], [-88.81018066399997, 30.39471435500019], [-88.82409667999991, 30.402709961000028], [-88.82769775399998, 30.404113770000095], [-88.84179687499994, 30.41070556599999], [-88.84448242199988, 30.41851806600016], [-88.85302734399994, 30.42327880900018], [-88.8515014649999, 30.42633056600016], [-88.84771728499993, 30.424682617000144], [-88.84197997899997, 30.42352294900013], [-88.83880615099991, 30.41912841800007], [-88.83471679699988, 30.420288086000085], [-88.83111572299998, 30.420898437000062], [-88.8331909179999, 30.42327880900018], [-88.83789062499994, 30.423706055000025], [-88.84020996099997, 30.426513672000056], [-88.84411621099997, 30.427490234000004], [-88.84680175799997, 30.429077148000033], [-88.85009765599989, 30.432128906000116], [-88.85717773399995, 30.430297852000137], [-88.86041259799993, 30.429870605000076], [-88.86669921899988, 30.42669677700019], [-88.86981201199995, 30.424682617000144], [-88.87341308599991, 30.425903319999975], [-88.8773803709999, 30.423095703000115], [-88.8820190429999, 30.42510986300016], [-88.88204956099997, 30.425296783000192], [-88.88848876999992, 30.42327880900018], [-88.89172363299997, 30.423706055000025], [-88.89428710899989, 30.424682617000144], [-88.90087890599995, 30.42669677700019], [-88.90521240299995, 30.42950439500015], [-88.9088745119999, 30.42950439500015], [-88.9122924799999, 30.429077148000033], [-88.91931152299998, 30.42889404300007], [-88.92138671899994, 30.425903319999975], [-88.9249267589999, 30.428283691000047], [-88.92480468799994, 30.431701660000158], [-88.92822265599995, 30.43292236300016], [-88.9323120119999, 30.430725098000153], [-88.93609619099999, 30.42449951200018], [-88.94567871099997, 30.42352294900013], [-88.95019531299994, 30.421325684000124], [-88.95471191399997, 30.42230224600013], [-88.9603881839999, 30.424926758000026], [-88.96337890599989, 30.424926758000026], [-88.96667480499991, 30.424072265999996], [-88.97082519499997, 30.424316406000116], [-88.97412109499999, 30.42352294900013], [-88.97698974699995, 30.423889160000158], [-88.97998046899994, 30.425292969000054], [-88.98352050799991, 30.4285278320001], [-88.98840332099991, 30.43011474600013], [-88.99182128899992, 30.42950439500015], [-88.99182128899992, 30.42449951200018], [-88.99291992199994, 30.42169189500015], [-88.99609374999994, 30.424072265999996], [-89.00048828199994, 30.423889160000158], [-89.00769042999991, 30.42449951200018], [-89.00659179699988, 30.421325684000124], [-89.00622558599997, 30.41827392600004], [-89.00170898399995, 30.41571044900013], [-88.9965209959999, 30.413696289000086], [-88.99218749999994, 30.41070556599999], [-88.98852539099988, 30.409912109000174], [-88.98651123099995, 30.4129028320001], [-88.98071289099988, 30.414916992000144], [-88.97442626999992, 30.416076660000158], [-88.96301269599996, 30.416503906000173], [-88.95928192099996, 30.41686439500006], [-88.95538330099993, 30.414672851999967], [-88.95019531299994, 30.416076660000158], [-88.94708251999998, 30.41949462900004], [-88.9437866209999, 30.42010498000019], [-88.94030761699992, 30.41729736300016], [-88.93328857399996, 30.415100098000153], [-88.92980956999997, 30.413330078000115], [-88.92657470699999, 30.414916992000144], [-88.92340087899993, 30.415893555000025], [-88.91998290999993, 30.418090819999975], [-88.91607665999993, 30.42010498000019], [-88.91210937499994, 30.42108154300007], [-88.90960693399995, 30.41827392600004], [-88.90850830099998, 30.414306641000167], [-88.90582275399998, 30.412109375000057], [-88.90240478499999, 30.4116821290001], [-88.89937598299997, 30.412691094000138], [-88.89672851599994, 30.411926270000095], [-88.89392089799998, 30.413696289000086], [-88.89080810499996, 30.413085937000062], [-88.88610839699999, 30.4116821290001], [-88.88262939499998, 30.412719727000137], [-88.87750244099999, 30.410888672000056], [-88.87390136699997, 30.408081055000025], [-88.86836242699991, 30.409467696999968], [-88.86077880899995, 30.40667724600013], [-88.85871887199994, 30.403524399000105], [-88.85931396499996, 30.39788818400018], [-88.85754701099995, 30.393647494000106], [-88.86309814499998, 30.391113281000116], [-88.86730956999992, 30.39129638700018], [-88.87872314499998, 30.39288330100004], [-88.88465118499994, 30.3922786710001], [-88.88970947299993, 30.392700195000145], [-88.89282226599994, 30.393310547000056], [-88.90679931699998, 30.393920897999976], [-88.91290283199999, 30.393920897999976], [-88.91668701299989, 30.39410400400004], [-88.9340209959999, 30.392517090000183], [-88.93829345699999, 30.392700195000145], [-88.94641113299991, 30.39190673800016], [-88.95507812599999, 30.391723633000026], [-88.96740722699997, 30.390930176000154], [-88.97119140599989, 30.390930176000154], [-88.98022460899989, 30.389282227000137], [-88.99182128899992, 30.388122559000124], [-89.00079345799992, 30.38690185500019], [-89.01489257799989, 30.384277343999997], [-89.0338134779999, 30.3796997070001], [-89.03771972699997, 30.379272461000085], [-89.04339599599996, 30.377685547000056], [-89.04742431599993, 30.377075194999975], [-89.05462646499996, 30.37469482400013], [-89.06347656299994, 30.373718262000125], [-89.08288574199992, 30.368286132000094], [-89.08599853499999, 30.366088867000144], [-89.08978271499996, 30.364929199000073], [-89.09118652299992, 30.361083984000174], [-89.09472656199989, 30.36029052700013], [-89.09384919599995, 30.355312425000193], [-89.0972900399999, 30.357727051000154], [-89.09851074099993, 30.362915039000086], [-89.10888671899994, 30.358886719000168], [-89.11499023399989, 30.356079102000137], [-89.12451171899988, 30.353881836000028], [-89.14221191399992, 30.345520020000095], [-89.14782714799992, 30.34429931600016], [-89.15447997999996, 30.34252929700017], [-89.16088867199988, 30.34008789100011], [-89.16748046999993, 30.337890625000057], [-89.17071533199999, 30.33648681600016], [-89.18310546899994, 30.33190918000014], [-89.18682861399998, 30.331298828000058], [-89.19372558599997, 30.32971191400003], [-89.2203979489999, 30.32250976600011], [-89.2360229489999, 30.31652832000009], [-89.23980712799994, 30.315673828000115], [-89.24517822299998, 30.31311035200008], [-89.24981689499998, 30.31152343700012], [-89.25347900399993, 30.311279297], [-89.2589111339999, 30.309875488000102], [-89.27178955099993, 30.305480957000043], [-89.27471923799993, 30.305114746000015], [-89.27947997999996, 30.303894043000184], [-89.28588867299993, 30.30328369100016], [-89.29162597799996, 30.30432128900003], [-89.29351806699998, 30.308288574000073], [-89.29089355499991, 30.31268310500019], [-89.29028320299994, 30.31652832000009], [-89.29211425799991, 30.324890137000125], [-89.29138183599997, 30.329101562000176], [-89.28790283199999, 30.332885742000087], [-89.27416992299999, 30.345520020000095], [-89.27777099599996, 30.348876953000115], [-89.28448486299999, 30.352722167000138], [-89.28630766999999, 30.355274097000063], [-89.28506469699988, 30.35829734800018], [-89.28082275499992, 30.361328125000057], [-89.28460693399995, 30.363098145000095], [-89.2872924799999, 30.362121582000043], [-89.29012270399988, 30.36076559200012], [-89.2916870119999, 30.3640747070001], [-89.29431152299992, 30.366271973000153], [-89.29797363399996, 30.36688232400013], [-89.3024291989999, 30.366516113000102], [-89.30548095699993, 30.36590576200018], [-89.30767822299993, 30.363098145000095], [-89.31152343799994, 30.36187744099999], [-89.31091308599997, 30.367126465000183], [-89.30780029399989, 30.37072753900003], [-89.30889892599993, 30.373291016000167], [-89.31249999999989, 30.374877930000025], [-89.31628417999991, 30.375488281000116], [-89.31970214799992, 30.375122070000145], [-89.32360839799992, 30.375122070000145], [-89.3309936519999, 30.374084473000153], [-89.33630371099997, 30.373901367000087], [-89.33947753899997, 30.3731079100001], [-89.34558105599996, 30.371093750000057], [-89.34960937499989, 30.370910645000095], [-89.35388183599991, 30.36810302700013], [-89.36370849599996, 30.3574829100001], [-89.36657714799998, 30.35308837900004], [-89.37011718799988, 30.351928711000028], [-89.37341308599991, 30.348693848000153], [-89.37628173799993, 30.34790039100011], [-89.37597656299994, 30.344482422000056], [-89.37707519499997, 30.3399047850001], [-89.37957763799989, 30.337280272999976], [-89.3842163089999, 30.335876465000183], [-89.38098144499997, 30.334289551000154], [-89.37310790999999, 30.333496094000168], [-89.36871337899998, 30.335876465000183], [-89.36492919999995, 30.337097168000014], [-89.36132812499989, 30.336914062000176], [-89.35900878899992, 30.338928223000096], [-89.35467529299996, 30.338684082000043], [-89.34509277299998, 30.343872070000145], [-89.33770751999998, 30.34252929700017], [-89.33331298799999, 30.339294434000124], [-89.3306884779999, 30.333312988000102], [-89.33038330099998, 30.329101562000176], [-89.32702636699992, 30.325073242000087], [-89.32458496099991, 30.321716309000067], [-89.32232665999993, 30.31927490200013], [-89.32269287099996, 30.315124512000125], [-89.32489013699995, 30.310302734000118], [-89.32861328099995, 30.303100586000028], [-89.33618164099994, 30.298095703000058], [-89.3432006839999, 30.294311523000147], [-89.35522460899989, 30.28967285200008], [-89.35931396499996, 30.288513184000067], [-89.36572265599989, 30.284912109000118], [-89.37292480499991, 30.277526855000133], [-89.37921142599998, 30.270324707000157], [-89.39538574199992, 30.261291504000155], [-89.40069580099998, 30.260070801000154], [-89.41198730499997, 30.257873535000044], [-89.41540527399997, 30.256530762000068], [-89.41821289099994, 30.254882812000176], [-89.42102050799997, 30.25207519500009], [-89.42291259799993, 30.249328613000046], [-89.42462158299998, 30.24487304700017], [-89.42468261699992, 30.239929199000187], [-89.42071533199993, 30.236083984000118], [-89.4196166989999, 30.23291015600006], [-89.42077636699992, 30.22949218700012], [-89.42852783199993, 30.224487305000082], [-89.43121337899993, 30.221130371000186], [-89.43450927699996, 30.21789550800014], [-89.43591308599991, 30.21447753900003], [-89.44250488299991, 30.209899902000075], [-89.44561767599998, 30.206726074000187], [-89.44750976699993, 30.204284668000184], [-89.44848632799994, 30.201477051000097], [-89.44750976699993, 30.198730469000054], [-89.44671630899995, 30.194519043000128], [-89.44488525399998, 30.19152832000003], [-89.44342040999999, 30.188293457000157], [-89.45019531299994, 30.183471680000082], [-89.45532226599994, 30.180297852000024], [-89.45758056499994, 30.177917480000076], [-89.46038818399995, 30.17572021500007], [-89.46447753899992, 30.17468261700003], [-89.46881103499993, 30.176513672000112], [-89.46270751999992, 30.1785278320001], [-89.46032714799998, 30.182922363000046], [-89.45977783199999, 30.186523437000062], [-89.4616088869999, 30.190124512000068], [-89.46588134799998, 30.19311523400006], [-89.47119140599989, 30.19287109400011], [-89.47631835899989, 30.192077637000068], [-89.48040771499996, 30.19348144500009], [-89.4857788089999, 30.191101074000187], [-89.48828124999994, 30.189514160000158], [-89.49047851599994, 30.187072754000155], [-89.49218749999994, 30.183471680000082], [-89.49560546899994, 30.182128906000173], [-89.49902343799994, 30.181518555000025], [-89.5031127929999, 30.183105469000054], [-89.50738525399998, 30.183288574000017], [-89.51452636699992, 30.183898926000097], [-89.51770019499992, 30.182922363000046], [-89.52130126999998, 30.183288574000017], [-89.52722167999991, 30.188720703000172], [-89.52978515599989, 30.185485840000126], [-89.53088378899997, 30.182312012000068], [-89.53179931599993, 30.178283691000104], [-89.53582000699998, 30.1796855930001], [-89.53918456999992, 30.181701659999987], [-89.54321289099988, 30.18249511700003], [-89.54760742199988, 30.181091309000067], [-89.55261230499991, 30.18072509800004], [-89.55828857499989, 30.179504395000038], [-89.56311035199991, 30.176879883000083], [-89.56671142599998, 30.174499512000068], [-89.56890869099993, 30.172485352000024], [-89.5717163089999, 30.1694946290001], [-89.57310485899995, 30.165760040000123], [-89.57238769499997, 30.16192627000015], [-89.57470703099995, 30.158081055000082], [-89.57769775399993, 30.155883789000143], [-89.58148193499994, 30.153503418000128], [-89.58587646499996, 30.15112304600018], [-89.59161376999998, 30.150085449000187], [-89.59570312399995, 30.15051269500003], [-89.59838867199994, 30.15270996000004], [-89.60919189499992, 30.15472412100013], [-89.61328124999989, 30.155883789000143], [-89.61889648399989, 30.156494141000053], [-89.61872105599997, 30.162601707000192], [-89.61651611299993, 30.162252143000046], [-89.61230468799994, 30.160421088000135], [-89.6093139649999, 30.159444526000186], [-89.60302734399994, 30.160665229000188], [-89.59948730499997, 30.15962763100015], [-89.5958862299999, 30.15962763100015], [-89.59429931599999, 30.162618354000074], [-89.59057617199994, 30.165059760000076], [-89.58740234399988, 30.16621942800009], [-89.58471679699988, 30.168050483000172], [-89.58148193499994, 30.169820502000164], [-89.58100891099997, 30.17329978900017], [-89.58441162099996, 30.1773071290001], [-89.58801269499992, 30.179504395000038], [-89.58786660499993, 30.179558023000027], [-89.58801240799994, 30.179647267999997], [-89.58319091799996, 30.181417182000075], [-89.57808685399988, 30.180456161000052], [-89.58050537199989, 30.184875488000046], [-89.58319091799996, 30.184692383000083], [-89.59167480499997, 30.182128906000173], [-89.59582519499992, 30.183105469000054], [-89.60052490299995, 30.182128906000173], [-89.60388183599997, 30.181701659999987], [-89.60717773499988, 30.180908203000172], [-89.60937499999989, 30.173889159999987], [-89.61260986299993, 30.171691895000038], [-89.61572265599995, 30.171081543000128], [-89.61962890599995, 30.1694946290001], [-89.62341308599997, 30.166503906000003], [-89.62518310499996, 30.162719727000024], [-89.63000488299991, 30.16149902300009], [-89.63421630899995, 30.160888672000112], [-89.64050292999997, 30.1616821290001], [-89.64440917999997, 30.16192627000015], [-89.65258789199999, 30.16192627000015], [-89.65588378899992, 30.163879395000038], [-89.65808105499991, 30.16632080100004], [-89.66101074199992, 30.168518066000047], [-89.66729736299999, 30.17132568400018], [-89.67187499999994, 30.17291259800004], [-89.67529296899994, 30.174499512000068], [-89.67871093799994, 30.176330566000047], [-89.68750000099999, 30.178710937000062], [-89.69110107399996, 30.1773071290001], [-89.69390869099993, 30.176513672000112], [-89.69750976599988, 30.175109863000046], [-89.70159912099996, 30.172485352000024], [-89.70812988299991, 30.169128418000128], [-89.71191406199995, 30.16790771500007], [-89.71588134799993, 30.16687011700003], [-89.71881103499999, 30.167297363000046], [-89.72137451199995, 30.1694946290001], [-89.72460937499994, 30.17187500000017], [-89.72711181599993, 30.173278809000067], [-89.72930908199993, 30.175109863000046], [-89.73522949199997, 30.17810058600014], [-89.74279785199991, 30.180297852000024], [-89.74749755899995, 30.18072509800004], [-89.75097656299994, 30.179870605000133], [-89.75402831999992, 30.1785278320001], [-89.75622558599991, 30.182678223000096], [-89.75988769599996, 30.188110352000024], [-89.7619018549999, 30.194274902000075], [-89.76568603499993, 30.196472168000184], [-89.76928710899989, 30.19812011700003], [-89.77508544899996, 30.201904297000112], [-89.77819824199992, 30.20349121100014], [-89.78619384799998, 30.208129883000083], [-89.78961181599999, 30.209899902000075], [-89.7933959959999, 30.210876465000126], [-89.79687499999989, 30.213317871000186], [-89.80151367199994, 30.213500977000024], [-89.80450439499992, 30.214294434000067], [-89.80877685599995, 30.215881348000096], [-89.81372070299989, 30.216491699000073], [-89.82019042999991, 30.216491699000073], [-89.82421874999989, 30.218078613000102], [-89.82800292999991, 30.221923828000172], [-89.83117675799997, 30.223083496000186], [-89.83471679699994, 30.223876953000058], [-89.83770752099997, 30.224304199000017], [-89.84307861399992, 30.224121094000054], [-89.84960937499989, 30.225280762000125], [-89.85278320299994, 30.229675293000184], [-89.85461425799991, 30.23388671900011], [-89.85211181599999, 30.23571777300009], [-89.85607910199991, 30.23669433600014], [-89.85839843799988, 30.23889160200008], [-89.86291503899992, 30.245910645000038], [-89.86524718599998, 30.25003675100004], [-89.87390136699997, 30.250305176000097], [-89.87768554799999, 30.24987793000014], [-89.88562011799996, 30.254089355000133], [-89.89160156299988, 30.256286621000015], [-89.89648437499994, 30.257080078000058], [-89.90472412099996, 30.255126953000172], [-89.9113159179999, 30.25390625000017], [-89.91729736199994, 30.251525879000155], [-89.92230224599996, 30.250915527000075], [-89.92968749899995, 30.24951171900011], [-89.93341064499998, 30.251281738000102], [-89.93798828199994, 30.255310059000067], [-89.94049072299998, 30.25671386700003], [-89.94641113299997, 30.25830078100006], [-89.9498901369999, 30.25988769500009], [-89.95520019499997, 30.26171875000017], [-89.95898437499989, 30.26171875000017], [-89.96520996099997, 30.26049804700017], [-89.96832275399993, 30.260070801000154], [-89.97210693399995, 30.25927734400011], [-89.97552490199996, 30.25830078100006], [-89.97912597699991, 30.258483887000125], [-89.98229980499997, 30.259704589000023], [-89.98559570299994, 30.262512206999986], [-89.98779296899994, 30.265686035000044], [-89.9865112299999, 30.27008056600016], [-89.98498535199997, 30.27990722700008], [-89.98541259799998, 30.284912109000118], [-89.98669433599997, 30.2910766600001], [-89.98779296899994, 30.29388427700013], [-89.98937988299997, 30.297302246000072], [-89.99121093799994, 30.300720215000126], [-89.99359130999989, 30.303894043000184], [-89.9982299799999, 30.30871582000009], [-90.00109863299991, 30.31109619100016], [-90.00659179799999, 30.314880371000072], [-90.01110839799992, 30.31750488300014], [-90.01739502099997, 30.320129395000038], [-90.03198242299999, 30.323913574000073], [-90.0380249019999, 30.324523926000154], [-90.04168701199995, 30.327514648000147], [-90.04302978399994, 30.331298828000058], [-90.04577636699997, 30.335327148000147], [-90.04931640599989, 30.33972168000014], [-90.0521850589999, 30.34271240200013], [-90.05480957099991, 30.345092772999976], [-90.05731201199995, 30.346923828000058], [-90.06042480499991, 30.348876953000115], [-90.07061767599993, 30.353515625000057], [-90.07757568399995, 30.356872559000124], [-90.08209228499999, 30.35968017600004], [-90.08532714799992, 30.362304687000176], [-90.08892822299993, 30.36248779300007], [-90.09130859399994, 30.3652954100001], [-90.09442138699995, 30.364501953000115], [-90.09790039099994, 30.3652954100001], [-90.10467529399995, 30.365722656000116], [-90.10882568499989, 30.366516113000102], [-90.1157226549999, 30.366516113000102], [-90.12432861299993, 30.36791992200017], [-90.12969970599988, 30.36932373000019], [-90.13342285199991, 30.37072753900003], [-90.13671874999994, 30.372497559000124], [-90.14208984399994, 30.373901367000087], [-90.14630127099991, 30.374084473000153], [-90.15039062599999, 30.374877930000025], [-90.15887451199995, 30.376098633000026], [-90.16400146399997, 30.379882812000062], [-90.1701049799999, 30.38128662100013], [-90.1762084959999, 30.381713867000087], [-90.18121337999997, 30.38128662100013], [-90.1849975589999, 30.38409423800016], [-90.18859863299997, 30.387695312000005], [-90.19426526499996, 30.38848742300013], [-90.19982910199997, 30.388122559000124], [-90.20758056599993, 30.386474609000174], [-90.2120971679999, 30.384887695000145], [-90.21490478499993, 30.383117676000154], [-90.22052001899993, 30.380126953000058], [-90.22320556599993, 30.37847900400004], [-90.22570800799997, 30.376892090000013], [-90.23187255899995, 30.372314453000058], [-90.23712158199993, 30.36932373000019], [-90.24371337899998, 30.363784328000122], [-90.24559783999996, 30.36211204500006], [-90.24795532099995, 30.36035919200009], [-90.24829101599994, 30.3598346710001], [-90.24914897299993, 30.359489843000176], [-90.25138091999997, 30.35774803200019], [-90.25194549599996, 30.35701179500012], [-90.25448559099999, 30.355251771000155], [-90.25530242899998, 30.354425430000106], [-90.25579362799994, 30.354261061000102], [-90.25782012899992, 30.35284233100009], [-90.25797271699997, 30.352479935000133], [-90.26037597699991, 30.35070800799997], [-90.26181793199999, 30.349388123000097], [-90.26209258999995, 30.348932266000133], [-90.26257324199992, 30.348693848000153], [-90.26270294199992, 30.34829139700014], [-90.26297760099999, 30.348182678000114], [-90.26478576799997, 30.345919208000055], [-90.26460266099997, 30.345678329000123], [-90.26483917199994, 30.344808578000027], [-90.26598399699998, 30.34464367300012], [-90.26647949199992, 30.344116211000028], [-90.26779937699996, 30.3418331150001], [-90.26898193399995, 30.340515137000125], [-90.26852719899989, 30.33956432800005], [-90.26787757899996, 30.33876609800012], [-90.26787757899996, 30.33853721600019], [-90.26962394099996, 30.33791733300012], [-90.27022934099995, 30.337232590000042], [-90.27398681599999, 30.33489990200013], [-90.27487945599995, 30.333269119000136], [-90.27524757399993, 30.33292961100011], [-90.27563476599988, 30.332815170000117], [-90.27703094599997, 30.331106186000113], [-90.27992439299999, 30.325647354000182], [-90.28164100599992, 30.322942734000037], [-90.28562927199988, 30.317403793000153], [-90.28850746199998, 30.312387466000132], [-90.29107665999993, 30.308898926000154], [-90.29529571499995, 30.301923752000164], [-90.29793548599997, 30.298921585000187], [-90.29841041599991, 30.29818916300013], [-90.29901886099998, 30.297731400000032], [-90.30590820299989, 30.29711341900014], [-90.3076590529999, 30.29671982399998], [-90.30999755899995, 30.295288086000028], [-90.30609130899995, 30.291320801000097], [-90.30810546899988, 30.290100098000096], [-90.31079101599988, 30.28930664100011], [-90.31292724599996, 30.288085937000176], [-90.31567382799994, 30.28588867200017], [-90.31988525399998, 30.281677246000072], [-90.32678222699997, 30.272521973000096], [-90.3314819339999, 30.266906738000102], [-90.33349609399994, 30.26330566400003], [-90.33532714799998, 30.26110839800009], [-90.33721923799993, 30.258483887000125], [-90.33898925899996, 30.255310059000067], [-90.34088134799998, 30.253479004000155], [-90.34637451199995, 30.24987793000014], [-90.34838867199988, 30.24609375000017], [-90.35339355499991, 30.24169921900011], [-90.3546752929999, 30.240112305000082], [-90.36022949199992, 30.23828125000017], [-90.36248779399989, 30.23889160200008], [-90.36920165999993, 30.235107422000112], [-90.37078857399996, 30.233703613000046], [-90.37390136799996, 30.232116699000017], [-90.38128662099996, 30.229675293000184], [-90.3900756839999, 30.22351074200003], [-90.3939819339999, 30.222473145000038], [-90.39678955199997, 30.221496582000157], [-90.4039916989999, 30.217529297000112], [-90.4066162119999, 30.215270996000015], [-90.4118041989999, 30.20788574200003], [-90.4182460369999, 30.19816230900011], [-90.4201545709999, 30.19591331500004], [-90.42321777299998, 30.19152832000003], [-90.42480468799988, 30.188720703000172], [-90.42602011399998, 30.184892111000124], [-90.42698669399994, 30.18299675000003], [-90.42964935299989, 30.174016953000034], [-90.43078613299991, 30.16967773400006], [-90.43223571899995, 30.162656784000035], [-90.43235370299993, 30.15989615400008], [-90.43279266399992, 30.157640457000184], [-90.43268585299995, 30.150125504000073], [-90.43237304699994, 30.148071288999972], [-90.43249893199993, 30.146715164000113], [-90.43220901499996, 30.139749527000163], [-90.43151855499991, 30.137329102000137], [-90.43128967299998, 30.134527206000143], [-90.43020629799997, 30.12969780000003], [-90.42944335999994, 30.12703895600015], [-90.42938995399993, 30.126192093000157], [-90.42906188999996, 30.125587462000112], [-90.42906951899988, 30.124654770000063], [-90.42869949199991, 30.1240329740001], [-90.4283170949999, 30.122608600000035], [-90.42825317399996, 30.121789932000183], [-90.42790985099992, 30.12062263500013], [-90.42793464699997, 30.119428635000077], [-90.42778015199997, 30.118902206000143], [-90.42727661099997, 30.11816978500002], [-90.42707061799996, 30.117231369000024], [-90.42675938199989, 30.116809456], [-90.42588233899988, 30.113290787000096], [-90.42414856099998, 30.109836578000056], [-90.42401313799996, 30.108434677000105], [-90.42325019799995, 30.10742759700014], [-90.42293548699996, 30.106397629000185], [-90.42264846899991, 30.106180010000173], [-90.42222595199996, 30.104906082000127], [-90.42180061299996, 30.104333878000034], [-90.42047119099999, 30.101617813000075], [-90.41972351099992, 30.099637985000072], [-90.41925048799999, 30.098951339999985], [-90.41874694799998, 30.0974864960001], [-90.41774749799993, 30.095996857000046], [-90.41735076999998, 30.094964981000146], [-90.41687774699994, 30.094484329000124], [-90.41643524299991, 30.09331703200013], [-90.41543006899997, 30.091688156000146], [-90.41493225199997, 30.091209412000183], [-90.41250610499998, 30.087659836000114], [-90.4095477379999, 30.084401909999997], [-90.40639877299992, 30.080419540000037], [-90.40444946299993, 30.078321457000072], [-90.40390592499989, 30.077998009000112], [-90.40302566199989, 30.077552652000122], [-90.40289306599993, 30.077426910000042], [-90.40261077999997, 30.07686805700007], [-90.40211486799996, 30.076980591000165], [-90.40040832699998, 30.076120526000125], [-90.3992158179999, 30.074167890000012], [-90.39844894399994, 30.0727634430001], [-90.39708137499997, 30.07148170500011], [-90.39386939999991, 30.069051743000102], [-90.39057922399991, 30.067060471000048], [-90.38638305699993, 30.06496620200005], [-90.37540626499998, 30.057638168000153], [-90.37508010899995, 30.057561874000044], [-90.37507629399994, 30.058454514000005], [-90.37698305699996, 30.059704059000126], [-90.37499248899991, 30.06046105500002], [-90.37438964799998, 30.058471680000025], [-90.37135314899996, 30.058113098000035], [-90.37041473399995, 30.05722999600016], [-90.37018457499994, 30.057515317000025], [-90.36871337899998, 30.05661582900001], [-90.36804224599996, 30.05701622300012], [-90.36743926999998, 30.057004929000072], [-90.36608886699997, 30.057407379000153], [-90.36267089799998, 30.057678222999982], [-90.36076354899996, 30.05709075900006], [-90.3601226809999, 30.056737900000087], [-90.35510253899992, 30.055990219000137], [-90.34986114499992, 30.05457115200005], [-90.34666061399997, 30.053960800000027], [-90.34523722699998, 30.054059052000127], [-90.32963943499993, 30.053602219000084], [-90.32807159399988, 30.054019928000116], [-90.32623487499995, 30.05358612000009], [-90.32635497999996, 30.053136826000014], [-90.32628250099992, 30.052331924000043], [-90.3261642459999, 30.052305222000143], [-90.32577514699994, 30.052423477000104], [-90.32593425199997, 30.05355858500019], [-90.32362365699993, 30.05486106900014], [-90.31925964399989, 30.05572319000015], [-90.31874084599997, 30.05600166300019], [-90.31649017199999, 30.05660057099999], [-90.3135833739999, 30.05671882600012], [-90.3098926539999, 30.055921555000168], [-90.30805587799995, 30.055273056000033], [-90.30664825399992, 30.055202484000063], [-90.29921722399996, 30.053770065000094], [-90.28724885099996, 30.051040277000027], [-90.2809066769999, 30.049322128000085], [-90.28050152699996, 30.048716217000106], [-90.27964782699996, 30.043224335000104], [-90.28038809499992, 30.048651709000126], [-90.27837810699998, 30.05010986300016], [-90.26988749399999, 30.050104724000164], [-90.26598709799993, 30.048007221999967], [-90.26007080099998, 30.0488891600001], [-90.25458641599988, 30.047207027000127], [-90.2452817219999, 30.041508459000056], [-90.2413324989999, 30.041080696000108], [-90.23801231399989, 30.040376663000018], [-90.2379760739999, 30.041208267000115], [-90.23817368699991, 30.04128783100009], [-90.23767089799998, 30.041320801000154], [-90.23703346699989, 30.04103395700008], [-90.23714446999998, 30.040197372000193], [-90.23429870599995, 30.039628982000067], [-90.22311019899996, 30.034677505000104], [-90.2189331049999, 30.03358268700009], [-90.21887588499999, 30.033304214000054], [-90.20959472699997, 30.0300903320001], [-90.20267486699993, 30.028402328000027], [-90.1952762599999, 30.026304245000063], [-90.18619677999999, 30.024329452000188], [-90.18027496299993, 30.022504807000132], [-90.17481410399989, 30.0222778320001], [-90.17157363899992, 30.021604538000133], [-90.16442871099991, 30.020874023000033], [-90.16339111399998, 30.020874023000033], [-90.16166411699999, 30.021207931000106], [-90.16119384899997, 30.020874023000033], [-90.16077394699988, 30.021108907000098], [-90.15740966799996, 30.020507812000176], [-90.15491104099999, 30.020410538000135], [-90.15441220899993, 30.021299118000115], [-90.15181011099992, 30.020467892000056], [-90.15107536299996, 30.02000236500004], [-90.1497745509999, 30.019804001000125], [-90.14297485499998, 30.019704819000083], [-90.14146977399997, 30.01988477400016], [-90.13879394499997, 30.019897461000028], [-90.13798631699996, 30.020079845000055], [-90.13537597699997, 30.019897461000028], [-90.12827682499994, 30.020074844000078], [-90.12560653799989, 30.020486832000074], [-90.12542724599996, 30.021911621000072], [-90.12091393999992, 30.023437021000177], [-90.11882940099991, 30.022724145000154], [-90.11877441399992, 30.022005080999975], [-90.11497306799998, 30.02220344500006], [-90.11468138999999, 30.02327355400007], [-90.11431133899993, 30.02333610300019], [-90.11434936599989, 30.02323913600003], [-90.11370849599996, 30.023681641000167], [-90.11328124999989, 30.025878906000173], [-90.11287180899996, 30.02690250800009], [-90.11277389399999, 30.026803970000117], [-90.1093139649999, 30.02752685500019], [-90.10347175599998, 30.027681351000183], [-90.10217285299996, 30.028076172000056], [-90.09759294499997, 30.02846987500004], [-90.09697341899988, 30.028005600000085], [-90.09654685099997, 30.02863639000003], [-90.09467315699999, 30.029001236000056], [-90.09210542099999, 30.029892751000148], [-90.0896677529999, 30.029491614000108], [-90.08797264099991, 30.027704239000116], [-90.08645439099996, 30.027357101000177], [-90.08367156999992, 30.027303696000104], [-90.08246612599993, 30.026033401000063], [-90.08190917999991, 30.027282715000013], [-90.0811767589999, 30.02789306600016], [-90.07767295799988, 30.03220176700006], [-90.07407188399992, 30.031202316000076], [-90.07330322299993, 30.032104492000087], [-90.06557083099989, 30.032804489000057], [-90.0633443079999, 30.034093953000138], [-90.06157112199998, 30.033601761000114], [-90.05908060799999, 30.034300852000115], [-90.05797195399998, 30.03350257900007], [-90.0501270289999, 30.034811020000063], [-90.04885292099999, 30.034811020000063], [-90.04709815999996, 30.03508567800003], [-90.04334640499991, 30.03499031100006], [-90.04070472699993, 30.034055710000075], [-90.03926277199992, 30.03320503200007], [-90.03776741099989, 30.03130149800012], [-90.03558349599996, 30.03167724600013], [-90.03407096899997, 30.03168296800004], [-90.03399658199993, 30.032470703000115], [-90.03416017999996, 30.033234159000074], [-90.03157043499994, 30.034002304000126], [-90.03117179899988, 30.043001175000143], [-90.0307006839999, 30.04870605499997], [-90.03067207299995, 30.052801132000127], [-90.02807617199988, 30.05290397800013], [-90.02807044999997, 30.04480171200015], [-90.02197074999992, 30.040803909000033], [-90.01807022099996, 30.037401199000044], [-90.01567077599992, 30.03820228600017], [-90.01527023299991, 30.03760337799997], [-90.01307105899997, 30.03880119300004], [-90.01267051699995, 30.03820228600017], [-90.01226997399993, 30.038003922000087], [-90.0024700159999, 30.04160118100009], [-89.99717140199988, 30.044103622000137], [-89.99249267599993, 30.04608154300007], [-89.99168777499995, 30.04673576400012], [-89.9809087939999, 30.05247114700012], [-89.97552871699992, 30.055212021000045], [-89.97361564699997, 30.055814742999985], [-89.96126937799994, 30.06360054000004], [-89.96026802099999, 30.06400108300005], [-89.95410156299994, 30.06848144500003], [-89.94418102499992, 30.076076682000064], [-89.94020843499999, 30.079397202000166], [-89.93878173799993, 30.080919265999967], [-89.93721389799998, 30.08188056900019], [-89.93532752999988, 30.083761215000038], [-89.93471717799991, 30.084051132000127], [-89.93366432199991, 30.08490943900017], [-89.93348720299991, 30.085455923000097], [-89.93284964599997, 30.086132287999988], [-89.93256759599996, 30.086240768000096], [-89.93222844299999, 30.086697268000023], [-89.93170165999999, 30.0867309570001], [-89.93133735699996, 30.08737373400004], [-89.93085861199995, 30.087648392000062], [-89.93079376199995, 30.087877274000164], [-89.92979891999994, 30.088816803000157], [-89.92855834999989, 30.08969306900019], [-89.9276893409999, 30.09086214700011], [-89.92657470799998, 30.091491699000187], [-89.92108154299996, 30.09747314499998], [-89.91748046899988, 30.10168457000003], [-89.90167236299993, 30.121704101999967], [-89.90071487399996, 30.123327255000106], [-89.89944169099994, 30.12664912400004], [-89.89898681599999, 30.12707519500003], [-89.89723928299998, 30.129837840000107], [-89.89642334099995, 30.130676270000038], [-89.89319059799999, 30.135067701000025], [-89.88831903499988, 30.140915970000094], [-89.88549804699988, 30.142089844000054], [-89.88471031199998, 30.142789840999967], [-89.88382530199993, 30.144170760999998], [-89.88066673399993, 30.147714615000154], [-89.8801193239999, 30.147802353000145], [-89.87961196899994, 30.14683723400009], [-89.87824821599992, 30.146688461000167], [-89.87795066899997, 30.146791458000052], [-89.8763370509999, 30.148389816000133], [-89.87561035199997, 30.148681641000053], [-89.87512207099991, 30.149108887000068], [-89.87499999999994, 30.14971923799999], [-89.87438964799998, 30.150085449000187], [-89.87402343799994, 30.150695801000097], [-89.87327957199994, 30.150243759000148], [-89.87284660299991, 30.1502590180001], [-89.87264633199993, 30.15008735700019], [-89.87238731199994, 30.150171631000035], [-89.87190759499993, 30.14991332200009], [-89.87253964699994, 30.14892650300004], [-89.87275123499995, 30.148916245000066], [-89.87269401599991, 30.147962570000118], [-89.87280654899996, 30.14768791200015], [-89.87189292899996, 30.147649765000097], [-89.87048339799998, 30.14788365999999], [-89.87072753899992, 30.14630126999998], [-89.87107849099993, 30.145803451999996], [-89.87115478499999, 30.14508247400005], [-89.87222856499994, 30.144455742000048], [-89.87489509599993, 30.143556595000177], [-89.87597656299988, 30.142883301000097], [-89.87646293599988, 30.142175674000043], [-89.87686157299993, 30.140417099000103], [-89.87631648499996, 30.140395454000043], [-89.87528800999996, 30.13926124600016], [-89.87468910199993, 30.139265060000128], [-89.8732051849999, 30.13858223000011], [-89.87244987499997, 30.13783454900016], [-89.87242698699993, 30.13726997400005], [-89.87112808099994, 30.136758804000067], [-89.86957359299998, 30.136800766000135], [-89.86879920999996, 30.136583328000086], [-89.86747741699992, 30.135534286000166], [-89.86700439499998, 30.13488769500003], [-89.86630821199992, 30.13668632499997], [-89.86749267599998, 30.137329102000137], [-89.86920165999999, 30.137329102000137], [-89.86962890599995, 30.1375122070001], [-89.87011718799994, 30.137878418000128], [-89.87109374999994, 30.139282227000024], [-89.8715820299999, 30.13970947300004], [-89.87231445299994, 30.139892578000172], [-89.87206161799998, 30.140549949000103], [-89.87005042999994, 30.140737534000095], [-89.86981964099994, 30.140825272000086], [-89.86959075899989, 30.14130210900015], [-89.86888122599998, 30.14169883700015], [-89.86793518199988, 30.14184379600016], [-89.86805560099998, 30.142059987000152], [-89.86798095699993, 30.14263050400001], [-89.86745834399994, 30.14253044100019], [-89.86737060499996, 30.143920898000033], [-89.86828613299997, 30.1453247070001], [-89.86785507199994, 30.145822525000085], [-89.86770418499998, 30.146413366000047], [-89.86699676499995, 30.14639091500004], [-89.86626815799997, 30.14662742600018], [-89.8659839629999, 30.146512985000186], [-89.86570167499991, 30.146688461000167], [-89.86621093699995, 30.148071288999972], [-89.86651611299999, 30.148498535000158], [-89.86779785099998, 30.148071288999972], [-89.8685913089999, 30.148315430000025], [-89.86881916799996, 30.148588861000178], [-89.86874021999989, 30.148679735000087], [-89.86950683599997, 30.148925781000173], [-89.86940352799996, 30.149235703000045], [-89.86911773699995, 30.149354935000133], [-89.86935883699994, 30.14936977800005], [-89.86968994099993, 30.149902344000054], [-89.8703002929999, 30.151306152000018], [-89.8703002929999, 30.15209960900006], [-89.86990156599995, 30.152598019000095], [-89.86929798099993, 30.15270996000004], [-89.86906242399988, 30.15246009800012], [-89.86845016499996, 30.152769089000003], [-89.86778831499998, 30.15286064100013], [-89.86742401099997, 30.153192520000175], [-89.86604881299996, 30.15352058400009], [-89.86522293099989, 30.15414619400019], [-89.86475944499995, 30.154176712000037], [-89.86407470699993, 30.154479980000076], [-89.8635292049999, 30.154226303000144], [-89.8622996609999, 30.154479980000076], [-89.86150169399997, 30.154169083000056], [-89.86130142199988, 30.153921127000103], [-89.86088017199995, 30.15407998200004], [-89.86021995499993, 30.153913498000122], [-89.8593273159999, 30.15435218800019], [-89.85862731899988, 30.154214859000092], [-89.85764884899993, 30.15442085300009], [-89.8565892439999, 30.15501778600003], [-89.85592575099992, 30.155090332000157], [-89.85420989999989, 30.154527664000113], [-89.85319555399997, 30.15472412100013], [-89.85286296899989, 30.154360333000056], [-89.85365295399998, 30.153402328000084], [-89.85392951999995, 30.151075363000018], [-89.85453318899988, 30.148737177000044], [-89.85468864399996, 30.148630142000115], [-89.85479736399998, 30.14752197300004], [-89.85504410099998, 30.14712102600015], [-89.85552024799995, 30.146860123000124], [-89.85527067099997, 30.14651889000004], [-89.85524432199992, 30.145696611000176], [-89.85530041999988, 30.145298850000188], [-89.85574722299998, 30.14456367500003], [-89.85574038299995, 30.143876223000177], [-89.85622551099993, 30.14311527200016], [-89.85671234099999, 30.142854691000025], [-89.85682026899997, 30.142089844000054], [-89.85904548699995, 30.14211814700019], [-89.85864067099993, 30.141324997000083], [-89.85938072199997, 30.140367507999997], [-89.85926246599996, 30.14007759100008], [-89.85985946699998, 30.13829612700016], [-89.85986709499997, 30.13735771200004], [-89.85970896099997, 30.137272055000153], [-89.85959434599988, 30.13665199200011], [-89.85963439999989, 30.13546562200014], [-89.85919189499998, 30.134786607000024], [-89.85875892699994, 30.132478714000115], [-89.85857582099999, 30.132379532000073], [-89.85847091699992, 30.1318454740001], [-89.8581199649999, 30.131574630999978], [-89.85811424299999, 30.131124496000155], [-89.85780906699995, 30.130361557000185], [-89.85720443699995, 30.129728317000172], [-89.85706710799997, 30.129266739000172], [-89.85675634099988, 30.129106916000183], [-89.85660934499998, 30.128141403000143], [-89.85618781999995, 30.127538681000033], [-89.85571861299991, 30.12722206100011], [-89.85509491099992, 30.126329422000083], [-89.85408143399991, 30.125354654000034], [-89.85377693199996, 30.12433433500013], [-89.85382270799988, 30.124048233000053], [-89.85348701499993, 30.123586655000054], [-89.85341262799989, 30.122934341000075], [-89.85297775399988, 30.122690201000125], [-89.85253524799998, 30.121694564999984], [-89.85205078099995, 30.12152671800004], [-89.85210990999997, 30.120874405000166], [-89.85184097399997, 30.120584488000077], [-89.85154724199992, 30.119661330999975], [-89.85107996199997, 30.119328653000025], [-89.85134124799993, 30.11908531200004], [-89.85085296599993, 30.118509293000045], [-89.84940910299991, 30.115713120000066], [-89.84898948699993, 30.115365982000128], [-89.84878539999994, 30.114831924000157], [-89.8485132649999, 30.114831679000076], [-89.84833198599989, 30.11452954700013], [-89.84784507799992, 30.11266899100019], [-89.84686851499998, 30.111486435000018], [-89.84665489199995, 30.11020469700003], [-89.84603913899991, 30.109777509000025], [-89.84570884699991, 30.10887718200007], [-89.84530830499995, 30.108663559000036], [-89.84476470899989, 30.107694626000068], [-89.84404754599996, 30.10735130300003], [-89.84329223599991, 30.106546402000106], [-89.84267425499996, 30.106317520000175], [-89.84215545699999, 30.105871201000127], [-89.84146118199993, 30.104803085000015], [-89.83924674999992, 30.10437965400007], [-89.8385153289999, 30.104492187000062], [-89.83857383399993, 30.103761690000113], [-89.83921432499994, 30.102975845000174], [-89.83983993499999, 30.101011276000065], [-89.83975410499988, 30.10083580000014], [-89.83950805699999, 30.101110458000107], [-89.83896636999992, 30.103033066000023], [-89.83789062499989, 30.103881836000085], [-89.83761215199996, 30.103731155000162], [-89.83704757599997, 30.1038074490001], [-89.83648109399991, 30.103521347000026], [-89.83605003399992, 30.103651047000085], [-89.83521461499993, 30.103078842000116], [-89.83415603599991, 30.10348320000014], [-89.83136749399995, 30.103452682000125], [-89.83097076399997, 30.103639603000033], [-89.82960747499999, 30.103698730000076], [-89.82891845699999, 30.10327148400006], [-89.82836914099994, 30.10327148400006], [-89.82706069999995, 30.102888107000012], [-89.82629775999993, 30.102949142], [-89.82619476299993, 30.102689743000155], [-89.82573798399989, 30.10258934400008], [-89.82518196099988, 30.102067947000023], [-89.82425164599994, 30.10173622500014], [-89.82386589099991, 30.101015091000136], [-89.82338333099995, 30.100667953000027], [-89.82283401499996, 30.10068321200015], [-89.82253265399999, 30.10052299500012], [-89.82061506199994, 30.10052490200019], [-89.82037726999994, 30.10039917300014], [-89.81939006799996, 30.099303055000064], [-89.81818580699996, 30.09708595300009], [-89.81822013899995, 30.096822739000174], [-89.81369018599997, 30.097921371000155], [-89.81309127799994, 30.09850120500016], [-89.8111356629999, 30.09902878400004], [-89.80898094199995, 30.099206923999986], [-89.80823135399993, 30.09902000400018], [-89.80739974999995, 30.099294662000148], [-89.8059005749999, 30.099496841000132], [-89.80327224699994, 30.100648880000108], [-89.80035972599995, 30.101415634000148], [-89.80002593999995, 30.101861954000128], [-89.79927825899989, 30.102064133000056], [-89.79764747599995, 30.1028575900001], [-89.79651451099994, 30.102930069000138], [-89.79637003799996, 30.103185505000113], [-89.79521751399989, 30.10376548800008], [-89.79476519999997, 30.104221617000064], [-89.79400634799998, 30.104492187000062], [-89.7926883699999, 30.105409622000025], [-89.79115676899988, 30.106088638000074], [-89.79125875199992, 30.106289316000186], [-89.79110166299995, 30.106517376000056], [-89.78915977599996, 30.107717514000058], [-89.78897666899991, 30.108194351000122], [-89.7894287119999, 30.10992431599999], [-89.7894844519999, 30.110983381000153], [-89.78934669499989, 30.11099433900017], [-89.7891311649999, 30.111543655000162], [-89.78851318399995, 30.111877441000047], [-89.78839111299999, 30.11267089800009], [-89.7879312259999, 30.1132562090001], [-89.78741836499995, 30.113523483000165], [-89.78601074199992, 30.115112305000025], [-89.7853546149999, 30.11545372000012], [-89.78497479399994, 30.11586716200003], [-89.78445625299992, 30.115930557000013], [-89.78407287599998, 30.116319655999973], [-89.78307533299994, 30.116868973000066], [-89.78122901999996, 30.118757248000065], [-89.77961540199993, 30.119695663000186], [-89.77967118599992, 30.119931862999977], [-89.77921676599999, 30.12038993800013], [-89.77832031399998, 30.120727539000086], [-89.77789306599999, 30.12152099600013], [-89.77633857699999, 30.122308731000032], [-89.77607345599989, 30.122770309000032], [-89.77530670199997, 30.12327766400017], [-89.77474212599998, 30.12401008600017], [-89.77435874999992, 30.124212265000153], [-89.77416992299993, 30.124511719000054], [-89.77410888699995, 30.125122069999975], [-89.77217240099998, 30.127109347000044], [-89.77123832699993, 30.12758827200014], [-89.7705516819999, 30.127420425000025], [-89.77032470699993, 30.127502441000047], [-89.76940917999997, 30.128906250000114], [-89.76881217999994, 30.129152298000065], [-89.7684307099999, 30.129701614], [-89.76741592499997, 30.130118823000146], [-89.76681709299999, 30.13003349300004], [-89.76658439599998, 30.130338669000082], [-89.76535415599989, 30.13093757600012], [-89.76479003099996, 30.13186768800017], [-89.76300239599999, 30.133684157999994], [-89.76234700299995, 30.134780043000035], [-89.76110839799998, 30.13592529300007], [-89.76094561299999, 30.136413648000087], [-89.75917434699988, 30.13775825500005], [-89.75860595699993, 30.13909912100013], [-89.7579614849999, 30.139636181000185], [-89.75695037799994, 30.139738083000054], [-89.75601959199992, 30.14027976900013], [-89.75524330199988, 30.141412735000074], [-89.75461196899988, 30.141878128000144], [-89.75326347399988, 30.142248154000185], [-89.75266647299998, 30.14213752699999], [-89.75043869099994, 30.14417457600007], [-89.75024032599993, 30.144453049000106], [-89.75059034099996, 30.14583400100014], [-89.7503281679999, 30.14627714300002], [-89.75020217899998, 30.14645712700019], [-89.75012969999995, 30.145551682000132], [-89.74971771199995, 30.14621925400013], [-89.74938583399995, 30.146364212000037], [-89.7490043649999, 30.146860123000124], [-89.74877357499997, 30.147497177000105], [-89.74810790999999, 30.148071288999972], [-89.74785975399999, 30.14902877800006], [-89.74667771399993, 30.151149701000122], [-89.74642944299995, 30.151353836000055], [-89.74641013899992, 30.15171097200016], [-89.74606704699988, 30.152109146000043], [-89.74532599299994, 30.153637692000018], [-89.74468994099999, 30.15368652300009], [-89.74511718799988, 30.154479980000076], [-89.74468994099999, 30.15570068400018], [-89.74487304699994, 30.15692138700001], [-89.74511718799988, 30.157470703000172], [-89.7448222839999, 30.15847337500003], [-89.74467287499988, 30.158459445999995], [-89.74498939499989, 30.158876419000137], [-89.74511718799988, 30.1597290040001], [-89.74609374999994, 30.162292480000076], [-89.74697195799996, 30.163464669000177], [-89.74728276999991, 30.164224267000122], [-89.74707031299994, 30.164916991999974], [-89.7471923839999, 30.166076660000044], [-89.74700927699996, 30.16632080100004], [-89.74700927699996, 30.166687011000135], [-89.74737548799993, 30.167297363000046], [-89.74749755899995, 30.16809082000003], [-89.74737548799993, 30.168701172000112], [-89.74664115899992, 30.170240402000104], [-89.74650001499998, 30.1718730930001], [-89.74582493399998, 30.173315984], [-89.74487304699994, 30.173889159999987], [-89.74377441399997, 30.174072266000053], [-89.74316406299994, 30.174570084000038], [-89.74294280999993, 30.174039841000138], [-89.74190330499988, 30.172761917000116], [-89.74134386799994, 30.17257035200015], [-89.74108886699992, 30.172296346000053], [-89.74112892199992, 30.171537399000044], [-89.74048995999999, 30.17089271500015], [-89.7402019509999, 30.170087814000055], [-89.73986816399997, 30.169786453000086], [-89.73991584799995, 30.169481277000102], [-89.73955976599996, 30.169168867000167], [-89.73902511599994, 30.16821861300008], [-89.73812280699991, 30.168148687000155], [-89.73812103399996, 30.167776108000112], [-89.73752021799999, 30.16746330300009], [-89.7373466489999, 30.167181014000107], [-89.73711315799994, 30.16733313800006], [-89.7365210889999, 30.166877701000146], [-89.73684692399996, 30.16675920800003], [-89.73734283399995, 30.165792465000038], [-89.73725891099991, 30.165605545000005], [-89.73638916099998, 30.165262222000138], [-89.73608398499988, 30.165283203000172], [-89.73638916099998, 30.164916991999974], [-89.7375526429999, 30.164705276000063], [-89.73773574799992, 30.164487839000117], [-89.7378330229999, 30.163846970000122], [-89.73597575799988, 30.163706055999967], [-89.73575973499999, 30.163362503000087], [-89.73526000999999, 30.163206100000025], [-89.73511123599997, 30.163324356000032], [-89.73468971299997, 30.16277885400018], [-89.73276316699992, 30.161609897000176], [-89.73292484299998, 30.16112500200012], [-89.7331279039999, 30.161050147000083], [-89.73282241799996, 30.159875870000178], [-89.73232740999993, 30.159274153000183], [-89.73284911999991, 30.158864975000085], [-89.73281478899992, 30.158662796000158], [-89.7327480319999, 30.15851783800008], [-89.73256492599995, 30.158678055000053], [-89.7321166989999, 30.158691406000003], [-89.7323249609999, 30.157759022000164], [-89.73180961599996, 30.157861710000134], [-89.73133052799994, 30.158252339], [-89.73162841899989, 30.15692138700001], [-89.73162841899989, 30.155883789000143], [-89.73115920999999, 30.15502357500003], [-89.7306385039999, 30.154462814000112], [-89.72382926899996, 30.15623283399998], [-89.72232627899996, 30.15572547900001], [-89.72160339399989, 30.155008316000135], [-89.72120285099999, 30.154867172000138], [-89.72068595899992, 30.155000687000097], [-89.7182006839999, 30.154687881000143], [-89.71768379299994, 30.154863358], [-89.7164916989999, 30.154479980000076], [-89.71417236399992, 30.15527343700012], [-89.7139873509999, 30.15555763200007], [-89.71331787099996, 30.15527343700012], [-89.71288681099998, 30.155710220000117], [-89.71128845199996, 30.155923843000096], [-89.71083831799996, 30.156229019000136], [-89.70940780599989, 30.15661430400013], [-89.70750524299996, 30.157920546000184], [-89.7060050959999, 30.15821266200004], [-89.70567321799996, 30.15852928200013], [-89.70302963299991, 30.159601212000155], [-89.70258140599998, 30.15965843200013], [-89.70201682999993, 30.16020774800006], [-89.70141601599988, 30.16027832000003], [-89.70007324199992, 30.160888672000112], [-89.69955059099999, 30.16134966500016], [-89.69897460899995, 30.16148185700007], [-89.69836044299996, 30.162214279000125], [-89.69598388699995, 30.16345787000006], [-89.69532012899992, 30.16406440700007], [-89.69307708699995, 30.165510178000034], [-89.69279442899995, 30.165909184000043], [-89.69184875499991, 30.166536331000145], [-89.69122314499992, 30.167297363000046], [-89.69110294199993, 30.169100394999987], [-89.69080924999997, 30.16913032499997], [-89.69047737099999, 30.16959190400007], [-89.69079435799989, 30.171868329000063], [-89.69010543799993, 30.172430038000073], [-89.68913615399993, 30.172786157000132], [-89.68792533799996, 30.1730670930001], [-89.68702697799995, 30.1730670930001], [-89.68581008899997, 30.1727962490001], [-89.68242645299989, 30.17131996200004], [-89.68036079499996, 30.170614243000045], [-89.67772674599996, 30.169469832999994], [-89.67615890499991, 30.16844749500018], [-89.67575349799995, 30.168518066000047], [-89.67517471299993, 30.168291092000118], [-89.67112541199998, 30.166353226000183], [-89.67004013199988, 30.165662766000082], [-89.66952323899994, 30.165563583000107], [-89.66770744299998, 30.164545059000034], [-89.66329650599988, 30.16165245300016], [-89.66308402999988, 30.16126823400009], [-89.66109847999991, 30.159456253000144], [-89.66101265099991, 30.158880234000037], [-89.66062736499993, 30.158159256000033], [-89.66036589299995, 30.158031772000186], [-89.66002654999994, 30.157510757000125], [-89.66018486099989, 30.155061722000085], [-89.66063833199996, 30.153820992000078], [-89.6610736849999, 30.154039383000168], [-89.66119956999995, 30.153554916000132], [-89.66073806999992, 30.153621518000136], [-89.66132545499994, 30.152322769000023], [-89.66108512999989, 30.15040779100002], [-89.66071700999998, 30.14964866600019], [-89.65997314499998, 30.15032959000007], [-89.66040039099988, 30.151306152000018], [-89.66051568199993, 30.152535572000147], [-89.65881347699997, 30.154296875000114], [-89.6569872359999, 30.155456026000024], [-89.65679931599999, 30.156127930000025], [-89.65637779199994, 30.156381607000128], [-89.65539359999997, 30.15617942800003], [-89.65467834499992, 30.155691147000027], [-89.65455566999998, 30.155824336000137], [-89.65240970399998, 30.15527343700012], [-89.65169334399997, 30.154386520000173], [-89.65015983599989, 30.15389823900017], [-89.65028381299993, 30.153409957999997], [-89.6501235959999, 30.153417587000035], [-89.64999389599996, 30.153882980000105], [-89.65016174299996, 30.154401779000125], [-89.65053695499995, 30.15468121600003], [-89.65096353299998, 30.154508443000054], [-89.65112304699994, 30.154907227000024], [-89.65057372999996, 30.15472412100013], [-89.64947319299995, 30.154998208000166], [-89.64918136599994, 30.154691696000043], [-89.64808082599995, 30.15457725500005], [-89.64711570799994, 30.154783249000047], [-89.64711751699997, 30.155069216000186], [-89.64671897899996, 30.155244827000047], [-89.64452996299991, 30.15527343700012], [-89.64407157899996, 30.15495872500003], [-89.64373661399992, 30.15527343700012], [-89.64342019399993, 30.15527343700012], [-89.63938488299993, 30.154666820000102], [-89.6351776119999, 30.153333664000115], [-89.63485717799995, 30.152940750000084], [-89.63421630899995, 30.153036939000174], [-89.63447380099996, 30.15236854599999], [-89.63445663499994, 30.15222358699998], [-89.63429069499989, 30.152296066000076], [-89.63409423799999, 30.151672363000046], [-89.63329124399996, 30.151838301999987], [-89.63224220299992, 30.151376723999988], [-89.63090896599994, 30.15109062200014], [-89.63072395299992, 30.15087699900016], [-89.63000869799998, 30.15081977800014], [-89.6291923519999, 30.150461197000027], [-89.62855911399993, 30.150503159000095], [-89.62768554699994, 30.150085449000187], [-89.62694168099995, 30.15003013600017], [-89.62640510399996, 30.149476717000084], [-89.62685584999997, 30.148849204000157], [-89.62693665699999, 30.148443589000067], [-89.62776069099993, 30.14734352900018], [-89.62829589799992, 30.147094727000024], [-89.62867164699992, 30.145290091999982], [-89.62946891799999, 30.14391298600009], [-89.62972213899997, 30.143757094000193], [-89.6329956049999, 30.142272949000187], [-89.63524401699999, 30.141654346999985], [-89.63566677099999, 30.141543080000133], [-89.63629150399998, 30.141723633000026], [-89.64038085899995, 30.140874863000192], [-89.64102033699999, 30.138619448000156], [-89.64211463899994, 30.1367070230001], [-89.64316704699996, 30.13543523900006], [-89.64532470699999, 30.13372802700019], [-89.6456909179999, 30.13311767600004], [-89.64721679699994, 30.132080078000172], [-89.64849853499993, 30.130920410000158], [-89.65059003599998, 30.12643300400009], [-89.65207193599991, 30.124234216000104], [-89.65258789199999, 30.12371826200018], [-89.65460205099993, 30.120727539000086], [-89.65698242199988, 30.118530273000033], [-89.66381835899989, 30.11468505900018], [-89.66448974599996, 30.114501953000115], [-89.66537475599989, 30.113977432000183], [-89.66533775999994, 30.11384310700015], [-89.66750907999989, 30.111892417000035], [-89.66900634799998, 30.11108398400006], [-89.67059326199995, 30.110473633000083], [-89.6732120509999, 30.11051750200005], [-89.67572021499996, 30.10992431599999], [-89.67602539099988, 30.10968017600004], [-89.67742919899996, 30.10931396500007], [-89.67768287699988, 30.108652114999984], [-89.67816162099996, 30.108285904000184], [-89.67808724799994, 30.108083067000166], [-89.67827198599997, 30.10775464300019], [-89.67859077499998, 30.107603073000064], [-89.67877197299993, 30.106506347999982], [-89.6795253759999, 30.105051041000138], [-89.67932128899992, 30.104675293000128], [-89.67932308699989, 30.10369153199997], [-89.6798706059999, 30.10089111299999], [-89.68033027599989, 30.10006141700012], [-89.68036260799994, 30.09928008500009], [-89.68132400499996, 30.096044540000037], [-89.68122718599994, 30.095154694000087], [-89.68133163499988, 30.094583511000167], [-89.68116196899996, 30.09388067700013], [-89.68192100499988, 30.092668532999994], [-89.68249511699997, 30.091308593999997], [-89.68227577199991, 30.090566635000187], [-89.68240423099991, 30.089277732000028], [-89.68267822299993, 30.0886840820001], [-89.68263450999996, 30.08539477300019], [-89.68280701399993, 30.083473689000016], [-89.68322753899992, 30.081899642999986], [-89.68294685699993, 30.080260434000024], [-89.68306541399988, 30.079568863000077], [-89.6828723559999, 30.07931382300012], [-89.68313980099992, 30.07796068500005], [-89.6833381649999, 30.077697471000135], [-89.68340120199997, 30.076580405000072], [-89.68377685499996, 30.076110840000013], [-89.68542480499997, 30.075073242000144], [-89.68731689499998, 30.074523925999983], [-89.68789683199998, 30.074071648000086], [-89.68908691499996, 30.073730469000168], [-89.69018554699988, 30.073120117000144], [-89.69250488299997, 30.072509766000167], [-89.69531249999989, 30.071289062000062], [-89.69628906299988, 30.071289062000062], [-89.69830322399991, 30.070922852000137], [-89.69860839899997, 30.070678711000085], [-89.70031145799999, 30.070678711000085], [-89.70111083899997, 30.070922852000137], [-89.70183776499988, 30.070723142000134], [-89.70208740299995, 30.070922852000137], [-89.70243644599998, 30.070728019000057], [-89.70440673799999, 30.070678711000085], [-89.70739746099991, 30.070129395000095], [-89.70922851599988, 30.070129395000095], [-89.7138061519999, 30.06890869099999], [-89.7142472509999, 30.06855798400005], [-89.71447753999996, 30.068115234000174], [-89.71479605799993, 30.068338830000187], [-89.71667711899988, 30.06768798800016], [-89.7172851549999, 30.067747116000078], [-89.71942138699995, 30.06732177700013], [-89.72058105499997, 30.066528320000145], [-89.72192382799994, 30.06610107400013], [-89.72217750499999, 30.065337852000027], [-89.7221069339999, 30.06512451200018], [-89.72247314499992, 30.06488037100013], [-89.72357177699996, 30.0645141600001], [-89.72387695299989, 30.064086914000086], [-89.72452862699998, 30.06416788000007], [-89.72570800799997, 30.063720703000115], [-89.72667919499992, 30.062890139000103], [-89.72747802699996, 30.06268310500002], [-89.7277221679999, 30.0620727540001], [-89.72827148399989, 30.061889648000033], [-89.72903116499992, 30.060710899000128], [-89.72961425799997, 30.060302734000174], [-89.72962197599998, 30.05961520000011], [-89.72985552299997, 30.05956743500019], [-89.72969121299991, 30.05917303500007], [-89.72998046899988, 30.059326172], [-89.73057174699994, 30.05875206000013], [-89.73089599599996, 30.05792236300016], [-89.73101615899998, 30.057332993000045], [-89.73078346299997, 30.05700874300004], [-89.73054180099996, 30.05700874300004], [-89.73063881699994, 30.05639376300013], [-89.73093986499998, 30.055795670000123], [-89.73107910199991, 30.054711647000033], [-89.73130035399993, 30.054521561000115], [-89.73167610199994, 30.053514481000093], [-89.73152901199995, 30.052748886000074], [-89.7315769199999, 30.04995536800004], [-89.73124694899997, 30.048784256000147], [-89.73025758699998, 30.04676884300011], [-89.7301483149999, 30.046129227000108], [-89.72949218799988, 30.045471191000047], [-89.72899627699991, 30.044275284000094], [-89.72864341799993, 30.04409980800017], [-89.72733879099997, 30.04229164100019], [-89.72583007799994, 30.04095268200018], [-89.72482871999995, 30.039438248000124], [-89.72243499799998, 30.03647041300013], [-89.7203979489999, 30.03296258200004], [-89.7203979489999, 30.032475973000032], [-89.72301292399999, 30.032346724999968], [-89.72469329799992, 30.032953261999978], [-89.72508430599999, 30.0329685210001], [-89.7250213619999, 30.032823563000193], [-89.72328376799993, 30.032213211000112], [-89.72068977399988, 30.03220176700006], [-89.7203979489999, 30.031921387000125], [-89.72039031999998, 30.03143882800009], [-89.71938461799988, 30.031464800000094], [-89.71889495799996, 30.0310802460001], [-89.71861076399989, 30.030565262000096], [-89.71791210599991, 30.0303289040001], [-89.71750734599999, 30.02946463799998], [-89.71744277599998, 30.02858495600003], [-89.71653366099991, 30.02827262900007], [-89.71633942299991, 30.02801824800008], [-89.71633383599999, 30.027381830000138], [-89.71659088199993, 30.02715654700006], [-89.71642691599999, 30.026801930000147], [-89.71667480399998, 30.02630615200013], [-89.71759033199993, 30.025512695000145], [-89.7186889649999, 30.02508544900013], [-89.71960449199997, 30.024475098000153], [-89.72201728799996, 30.023318960999973], [-89.7225952149999, 30.02331543000014], [-89.72460937499994, 30.022705078000115], [-89.7255249019999, 30.022705078000115], [-89.72621536299994, 30.022369102000027], [-89.73327636699992, 30.0222778320001], [-89.73388671999999, 30.022521973000153], [-89.73480224699995, 30.0234985350001], [-89.73498535199991, 30.02410888700018], [-89.73822021499996, 30.02667236300016], [-89.73959398499994, 30.026906490999977], [-89.7395612219999, 30.027309327000125], [-89.73980712899998, 30.027709961000028], [-89.74249267599998, 30.029113770000095], [-89.7429866789999, 30.02914018900009], [-89.74432373099995, 30.0300903320001], [-89.74462890599989, 30.030883789000086], [-89.74517822299998, 30.03112793000014], [-89.74548339799998, 30.031921387000125], [-89.74639892599998, 30.032714844000168], [-89.74658203099995, 30.033081055000025], [-89.74658203099995, 30.033691406000116], [-89.74700927699996, 30.03411865200013], [-89.74731445299989, 30.03472900400004], [-89.74792867799988, 30.035106336000126], [-89.74877929799993, 30.03631591800007], [-89.74920654299996, 30.03668212900004], [-89.75028250599996, 30.036757464000175], [-89.7512074409999, 30.037081047000186], [-89.75307273899989, 30.03955650300003], [-89.75368690499994, 30.039957047000144], [-89.75484877499997, 30.04031043300006], [-89.75465202299995, 30.040575027000102], [-89.75398826599996, 30.040678023999988], [-89.75488281299994, 30.04071044900013], [-89.75516509999994, 30.040296555000168], [-89.75357246499993, 30.03969764699997], [-89.75295638999995, 30.03919410700007], [-89.75147628799988, 30.037256241000136], [-89.75147004399997, 30.03692106900013], [-89.75201115499999, 30.03631952400019], [-89.75280761699997, 30.037109375000057], [-89.75390624999994, 30.037475586000085], [-89.75427246099997, 30.0379028320001], [-89.75500488299997, 30.038085937000062], [-89.75537109399988, 30.038513184000124], [-89.7562866209999, 30.03887939500015], [-89.7570190429999, 30.03887939500015], [-89.75743509599988, 30.038714980000123], [-89.7592163079999, 30.03948974600013], [-89.75939941399997, 30.039916992000087], [-89.75982665999999, 30.040283203000115], [-89.76031494099993, 30.040283203000115], [-89.76080322199994, 30.04071044900013], [-89.76129150399993, 30.04089355499997], [-89.76159667999997, 30.041320801000154], [-89.76211896899991, 30.04134434499997], [-89.76287841799996, 30.041870117000144], [-89.76342773399995, 30.042480468999997], [-89.76379394499997, 30.04327392600004], [-89.76507568399995, 30.04388427700019], [-89.76617431499989, 30.04388427700019], [-89.76689114399989, 30.04370507100009], [-89.76763343899995, 30.044008255000108], [-89.77130126999992, 30.04327392600004], [-89.77301025399993, 30.04327392600004], [-89.77368164099988, 30.04351806600016], [-89.77398681599999, 30.04388427700019], [-89.7746534119999, 30.04388427700019], [-89.77539062399995, 30.044128417000138], [-89.77576065099993, 30.043956473000094], [-89.77630615199996, 30.044311522999976], [-89.77697753799998, 30.04449462900004], [-89.77862548899992, 30.044677734000174], [-89.77917480499991, 30.044921875000057], [-89.7802257539999, 30.044948295000097], [-89.78088378899992, 30.045288086000085], [-89.78179931699998, 30.045288086000085], [-89.78228759799998, 30.045471191000047], [-89.78338623099995, 30.045471191000047], [-89.78411865199996, 30.045288086000085], [-89.78509521499996, 30.045471191000047], [-89.78621482799991, 30.045356467000147], [-89.7881348489999, 30.04557959600004], [-89.7894369149999, 30.045475293000038], [-89.78991699199992, 30.045715331000167], [-89.79057884199995, 30.045755386000167], [-89.79107665999993, 30.045715331000167], [-89.79147935799995, 30.045485219000113], [-89.7938842769999, 30.045898437000005], [-89.7943725589999, 30.045898437000005], [-89.7946166989999, 30.045715331000167], [-89.79858398399989, 30.045715331000167], [-89.80287422499998, 30.045333358000107], [-89.80389404299996, 30.045471191000047], [-89.80468749999989, 30.045288086000085], [-89.80792236299993, 30.045288086000085], [-89.80855198899991, 30.045034308000027], [-89.80866050799989, 30.045116141000165], [-89.8091735839999, 30.044696525000063], [-89.8108844759999, 30.044933035999975], [-89.81101910899991, 30.044677734000174], [-89.81147956799992, 30.04479952200012], [-89.81201171899988, 30.04449462900004], [-89.81348174499993, 30.04500328400013], [-89.81561279299996, 30.044921875000057], [-89.81617641499997, 30.044677734000174], [-89.81658935499996, 30.044677734000174], [-89.81809616099991, 30.04371833800002], [-89.81890869099999, 30.042907715000183], [-89.81909179699994, 30.042480468999997], [-89.81951904299996, 30.042114258000026], [-89.81939697299998, 30.040527344000168], [-89.81982421899988, 30.040100098000153], [-89.8200454709999, 30.0395123510001], [-89.8209838869999, 30.039306641000167], [-89.82156471799993, 30.03863018200002], [-89.82269286999991, 30.037719727000137], [-89.82342529299996, 30.037475586000085], [-89.82506361599997, 30.03586296800006], [-89.82587007199999, 30.03532316800016], [-89.82702636699992, 30.034912109000174], [-89.82739257799994, 30.03448486300016], [-89.82849884099988, 30.034000114000094], [-89.82952880899995, 30.033325195000145], [-89.83020019499997, 30.033508300999983], [-89.83079524999994, 30.033091763000186], [-89.83165354399989, 30.034135425000045], [-89.83192634599999, 30.034101486000168], [-89.83207702599992, 30.03385734599999], [-89.8317108149999, 30.033884048000118], [-89.83100891099991, 30.03294944800001], [-89.83124426999996, 30.03205198200004], [-89.8336009979999, 30.029929832000107], [-89.83630371099997, 30.02789306600016], [-89.83732821599995, 30.02691297299998], [-89.84417724599996, 30.018310547], [-89.85051889699992, 30.007883743000093], [-89.85162353499993, 30.007324219000168], [-89.85218810999993, 30.007667258000026], [-89.85241699199997, 30.007324219000168], [-89.8529476519999, 30.006990582000185], [-89.85668945299994, 30.002319336000028], [-89.85540771399997, 29.997640327000056], [-89.85339509699998, 29.993249156000047], [-89.85357665999999, 29.988851264000175], [-89.85211181599999, 29.978231147000088], [-89.85052490199996, 29.97401972100016], [-89.84912109499999, 29.969442084000036], [-89.84698486299999, 29.96584101000019], [-89.84619140599989, 29.96242304100008], [-89.84509277299992, 29.958638862000043], [-89.84381103499993, 29.95503778799997], [-89.84118652299992, 29.951070501999993], [-89.83941650399993, 29.947042182000132], [-89.83862304799993, 29.94362421300019], [-89.83367919899996, 29.942830756000035], [-89.83020019499997, 29.940450385000133], [-89.82379150399998, 29.93703241600008], [-89.81921386699992, 29.934835151000073], [-89.81518554699994, 29.93404169400003], [-89.81158447299998, 29.93361444800007], [-89.80712890599995, 29.93282099100003], [-89.80358886699997, 29.93306513100015], [-89.79022216799996, 29.934652045000178], [-89.78619384799998, 29.93562860800006], [-89.78179931699998, 29.93627929700017], [-89.77478027299992, 29.937825873000065], [-89.77032470699993, 29.939229682000132], [-89.7670288089999, 29.94063349100003], [-89.76208496099997, 29.942464545000178], [-89.74932861299999, 29.94582147900013], [-89.74481201199995, 29.948018745000184], [-89.73779296899988, 29.95363397900013], [-89.73120117199988, 29.957845405000057], [-89.7282104489999, 29.958821967000176], [-89.72320556599993, 29.956624702], [-89.71978759799993, 29.954427436000117], [-89.71667480399998, 29.951863959000036], [-89.71459960899995, 29.949849799000162], [-89.71369362499996, 29.946467457000097], [-89.71850585899995, 29.94409179700017], [-89.72637939499992, 29.94152832000009], [-89.73071289199999, 29.93908691400003], [-89.73358154299996, 29.937683105000133], [-89.73669433599991, 29.93652343700012], [-89.74279785199991, 29.936096191000104], [-89.74328613299991, 29.93627929700017], [-89.74377441399997, 29.93707275400004], [-89.74450683599991, 29.937683105000133], [-89.74548339799998, 29.93811035200008], [-89.7462520599999, 29.937749863000192], [-89.74667167699988, 29.937082291000024], [-89.74691268999993, 29.935024409999983], [-89.74747969499998, 29.933568442000137], [-89.7479858399999, 29.932922363000046], [-89.7486953749999, 29.932481766000137], [-89.74871826199995, 29.932312012000125], [-89.7486953749999, 29.93215751600013], [-89.7480106349999, 29.932180405000167], [-89.74722289999994, 29.932847977000108], [-89.74601364099999, 29.935571671000048], [-89.74600937799988, 29.93712840600017], [-89.74556732199994, 29.937406540000097], [-89.74493598899988, 29.937314987000093], [-89.74425315899998, 29.93651390100007], [-89.74373634299997, 29.93559985100012], [-89.74384926999994, 29.93495992900006], [-89.74576878599999, 29.930581569000026], [-89.74595832799992, 29.930303573999993], [-89.74652099599996, 29.930114746000186], [-89.7471923839999, 29.929077148000147], [-89.74783155399996, 29.928508996000062], [-89.74938964899997, 29.927490234000118], [-89.74999999999994, 29.927490234000118], [-89.75097656299994, 29.92810058599997], [-89.75177001999992, 29.92810058599997], [-89.75218963599991, 29.927766800000086], [-89.75234794599999, 29.927400589000058], [-89.75188971499989, 29.926074550000067], [-89.75189756499992, 29.92532302100011], [-89.75251007099996, 29.924722672000087], [-89.7542438509999, 29.92440223700015], [-89.75537490799996, 29.92394447300012], [-89.75582122799995, 29.92355537400016], [-89.75656127999997, 29.92222785900003], [-89.75674438499993, 29.921541214000115], [-89.75648498599998, 29.919889450000085], [-89.75590515099998, 29.91931724500006], [-89.75511169399994, 29.919111252000164], [-89.75301335599988, 29.919248525000057], [-89.7503924799999, 29.918672272000094], [-89.75090789699993, 29.916923523000037], [-89.74899864199995, 29.917374913000117], [-89.7485256199999, 29.917947118000086], [-89.74852752699996, 29.918519974000105], [-89.74894714399989, 29.91909217799997], [-89.7501831049999, 29.91939353900017], [-89.75023851299989, 29.919195757000125], [-89.75195884699991, 29.919683456000087], [-89.75424279499998, 29.919752233000168], [-89.75555992099999, 29.920003891000192], [-89.75587463499994, 29.920484542999986], [-89.75600433299991, 29.921102524000048], [-89.75587463499994, 29.92183876000007], [-89.75542831499996, 29.923074722000024], [-89.7549018869999, 29.92362403900006], [-89.75232505799994, 29.924196243000154], [-89.75129699699988, 29.924856186000113], [-89.75100707999997, 29.92568397500014], [-89.75177001999992, 29.926874161000057], [-89.75177001999992, 29.927217484000096], [-89.75158691399997, 29.927400589000058], [-89.75122070299994, 29.927469254000187], [-89.75040435799991, 29.926805496000156], [-89.74929618799996, 29.926706314000114], [-89.74682426499999, 29.928358078000144], [-89.74627304099994, 29.928220749000104], [-89.74530029399995, 29.925405502000103], [-89.7454028119999, 29.925051069000176], [-89.74514007599998, 29.924476624000192], [-89.74521705099988, 29.921436617999973], [-89.74487304699994, 29.918889348000107], [-89.74487304699994, 29.916482925000025], [-89.74447631899989, 29.915292089000104], [-89.74437141399989, 29.91439945000019], [-89.74389659999997, 29.913415699000097], [-89.74467658999993, 29.912705724000034], [-89.74515687099989, 29.91271711700017], [-89.74705505399999, 29.91454505900009], [-89.74806976299993, 29.91441535900003], [-89.74888242299994, 29.914100557000097], [-89.7491302489999, 29.914648055999976], [-89.75006103599992, 29.91528129600016], [-89.75004779599999, 29.914644322000015], [-89.74942016599994, 29.914119720000144], [-89.74977931099988, 29.91320544900009], [-89.74970245399993, 29.91300201400003], [-89.74820002599995, 29.913972203000128], [-89.74749621399991, 29.91405612700015], [-89.74641418499994, 29.91356658900014], [-89.74597414999994, 29.91305667600011], [-89.74591064499998, 29.912296295000033], [-89.7457357319999, 29.91214114900015], [-89.7436241719999, 29.911263454000107], [-89.7432937619999, 29.910253525000087], [-89.74250793499994, 29.90893745400018], [-89.74345644999988, 29.90705997200007], [-89.74347933799999, 29.90663272600011], [-89.7433471679999, 29.906324387000097], [-89.74301394499997, 29.906102482999984], [-89.74217987099996, 29.90579605100004], [-89.74295043899991, 29.905525208000142], [-89.74364718499993, 29.903985326000054], [-89.74342211799996, 29.903424566000012], [-89.74194116899992, 29.903468026999974], [-89.74173736599994, 29.903226852000046], [-89.7416381839999, 29.9021091460001], [-89.74231013299999, 29.90122730000013], [-89.7422180179999, 29.90074348400009], [-89.7414474499999, 29.90050888100012], [-89.74056308699994, 29.901292227000113], [-89.74021911599988, 29.901224136000053], [-89.7400422959999, 29.90139896100004], [-89.74066924999994, 29.901494980000052], [-89.74167540199994, 29.900850296000044], [-89.74177551299988, 29.90124702500009], [-89.74121093799988, 29.9021091460001], [-89.74151611299999, 29.903562546000103], [-89.74185589099994, 29.903686964000087], [-89.7428181439999, 29.903638967999996], [-89.74313232499998, 29.90372243600018], [-89.74323138299991, 29.90398151100004], [-89.74268206599993, 29.90517169700007], [-89.74211749099993, 29.905431096000143], [-89.74174174499996, 29.905896489000042], [-89.74307116699998, 29.906682317000048], [-89.74212618499996, 29.90843657400012], [-89.74116000199996, 29.90791827900017], [-89.73931941099988, 29.905286138000065], [-89.73779353199996, 29.90416461700005], [-89.73763522199988, 29.903958623000108], [-89.73784637499995, 29.90354728700015], [-89.73597964299995, 29.903088872000126], [-89.7345052629999, 29.90192157500013], [-89.7326665789999, 29.900777166000182], [-89.73027285599994, 29.900067632000116], [-89.72895869299998, 29.89933521000006], [-89.7281957539999, 29.898488347000068], [-89.72719630299991, 29.89819080100017], [-89.72557067899999, 29.897069931000146], [-89.72509249799992, 29.89661151600012], [-89.72367342999996, 29.894593541000063], [-89.72317504799992, 29.894117355000105], [-89.72222900399998, 29.89360809300007], [-89.72159632699993, 29.89296848000015], [-89.72154292199997, 29.89257938100019], [-89.72070312499994, 29.891365051000093], [-89.72007044799989, 29.89113742600017], [-89.71930941599999, 29.890427892000105], [-89.71820315399992, 29.888276403000134], [-89.71631106399997, 29.886052434000078], [-89.7151285079999, 29.884038274000034], [-89.71331787099996, 29.881864548000124], [-89.70966339099988, 29.87897682200014], [-89.70506286599993, 29.876432419000025], [-89.70477541999992, 29.875970189000157], [-89.70483374599996, 29.875649755000097], [-89.70619201699992, 29.876420975000144], [-89.70739746099991, 29.876756668000098], [-89.70910700899998, 29.877511327000093], [-89.71044787499989, 29.878289525000184], [-89.7130737299999, 29.880395889000056], [-89.71572875999993, 29.883398056000033], [-89.71778106699992, 29.886648177999973], [-89.71977996799995, 29.888414383000054], [-89.72109660199999, 29.889832799000146], [-89.72138214099988, 29.890703200000132], [-89.72201538099989, 29.89040565500011], [-89.72080993699996, 29.888481140000124], [-89.71744021499995, 29.884862249000093], [-89.71468353299997, 29.881061554000155], [-89.71318110499999, 29.87945682300017], [-89.71050262499989, 29.877418518000184], [-89.70758303699989, 29.875970189000157], [-89.70538248399998, 29.875440073000163], [-89.70504053999997, 29.87521106500003], [-89.70504053999997, 29.874295537000137], [-89.70417269799998, 29.87340289800011], [-89.70393618699995, 29.87241870600019], [-89.70304107699997, 29.872327805000054], [-89.70346069299995, 29.872877121000045], [-89.70359039399995, 29.873493195000037], [-89.70438250699993, 29.8742497610001], [-89.70451354999994, 29.874614716000167], [-89.7043305919999, 29.875417063000043], [-89.70317324799998, 29.875073735000058], [-89.70057162299992, 29.87379199700007], [-89.69426727299992, 29.871067047000167], [-89.6929498579999, 29.870633428000076], [-89.69263514599999, 29.869832341000176], [-89.69023132299998, 29.86887168900006], [-89.68850764299998, 29.869031255000152], [-89.68599700899989, 29.868278503], [-89.68452672499996, 29.8680928390001], [-89.68383082399998, 29.8680928390001], [-89.68290644199999, 29.86848059000016], [-89.6790466299999, 29.868093490999968], [-89.67873248099994, 29.868230169000128], [-89.67828407799999, 29.86903140800007], [-89.67799311199997, 29.869052776000046], [-89.67778776399996, 29.868963168999983], [-89.67768153199995, 29.868047063000063], [-89.67751312299998, 29.86797714200003], [-89.67639407199994, 29.868069951000166], [-89.67536935199996, 29.86845334000003], [-89.67607936099989, 29.865983312000083], [-89.67605590799991, 29.86532020600015], [-89.67534637499989, 29.864221573000066], [-89.67539977999996, 29.86387634300013], [-89.6768417369999, 29.86291694600004], [-89.67707824699994, 29.862459183000112], [-89.67815455499994, 29.858357732000115], [-89.6774706779999, 29.85817983100003], [-89.67652567899995, 29.86202365600002], [-89.67594584499994, 29.862916295000105], [-89.6748962399999, 29.863601685000106], [-89.67473602299998, 29.863855362000095], [-89.67471179099988, 29.86451846800003], [-89.6753431219999, 29.86568958000015], [-89.67528971699994, 29.866307561000042], [-89.67455291699997, 29.868780136000055], [-89.67417701699998, 29.86943725500015], [-89.67211151099997, 29.86843681300013], [-89.67171534499994, 29.8680928390001], [-89.67132568499994, 29.867427826000096], [-89.66995467299995, 29.86687957800018], [-89.66932543899992, 29.86626178500012], [-89.66678838399997, 29.865456884000082], [-89.66567286499998, 29.86536533100002], [-89.66352081299999, 29.864221573000066], [-89.66279651499991, 29.86399272400007], [-89.66165161099997, 29.86405944800009], [-89.66010284399988, 29.863739014000032], [-89.65880616299995, 29.863899394000157], [-89.6569976809999, 29.863649368000097], [-89.65594699199994, 29.863944008000146], [-89.65547943099995, 29.863695145000065], [-89.65402984699995, 29.863466263000134], [-89.65211070699996, 29.863830674000155], [-89.65148219199989, 29.863576238000064], [-89.65124548799992, 29.86320935200007], [-89.65111541699991, 29.86131095900015], [-89.65082606399994, 29.86050922100003], [-89.64868583899988, 29.85980137700011], [-89.64817047099996, 29.859983444000136], [-89.64835604699988, 29.860623662000023], [-89.6500385949999, 29.86073837800012], [-89.6504045399999, 29.86117297900006], [-89.65056284799994, 29.86188251200008], [-89.65053558299991, 29.86275291400017], [-89.6502457759999, 29.863416421000068], [-89.64917048499996, 29.863988225000128], [-89.64777053599994, 29.864284970000085], [-89.64582315699994, 29.864011702000028], [-89.64390019999996, 29.86430866000012], [-89.64168032599997, 29.86421710700006], [-89.63860320999993, 29.865200043000016], [-89.63461169299995, 29.86565524800011], [-89.63287600599989, 29.86611301199997], [-89.62979888899991, 29.866424561000088], [-89.6272512349999, 29.86748630300019], [-89.62508257899998, 29.86784869900015], [-89.6196676159999, 29.8695462390001], [-89.61604309099988, 29.87137603800005], [-89.61372006599998, 29.872368188999985], [-89.61251831099992, 29.87268638600011], [-89.6111526489999, 29.873788834000038], [-89.60993847599997, 29.87447128700012], [-89.60929107799996, 29.873926163000135], [-89.60907745399999, 29.873329163000108], [-89.60859680199991, 29.872806549000018], [-89.60784149199992, 29.873329163000108], [-89.6091829209999, 29.874749486000155], [-89.60886820799999, 29.87513858500006], [-89.60771235499999, 29.875649755000097], [-89.60758972199989, 29.875970840000093], [-89.60710200399996, 29.876378362000082], [-89.60439300499996, 29.877824783000108], [-89.60247668299996, 29.879357640000023], [-89.59958704999997, 29.88114673299998], [-89.5976682559999, 29.88135272700015], [-89.59548815799991, 29.88403445900019], [-89.59525299099994, 29.884920120000174], [-89.59437956899995, 29.886101499000176], [-89.59364947399996, 29.8868039300001], [-89.59362029999994, 29.8874492650001], [-89.59265002299992, 29.889828984000076], [-89.59088897699996, 29.892648697000084], [-89.59075793299996, 29.893014257000118], [-89.5908355709999, 29.89505195600009], [-89.58973559399993, 29.89647418700008], [-89.58978709399992, 29.897733037000137], [-89.59015655499996, 29.899175644000024], [-89.59013041499992, 29.89958698000015], [-89.58963012699991, 29.899770737000154], [-89.58939361599988, 29.900411606000148], [-89.58972930899995, 29.900547028000176], [-89.59033966099992, 29.900320053000144], [-89.59091949499992, 29.89942741400006], [-89.59089660599989, 29.898809433000167], [-89.59015655499996, 29.897413254000014], [-89.59020996099991, 29.896978378000142], [-89.59068298299991, 29.895948410000187], [-89.5910211659999, 29.895761873000083], [-89.59144529499991, 29.895784352000078], [-89.59178599399996, 29.896359746000087], [-89.59168108999995, 29.898488347000068], [-89.59275817899999, 29.902633667000032], [-89.59262847899993, 29.904693604000045], [-89.5927625569999, 29.90925342300011], [-89.59265765199996, 29.911382024000147], [-89.59299906799993, 29.91312534100001], [-89.59318408099989, 29.917016332000173], [-89.5933914179999, 29.918233871000098], [-89.59286936799998, 29.91944629400018], [-89.58987292299992, 29.92240268400019], [-89.58842468299991, 29.924186707000104], [-89.5874544049999, 29.92489749600003], [-89.58663952799992, 29.926503918000037], [-89.58529663099989, 29.927831650000144], [-89.5835876459999, 29.930490494000026], [-89.58259257399999, 29.93110782400015], [-89.58240508999995, 29.931472778000114], [-89.58154162499989, 29.934544866000124], [-89.58130511299998, 29.93635303200017], [-89.5806732179999, 29.937635422000028], [-89.58067378099997, 29.938000982000062], [-89.58172607299997, 29.93848228500019], [-89.58183154099993, 29.939240758000153], [-89.5816465289999, 29.940087621000146], [-89.5816726679999, 29.942514420000123], [-89.58065033099996, 29.944084167000085], [-89.58083343499993, 29.94469261200004], [-89.58071136499996, 29.944910049000043], [-89.58004760699993, 29.94577980000014], [-89.57930048999992, 29.945988958000044], [-89.57905606699995, 29.946599492000075], [-89.5785756969999, 29.94687396700016], [-89.57856425299997, 29.94709903500012], [-89.5786819459999, 29.947259903000088], [-89.57937812799997, 29.947289769000122], [-89.57958221399997, 29.947153091000132], [-89.57959175099995, 29.94681293200017], [-89.5797595979999, 29.94663745600002], [-89.58103942899993, 29.94646263100003], [-89.58071327199997, 29.946244542000045], [-89.58084106399997, 29.945524216000138], [-89.58177179399996, 29.94485027800016], [-89.58306884899997, 29.945344925000143], [-89.58325195299994, 29.94569587700005], [-89.58325195299994, 29.946706772000084], [-89.58254241999992, 29.947874069000136], [-89.58168792699996, 29.95070076000013], [-89.58112200799991, 29.951745336000045], [-89.57883453499994, 29.95504570200012], [-89.57468089099996, 29.960130040000138], [-89.57407379299991, 29.962097168000184], [-89.57336425799991, 29.962875366000105], [-89.57286509699992, 29.96377307600011], [-89.57228716899988, 29.964207952000038], [-89.57178497299998, 29.96516990700013], [-89.57226237299989, 29.96736652100003], [-89.57273539599993, 29.96856052100003], [-89.57321032599998, 29.97089511600018], [-89.57273730299994, 29.973233525000126], [-89.57176208499999, 29.97472190900004], [-89.57152557399996, 29.975660324000103], [-89.57155283999998, 29.97646075900019], [-89.57260569599998, 29.981179540000085], [-89.57292175299989, 29.98209953300011], [-89.57399749899992, 29.9836788180001], [-89.5746307369999, 29.98422813400009], [-89.57584381099991, 29.98640251200004], [-89.57773590099998, 29.988393784000152], [-89.5801849369999, 29.99020194999997], [-89.58044871399989, 29.99063617400003], [-89.58052825899989, 29.992378235000047], [-89.5812377929999, 29.9940738680001], [-89.58113535899997, 29.994622533000097], [-89.58052882199996, 29.9951756640001], [-89.57831573499999, 29.996068954000123], [-89.57805499099999, 29.99632007300005], [-89.57781848099995, 29.997166936000042], [-89.57721384999996, 29.997876470000108], [-89.5761075879999, 29.99812823999997], [-89.57542284999988, 29.998906438000063], [-89.57393646199995, 29.998748779000096], [-89.57355555599997, 29.99884158800006], [-89.57329234199995, 29.999230687000193], [-89.57326507599998, 29.99968910200016], [-89.57285719599997, 29.99986987900013], [-89.57252883899992, 29.999757116000126], [-89.57255554199998, 29.99879581200014], [-89.57221577499996, 29.99859195199997], [-89.57146453899998, 29.998657227000137], [-89.57057952899999, 29.998058319000165], [-89.57003281499999, 29.997900664000156], [-89.56879425099999, 29.997970581000175], [-89.56816157399993, 29.998177831000078], [-89.5662384019999, 29.99938964800009], [-89.56492614699994, 29.999916077000023], [-89.56218775799994, 30.00047809299997], [-89.56104306799995, 30.000966375000075], [-89.55581339899993, 30.000966375000075], [-89.55465563799999, 30.003995244000123], [-89.55444392199996, 30.004224126000054], [-89.55360087499992, 30.00436145500015], [-89.55328369099999, 30.004659653000147], [-89.5533128649999, 30.00555545500015], [-89.55310058599991, 30.005805969000107], [-89.55150770999995, 30.006470983000042], [-89.55065154999988, 30.006471634000036], [-89.5502319339999, 30.006792068000095], [-89.5500226879999, 30.007203405000098], [-89.54944518799988, 30.007476958000098], [-89.54646929799998, 30.00782138600016], [-89.54565295299994, 30.00821048500012], [-89.54533823999998, 30.00875980100011], [-89.54483851499992, 30.00894290700012], [-89.5446535019999, 30.009171788000174], [-89.54444122299992, 30.010131836000028], [-89.54382324199997, 30.010635376000096], [-89.54351997399993, 30.010613744000068], [-89.54333894199993, 30.01018069000014], [-89.54257278199998, 30.01052232600017], [-89.54175567499993, 30.01061439500006], [-89.5419679549999, 30.01088840200009], [-89.54188975499994, 30.01155216000012], [-89.54209899899996, 30.011785507000127], [-89.54199218799988, 30.01194191000019], [-89.53931101799992, 30.012307470000053], [-89.53875732399996, 30.01295089700011], [-89.53842871799992, 30.013797719000024], [-89.53771615599993, 30.013776128000075], [-89.53597818599997, 30.014936753000086], [-89.53543853799988, 30.014944077000166], [-89.53530883799988, 30.016248703000144], [-89.53549180299996, 30.016431668000052], [-89.53517779399988, 30.016660039000044], [-89.53349182199992, 30.016683443000034], [-89.53191375699998, 30.017301559000032], [-89.53145246099996, 30.017712896000035], [-89.53015002299998, 30.01752978999997], [-89.52912161699999, 30.018125372000043], [-89.52688654899998, 30.01839954100012], [-89.52651843099989, 30.018719976000057], [-89.5263824459999, 30.019359589000146], [-89.52546366699994, 30.019864385000176], [-89.52456664999988, 30.019977570000037], [-89.52361926099991, 30.021008794000068], [-89.52306803699997, 30.0212605640001], [-89.52096232499991, 30.021558110000058], [-89.52031579499999, 30.02327716200017], [-89.51974868899993, 30.02316028299998], [-89.51964569099994, 30.022451401000126], [-89.51929951999989, 30.02242934399999], [-89.51903971699988, 30.022542302000147], [-89.5192247299999, 30.022797887000024], [-89.51917132399996, 30.023049657000115], [-89.51880320599997, 30.023621862000084], [-89.51853808399994, 30.023801152000033], [-89.51779937699996, 30.023897171000044], [-89.51723480199996, 30.02453613300014], [-89.51593017599993, 30.024557114000004], [-89.51532610899994, 30.025040928000067], [-89.51508959799992, 30.025704686000097], [-89.51423339399997, 30.025910156000066], [-89.5135910589999, 30.025682916999983], [-89.51245745799991, 30.025815313000123], [-89.51222094599996, 30.025929754000117], [-89.51203593299994, 30.02641040500015], [-89.51077270399998, 30.026962280000077], [-89.51048335099989, 30.027444188000175], [-89.50891739699995, 30.02851855300014], [-89.50866699199997, 30.028495789000033], [-89.50856018199994, 30.02822238700014], [-89.50833269399993, 30.028135032000137], [-89.50800761299996, 30.028218572000128], [-89.50753458999992, 30.029229467000164], [-89.50645312399996, 30.029733007000118], [-89.5054779049999, 30.03119850200011], [-89.50453185999999, 30.031793594000135], [-89.50410899299999, 30.032502477000094], [-89.50360926699994, 30.03293735200009], [-89.50268586499999, 30.03360150400016], [-89.50218829199997, 30.033692662000078], [-89.50218638499996, 30.034196202000146], [-89.50121363699998, 30.034264867000047], [-89.50052508399995, 30.035317723000162], [-89.50007685699995, 30.03554660400016], [-89.49857316699996, 30.036941567000042], [-89.49816800799994, 30.036988560999987], [-89.49799346999998, 30.036663055000076], [-89.49777944999994, 30.03662322000008], [-89.49741419799994, 30.037354772000185], [-89.49675616299993, 30.03755695100017], [-89.49337634099999, 30.04566699700007], [-89.49346923799999, 30.04713439900013], [-89.49335244299994, 30.04724646500017], [-89.49244364799989, 30.047158544000126], [-89.49278697099993, 30.047505681000132], [-89.49328613299997, 30.047689438000134], [-89.49428558299996, 30.047662735000188], [-89.4945264729999, 30.04954273000004], [-89.49494799699988, 30.05029422500013], [-89.49494799699988, 30.05098468500006], [-89.4951063069999, 30.05121356700016], [-89.4951063069999, 30.051534002000096], [-89.49487170299994, 30.051854436000156], [-89.49610900899995, 30.05267906199998], [-89.49579295299998, 30.053593938000006], [-89.49579295299998, 30.054074590000027], [-89.49623870799991, 30.054395676000127], [-89.49621447699997, 30.05462390600013], [-89.49576568599997, 30.054967879999992], [-89.49589976399994, 30.05553943400008], [-89.49579432899992, 30.05629218399997], [-89.49637603799994, 30.05599784900005], [-89.49632263299992, 30.055429459000095], [-89.49676648199988, 30.05526466200007], [-89.49708422699996, 30.055791204000116], [-89.49887522699993, 30.05672961900001], [-89.49892863299999, 30.057053869000015], [-89.49877032299997, 30.057534520000104], [-89.49826812699996, 30.057853699000134], [-89.49816569399991, 30.058587377000094], [-89.49787768499988, 30.059090916999992], [-89.49566515999999, 30.059941594000122], [-89.49448069599993, 30.060834233000037], [-89.49408587499994, 30.061223333000044], [-89.49405670299996, 30.06147384600007], [-89.49577331499995, 30.060235977000048], [-89.49847188299992, 30.059322996000105], [-89.49869212199997, 30.05941135100005], [-89.49911498999995, 30.06066894500003], [-89.49858912599996, 30.060853307000173], [-89.49832591099994, 30.061150853000072], [-89.49811419499991, 30.061635320000107], [-89.49808939999991, 30.06229907700009], [-89.49793108999995, 30.062459295000167], [-89.49776261199997, 30.062480673000152], [-89.49743082799995, 30.062072959000034], [-89.49724635199999, 30.06209308399997], [-89.49593028099997, 30.062779729000056], [-89.49500903199998, 30.063512151000054], [-89.4937438959999, 30.06505012500014], [-89.4931150349999, 30.066308324000033], [-89.49256133999995, 30.068532944000083], [-89.49311694199997, 30.069493595999973], [-89.49348449699994, 30.06958579999997], [-89.49380167999999, 30.070042913000066], [-89.4941711429999, 30.070203781000032], [-89.49411773699995, 30.071279526000126], [-89.49446105999994, 30.07173728900011], [-89.49443492099988, 30.07205707300011], [-89.49137878399989, 30.074602127000162], [-89.49110412599998, 30.07523918200002], [-89.49081420999988, 30.075401306000117], [-89.48967036399995, 30.07533771200019], [-89.4890518919999, 30.07588418600011], [-89.48805639699998, 30.075662556000054], [-89.48777445799999, 30.075818364000156], [-89.48748644899996, 30.07689410900008], [-89.48598345799996, 30.078038518000028], [-89.48595866199997, 30.078313176000165], [-89.48629760699993, 30.07861328100006], [-89.48627471999998, 30.079210281000087], [-89.48540553099991, 30.080354039000042], [-89.48459948899995, 30.080650618000163], [-89.48420044699998, 30.08051654800005], [-89.48346771199988, 30.08058224399997], [-89.4822463989999, 30.07943916300019], [-89.48110961899994, 30.078774755000097], [-89.47969055199991, 30.075593948000062], [-89.47813415499996, 30.074266434000037], [-89.47752571099994, 30.073300664000044], [-89.47293118999994, 30.07319003800012], [-89.47218322799995, 30.072959900000114], [-89.47160339399994, 30.07261848400009], [-89.47091054999999, 30.071916199000157], [-89.47070503199996, 30.07138187100003], [-89.47031402599993, 30.07103538500013], [-89.46838569599998, 30.07009631800014], [-89.46691131599994, 30.06915790300019], [-89.46549034099996, 30.068471257000056], [-89.46480560299989, 30.06828880300003], [-89.4637680049999, 30.068355560000157], [-89.46317291299988, 30.06808280900009], [-89.45987892199992, 30.064786260000062], [-89.4595642089999, 30.06405448900017], [-89.45866584799995, 30.06325275200004], [-89.45858914499996, 30.062221601000033], [-89.45793151899994, 30.062173842999982], [-89.45702485899994, 30.061102137000148], [-89.45484789899996, 30.061028783000097], [-89.4524386359999, 30.062840764000043], [-89.4520715249999, 30.062840764000043], [-89.45176696799996, 30.062520330000154], [-89.4512405399999, 30.062405889000047], [-89.44992323299988, 30.06238331500009], [-89.44864682699989, 30.062886541000182], [-89.44809722899998, 30.062885284000174], [-89.44697570799991, 30.062496185000043], [-89.44535487699989, 30.062885797000092], [-89.44423675499996, 30.062337875000082], [-89.44318389899996, 30.061283112000126], [-89.44233894399997, 30.06091434200016], [-89.44128608699998, 30.05983859800017], [-89.43949890099998, 30.05869483900011], [-89.43881225599989, 30.05775642400016], [-89.43786621099997, 30.057092667000063], [-89.43786621099997, 30.056818008000164], [-89.43807220499997, 30.05658847500007], [-89.43733978299997, 30.05564689600004], [-89.43686103799996, 30.05546695400011], [-89.43525695799991, 30.055370331000177], [-89.43431091299999, 30.054868698000178], [-89.43372726399991, 30.05477649400018], [-89.43230761099994, 30.05358707800019], [-89.43034520599997, 30.053448684999978], [-89.42962074299993, 30.05310565700006], [-89.42809295799992, 30.052968328000134], [-89.42785644499997, 30.05282974200003], [-89.42782974199991, 30.05267078100013], [-89.42801419499989, 30.05257918100017], [-89.43038368199996, 30.05246478800001], [-89.43441200299998, 30.05104190600008], [-89.43796729999991, 30.04921085100017], [-89.44032287599993, 30.047676086000138], [-89.44235420099989, 30.04709750900014], [-89.44252204899999, 30.04641467800019], [-89.44252204899999, 30.045018499000037], [-89.44110107399996, 30.039865494000082], [-89.44091796899988, 30.03961372400005], [-89.44039096899996, 30.039590324000073], [-89.43957519499997, 30.038858414000117], [-89.43672943099989, 30.03723270200004], [-89.43538665799997, 30.036060333000137], [-89.43470192099988, 30.035100285999988], [-89.43395001799996, 30.03521401900008], [-89.4320945749999, 30.034711187000028], [-89.43035888799994, 30.03461837800012], [-89.42583140399995, 30.03548938500012], [-89.42485674899996, 30.036176030000036], [-89.42351397699997, 30.037686650000126], [-89.42327746399991, 30.038327520000053], [-89.42298754699993, 30.03837329600009], [-89.4228820809999, 30.041719437000097], [-89.42388153099989, 30.042451859000153], [-89.42453765999994, 30.043552399000077], [-89.42459106399991, 30.044101715000068], [-89.4244600209999, 30.044286077000038], [-89.42301234299993, 30.044789617000106], [-89.42277526899994, 30.045042038000133], [-89.4227491289999, 30.045956914000158], [-89.42159136799995, 30.048203770999976], [-89.42145538299991, 30.049530029000152], [-89.4210724539999, 30.04957371600011], [-89.41333770799997, 30.04804229700011], [-89.41257444299998, 30.048131292000107], [-89.41265011299993, 30.04782604600007], [-89.4137439729999, 30.04687244200005], [-89.41471862899994, 30.045042038000133], [-89.41474914599996, 30.04409980800017], [-89.41453552199994, 30.042589188000022], [-89.41382598799999, 30.04153633100009], [-89.41098022499995, 30.039861028000075], [-89.40863799999994, 30.03807575000019], [-89.40711021399994, 30.037663762000193], [-89.40555572499994, 30.037503545000163], [-89.40379333499993, 30.036790848000066], [-89.40297755299997, 30.03717929600009], [-89.4006887349999, 30.037202184000023], [-89.3985149689999, 30.03743068900019], [-89.39813232399996, 30.037293737000027], [-89.39744758599988, 30.03658420300013], [-89.39616068899988, 30.036423986000102], [-89.3952642349999, 30.036538427000096], [-89.39374917999993, 30.037063060000037], [-89.3936080929999, 30.03697395300003], [-89.39352607799998, 30.036145513000065], [-89.39308166499995, 30.03570556600016], [-89.39299964999992, 30.034909551000112], [-89.39211891399998, 30.035160176000147], [-89.39181518599997, 30.034726445000047], [-89.38957595799997, 30.03415424100018], [-89.38815468999996, 30.034520552000174], [-89.38661603499997, 30.034699742999976], [-89.38587951699992, 30.03469848600014], [-89.38536453199998, 30.034333532000176], [-89.38552284299999, 30.03355533300015], [-89.38618087799989, 30.03284580000019], [-89.38694763199993, 30.03220558200013], [-89.38794708299997, 30.031724930000166], [-89.38960373799989, 30.030603227000142], [-89.39014638099991, 30.03051247000019], [-89.39313507099996, 30.031244277999974], [-89.39485463299997, 30.031334301000072], [-89.3996353149999, 30.03067588800002], [-89.40216827399996, 30.02994155900012], [-89.40555953999996, 30.028477970999973], [-89.40663909999995, 30.027540207000186], [-89.40798377999994, 30.025609319000125], [-89.40706194199993, 30.023099023999976], [-89.4059153149999, 30.023254257000133], [-89.40493011499996, 30.021968842000092], [-89.40429878199996, 30.0214665580001], [-89.40340423599997, 30.021054570000103], [-89.40261268599994, 30.02096301800003], [-89.40206146199989, 30.02041370100011], [-89.40203857399996, 30.019887924000045], [-89.40411567599989, 30.017571752000094], [-89.40448379499998, 30.01654178400014], [-89.40337371799995, 30.012973785000042], [-89.40238189699994, 30.010789870999986], [-89.40206527699996, 30.010308568000085], [-89.39962005599989, 30.00822639500018], [-89.39785766599988, 30.007282257000043], [-89.39643287699988, 30.00684863200013], [-89.39640816799988, 30.00668898400005], [-89.39772415199997, 30.005223577000038], [-89.39827728299997, 30.003141403000086], [-89.39809417799995, 30.001557653000134], [-89.39744567899999, 30.000345230000107], [-89.39772911099999, 30.000070485000037], [-89.39852905299995, 30.00028228800005], [-89.39902941199995, 30.00003950700011], [-89.39962005599989, 30.000967026000012], [-89.39996203499993, 30.002358739000158], [-89.4007249739999, 30.00373584500005], [-89.40243530299995, 30.004972458000168], [-89.4026412959999, 30.005378723000092], [-89.40361832099995, 30.00504109900004], [-89.40459442199989, 30.004994695000107], [-89.40518515299999, 30.004790848000027], [-89.40543365499997, 30.004926682000075], [-89.40543365499997, 30.005178452000166], [-89.40517291099997, 30.005406682], [-89.40509470999996, 30.005753820000166], [-89.40561675999999, 30.00701332100016], [-89.40717371899996, 30.008202855000036], [-89.40817260699998, 30.008501052999975], [-89.40930175799997, 30.00861549400014], [-89.40919932499997, 30.009923283999967], [-89.41006469699988, 30.012166977000106], [-89.40917071399997, 30.01299030000007], [-89.4090925129999, 30.014527622999992], [-89.40901184099988, 30.014711092000027], [-89.40845489499998, 30.014940262000152], [-89.40837860099998, 30.015466690000153], [-89.40859087999996, 30.015694921000147], [-89.40859087999996, 30.016175573000112], [-89.40943145799997, 30.01642799400014], [-89.40940722499994, 30.016747777000035], [-89.40885162399996, 30.01743507400016], [-89.40895843499999, 30.019977570000037], [-89.4093246459999, 30.021032333000164], [-89.40998515199993, 30.021836583000095], [-89.41116961499989, 30.022683446000087], [-89.4121398929999, 30.023118973000123], [-89.41361999499998, 30.023622513000078], [-89.41611480699999, 30.023714066000082], [-89.41801452599998, 30.022844315000157], [-89.41863260899993, 30.02279858300011], [-89.41917419399988, 30.02310752900007], [-89.41972541799993, 30.022340123000163], [-89.41919708299991, 30.021585464000168], [-89.41967201299997, 30.021149938000008], [-89.42067718499999, 30.020736694000107], [-89.42135620099998, 30.019731522000086], [-89.42133331299993, 30.017141342000173], [-89.42185930999995, 30.016247390000103], [-89.42210766999995, 30.01613785699999], [-89.42251586899988, 30.017370224000103], [-89.42293548599997, 30.017782211000167], [-89.42356885599997, 30.018078904000106], [-89.42359161399997, 30.018262863000132], [-89.42159271199989, 30.01975441000019], [-89.42282731099988, 30.021396595000112], [-89.42302887599999, 30.02135757400015], [-89.4232791259999, 30.021607456000027], [-89.42433166499995, 30.023530960000016], [-89.42504119899996, 30.02621269200006], [-89.42740631099997, 30.028820038000163], [-89.42829900999993, 30.02871267300003], [-89.43051910399993, 30.029146194000134], [-89.43204498299997, 30.029146194000134], [-89.43346405099999, 30.028870885000174], [-89.43691444399991, 30.027428930000156], [-89.43857192999991, 30.025365178000072], [-89.43899536099997, 30.025045395000177], [-89.44178199799995, 30.024701421000145], [-89.4433097839999, 30.023831669000117], [-89.44633674599999, 30.02298099300009], [-89.44736480799997, 30.02227211000013], [-89.44865417499994, 30.020348851000108], [-89.44889068599997, 30.01894950900015], [-89.44831085199996, 30.016545598000107], [-89.44789123599998, 30.015699387000154], [-89.44691467299992, 30.01473361700016], [-89.44689178499999, 30.01423072800003], [-89.4471282959999, 30.013956070000063], [-89.44751001899988, 30.013819726000122], [-89.44777082599995, 30.013904834000073], [-89.44841766499991, 30.013586044000192], [-89.44805145299989, 30.013177872000142], [-89.44789123599998, 30.012695312000176], [-89.44775772099996, 30.010773961000098], [-89.44787597699997, 30.01059150700013], [-89.44821929899996, 30.01059150700013], [-89.44823321399997, 30.011369054000056], [-89.44854736299999, 30.01180458100015], [-89.44957407999993, 30.012193029000116], [-89.45044383099997, 30.012330358000042], [-89.4514694209999, 30.012239456000145], [-89.45270538299997, 30.01141548200019], [-89.45339202899993, 30.01008415200016], [-89.45349502599993, 30.008092229000113], [-89.45510101299993, 30.006765366000025], [-89.4573669429999, 30.005317688000105], [-89.4581527709999, 30.00426608800018], [-89.45844268799993, 30.003305435000186], [-89.45844268799993, 30.00204277000006], [-89.45793914899991, 30.000377655000193], [-89.45662689199997, 29.99881107100009], [-89.45635986399998, 29.998138428000118], [-89.45644569399991, 29.996804540000085], [-89.45600128199999, 29.99559021000016], [-89.45358276399998, 29.99528121900005], [-89.4534056629999, 29.99554569000003], [-89.45306396499996, 29.995544434000067], [-89.45092010499997, 29.994447057000116], [-89.44992065399992, 29.99428749100008], [-89.44823512099993, 29.99435550400011], [-89.44736480799997, 29.994630814000175], [-89.44652557499995, 29.99499511700003], [-89.44565638599988, 29.995889013000067], [-89.44434031599991, 29.99639255300019], [-89.44367980999988, 29.997034073000123], [-89.44339426999994, 29.997697179000113], [-89.44305419999989, 29.997678757000187], [-89.44262885999996, 29.99719745400006], [-89.44205474899996, 29.996004105000168], [-89.44128608699998, 29.99538547300017], [-89.44128608699998, 29.995065038000007], [-89.44204902599995, 29.994103734000078], [-89.44197082499994, 29.99350864100012], [-89.44141769399994, 29.99231464100012], [-89.44241714499992, 29.990300481000077], [-89.44247055099999, 29.989819829000112], [-89.44197082499994, 29.988835637000193], [-89.4410247799999, 29.9881496430001], [-89.43860626199995, 29.987300873000038], [-89.43759918199999, 29.98725700400007], [-89.43678721499998, 29.98737079400007], [-89.43605041499995, 29.98768997200017], [-89.43512725899996, 29.988584518000096], [-89.43476139199993, 29.989224784000157], [-89.43445682099997, 29.98929154200016], [-89.43426132199994, 29.989018743000088], [-89.43433761599988, 29.98631793700008], [-89.43402290299997, 29.984299962000136], [-89.43416590499999, 29.984005076000074], [-89.43486022899998, 29.984319687000095], [-89.43591690099998, 29.984139745000164], [-89.43644714399989, 29.98375129700014], [-89.43706330899988, 29.983660013000076], [-89.44013214099988, 29.98452949500006], [-89.44231414699993, 29.98452949500006], [-89.44344329799992, 29.984987259000093], [-89.44344329799992, 29.985215630000084], [-89.44270953199998, 29.985513036000157], [-89.44270953199998, 29.98583347100015], [-89.44360348199996, 29.985788343000138], [-89.44403076199995, 29.985988616999975], [-89.44418335099988, 29.98585701000019], [-89.44412994399988, 29.985170364000055], [-89.44429016099991, 29.984987259000093], [-89.44865417499994, 29.984025955000163], [-89.45110320999999, 29.983037949000106], [-89.45186614999989, 29.98255538900014], [-89.45336341999996, 29.98106891400016], [-89.45470428499999, 29.97891426100017], [-89.45520782499989, 29.97649192800003], [-89.4549655909999, 29.974835698000106], [-89.45512390099998, 29.97451591500004], [-89.45555877699996, 29.974489212000037], [-89.45581054699994, 29.97301227300011], [-89.45343971399996, 29.971242254000117], [-89.45275497399996, 29.970967595000047], [-89.45154571499995, 29.970872228000076], [-89.4498901369999, 29.969980240000154], [-89.44802093499999, 29.969385147000025], [-89.4482574459999, 29.968881607000128], [-89.44812393199999, 29.967141454000114], [-89.44978332599993, 29.966089248999992], [-89.45038604799998, 29.965375900000083], [-89.45228004499995, 29.962170903000185], [-89.45233344999991, 29.960885350000126], [-89.45212554999995, 29.959833145000175], [-89.45159912199989, 29.95823097200008], [-89.45041656499995, 29.956233978], [-89.4503860769999, 29.955732268000077], [-89.4511737819999, 29.953809087000025], [-89.4516754149999, 29.953235626000094], [-89.45095062299998, 29.95280647300001], [-89.45033320499988, 29.95316821800003], [-89.44875335699999, 29.953535080000165], [-89.44738635099998, 29.954335515000082], [-89.44562396099997, 29.955914800000073], [-89.44520434499998, 29.956467931000134], [-89.44362505999999, 29.959832494000068], [-89.43946838399995, 29.963315964000174], [-89.43815478399995, 29.965356176], [-89.43676757799994, 29.96704673800008], [-89.43578338599997, 29.968929291000165], [-89.43522041699998, 29.96931964600003], [-89.43475409099995, 29.9693157640001], [-89.43403223299993, 29.968912866000153], [-89.43381365799996, 29.96897632200006], [-89.43381365799996, 29.96931964600003], [-89.43489074699988, 29.970373154000185], [-89.43452453599997, 29.97163200400007], [-89.43449839599992, 29.972523992000163], [-89.4353929429999, 29.97415286800009], [-89.43536376999998, 29.974473953000086], [-89.4344711299999, 29.97511482200008], [-89.43476104599989, 29.976327448000063], [-89.43365534799989, 29.976487462000193], [-89.43271860199997, 29.976897361000056], [-89.43141937399992, 29.97545749400001], [-89.43041992199988, 29.97458648700018], [-89.42978668199993, 29.974244420000048], [-89.42760276899998, 29.973508184000025], [-89.42388915999993, 29.973026276000155], [-89.42247447099993, 29.973096196000085], [-89.42176055899995, 29.973421097000028], [-89.42076110799991, 29.97435951200015], [-89.42044695899995, 29.97538882900011], [-89.41979217499994, 29.97541236900014], [-89.4183959959999, 29.973741531000087], [-89.41805267299992, 29.972775762000026], [-89.41800117499992, 29.971700017000103], [-89.41994476299999, 29.971815109000033], [-89.42271423299997, 29.970874786000138], [-89.42323493999999, 29.970395391000125], [-89.42355346699992, 29.969549179000126], [-89.42362976199996, 29.96853637700019], [-89.42292022699996, 29.966866796000147], [-89.42292022699996, 29.966272354000182], [-89.42313384999994, 29.965906143000154], [-89.42395019499992, 29.965379715000097], [-89.42399787899996, 29.96507388800012], [-89.4228819359999, 29.964498159000186], [-89.42255375699995, 29.964943056000152], [-89.42209131999994, 29.965147846000036], [-89.42179071299995, 29.965081858000076], [-89.4200286869999, 29.963497162000067], [-89.41942214999989, 29.963223760000176], [-89.41847419699997, 29.963177983000037], [-89.41779327399996, 29.962833405000083], [-89.41663360599989, 29.96269733200012], [-89.41600227399988, 29.96203357400009], [-89.41568812399993, 29.96203357400009], [-89.41376495399999, 29.9634513850001], [-89.41292437899995, 29.965974150000193], [-89.41121348399997, 29.967072789000042], [-89.41089630099992, 29.967622757000072], [-89.41087206899988, 29.968285863000062], [-89.41144999499994, 29.96954471300012], [-89.41122458099994, 29.971494024000037], [-89.41084289599996, 29.971402471000147], [-89.41069030799997, 29.971128464000117], [-89.41053008999995, 29.969591141000024], [-89.41013526899997, 29.968446080000092], [-89.4100036619999, 29.966821671000048], [-89.40950775199997, 29.96583747900013], [-89.40821838499988, 29.96503257800009], [-89.40508461099995, 29.96377307600011], [-89.40289643999989, 29.963361496000175], [-89.40234812799991, 29.963841741000067], [-89.40211161699989, 29.96432239300003], [-89.40213641299988, 29.965237919999993], [-89.40255737399991, 29.965970992999985], [-89.40268707299998, 29.967069626000068], [-89.4025575629999, 29.96736673700019], [-89.40193826499996, 29.967594182000084], [-89.40134620699996, 29.96665698700008], [-89.40055847199989, 29.966084782999985], [-89.39895629899996, 29.965991974000076], [-89.39723173599998, 29.966335222000055], [-89.39655876099988, 29.966176336000046], [-89.39156341599994, 29.96585083000008], [-89.38879776099998, 29.963494603000072], [-89.3877201069999, 29.962941472000068], [-89.38645935199997, 29.961866379000185], [-89.38569641099997, 29.96147537200011], [-89.3844685769999, 29.961203907000083], [-89.38367136999995, 29.96129352300005], [-89.38251360899989, 29.961705510000115], [-89.38053893999995, 29.962779999000134], [-89.38030242899998, 29.963077545000033], [-89.38027628899994, 29.963971441000126], [-89.37998834999996, 29.964222132000145], [-89.37815694299991, 29.96433765100005], [-89.37772369399988, 29.964219915000058], [-89.37772369399988, 29.963943481000115], [-89.38017272899992, 29.961565018000044], [-89.38048744199995, 29.960488622000184], [-89.3805160519999, 29.95950508100003], [-89.37977790899993, 29.95773822500007], [-89.37977790899993, 29.957097356000077], [-89.37998962399996, 29.956869125000082], [-89.38106536899988, 29.956960678000087], [-89.38154162199993, 29.956662847000075], [-89.38231734499999, 29.956594585999994], [-89.3837247759999, 29.957055394000122], [-89.38451385499991, 29.957124710000187], [-89.3861594299999, 29.956918848000043], [-89.38677653399998, 29.95733005300019], [-89.38767107999996, 29.958451574000037], [-89.38851165699992, 29.959028244000137], [-89.38922119099993, 29.959302902000104], [-89.39014434799992, 29.95939445500011], [-89.39419421199995, 29.959348027000033], [-89.39558848399992, 29.960034673000166], [-89.39585113499999, 29.960378647000027], [-89.3958021069999, 29.960728948000167], [-89.39628601099997, 29.961088181000093], [-89.39721870399995, 29.960404699000037], [-89.39772033799989, 29.959667206000063], [-89.39803504899993, 29.958661382000116], [-89.39803504899993, 29.95799762500019], [-89.39764404399989, 29.957265854000127], [-89.39532661399988, 29.95469791100004], [-89.39206695599995, 29.95206260700013], [-89.38975143399995, 29.949265783000158], [-89.38846588099989, 29.947320938000075], [-89.38791084299999, 29.946744267999975], [-89.38743781999989, 29.946469609000076], [-89.38509750499998, 29.94610339900015], [-89.38357543899991, 29.94516563400009], [-89.37994384799998, 29.943513219000067], [-89.37952423099989, 29.942621230999976], [-89.37907791099991, 29.94012195300013], [-89.37950134299996, 29.939342499000134], [-89.37921142599998, 29.9391155240001], [-89.37907791099991, 29.93838245100011], [-89.37963104199997, 29.93755912800009], [-89.37957769199988, 29.93643739800001], [-89.37976264999992, 29.93558627800013], [-89.37966156099998, 29.934419632000072], [-89.37992286799994, 29.933869664000042], [-89.3798980709999, 29.933504105000054], [-89.37923812899993, 29.933366124000088], [-89.37884521499996, 29.931279485000005], [-89.37840270999993, 29.930410385000073], [-89.37834930399993, 29.929929733000108], [-89.3788223279999, 29.92976951600008], [-89.3792152399999, 29.929333989000156], [-89.3792152399999, 29.928689306000024], [-89.37879371699995, 29.928048436000097], [-89.37790107699999, 29.927636449000033], [-89.37790107699999, 29.92665225700017], [-89.37758640499999, 29.92564565700019], [-89.37763977099996, 29.925416946000155], [-89.37832260099998, 29.924752538000064], [-89.37853431699989, 29.92216235799998], [-89.37950897299999, 29.920720403000132], [-89.37851142899996, 29.918496434000076], [-89.37796020499991, 29.917924230000153], [-89.37690925599998, 29.915929143000028], [-89.37675476099992, 29.913799286000085], [-89.37615203899998, 29.91029548600011], [-89.37550735499991, 29.909081762000028], [-89.37441444399997, 29.907975499000088], [-89.37431335299999, 29.90763282800009], [-89.37451934899997, 29.905339544000014], [-89.3743610379999, 29.904927556000075], [-89.37414550899996, 29.90453338600014], [-89.37341308599991, 29.90389758800012], [-89.37233725299996, 29.903486201000078], [-89.37117767299998, 29.90275317900017], [-89.37080764799998, 29.901952092000045], [-89.37086105299994, 29.89961749800017], [-89.37070465099998, 29.899019241000133], [-89.37012481699998, 29.898172379000073], [-89.37012481699998, 29.897760391000077], [-89.37125396699997, 29.897531509000146], [-89.37170028699995, 29.896798436000154], [-89.37170410199991, 29.89611053500016], [-89.37133026099997, 29.895744324000134], [-89.37104034399988, 29.895744324000134], [-89.37049158799994, 29.89661533000009], [-89.3700962079999, 29.896523778000187], [-89.36978149399988, 29.895380020000005], [-89.36909484899991, 29.894391362000135], [-89.36833190899995, 29.893773381000074], [-89.3683090209999, 29.89345169100011], [-89.36949157699996, 29.892057419000025], [-89.36984530499996, 29.89189937100008], [-89.37059211699989, 29.892537419999996], [-89.37135505699996, 29.891026798999974], [-89.37191009499998, 29.890657424999972], [-89.37247209099996, 29.889996269000164], [-89.37287934099999, 29.890290343000174], [-89.37369537399991, 29.89315605200005], [-89.37395915099995, 29.893475835000118], [-89.37448120099998, 29.893726349000076], [-89.3750597749999, 29.893686382000055], [-89.37535320399996, 29.89425673900007], [-89.37603365699994, 29.891815861999987], [-89.37570142999988, 29.892219525000087], [-89.37504577599998, 29.89219409700013], [-89.37464904799992, 29.892101288000163], [-89.37440490699998, 29.89166766900007], [-89.37429814699993, 29.891137997000158], [-89.37471199099991, 29.89029056300018], [-89.37460327199989, 29.888061523000147], [-89.37411456899997, 29.887983707000103], [-89.37424468999995, 29.888208389000056], [-89.37413787799994, 29.888940811000055], [-89.37435150099992, 29.88985633900012], [-89.37432536199998, 29.89029056300018], [-89.37420682499993, 29.890336339000044], [-89.37397031199998, 29.890336339000044], [-89.3736419679999, 29.89001590500004], [-89.3730621339999, 29.889214818000085], [-89.37151262899994, 29.888848789000065], [-89.3704388509999, 29.887823071000128], [-89.3701444539999, 29.887887304000003], [-89.36943491999989, 29.888551061000157], [-89.3687758179999, 29.888829595999994], [-89.36799988199994, 29.888874904000033], [-89.36647033699995, 29.88844299300007], [-89.36611938499993, 29.888509750000026], [-89.36557006799995, 29.889242172000024], [-89.36549243099995, 29.89001971900018], [-89.36462458699998, 29.889813726000057], [-89.36457061799996, 29.890478134000148], [-89.3648363019999, 29.890660588000173], [-89.36545400299997, 29.890660588000173], [-89.36585998499999, 29.89111900299997], [-89.36662292499994, 29.89155387900007], [-89.36656968799997, 29.891736405000074], [-89.36557006799995, 29.8919200900001], [-89.36351776099997, 29.892791748000093], [-89.36162105099999, 29.89287437400003], [-89.35965728799994, 29.892494202000023], [-89.35902404799998, 29.8921508790001], [-89.35889625499993, 29.891927068000143], [-89.3564987179999, 29.891696930000137], [-89.3562913799999, 29.89206058200017], [-89.35565948499993, 29.895360947000142], [-89.35568865799996, 29.896046941000066], [-89.35613250699998, 29.89677810700016], [-89.35610961899994, 29.897516251000127], [-89.35261401199989, 29.901089971000033], [-89.35240173299997, 29.901571274000162], [-89.35269164999994, 29.902212143000156], [-89.3526674179999, 29.90250903800012], [-89.35190582299992, 29.90262222299998], [-89.35145568799999, 29.90308189400008], [-89.35114288299997, 29.904047012000035], [-89.35109459499995, 29.904814684000144], [-89.3514600659999, 29.906129186000157], [-89.35143279999988, 29.906768799000076], [-89.35111865099992, 29.907391851000114], [-89.35057830799997, 29.907688141000108], [-89.35032844499989, 29.90766650900008], [-89.34959411599988, 29.907367706000173], [-89.3482513429999, 29.906495397000185], [-89.34680613599988, 29.906407659000024], [-89.34588488599996, 29.907185857000115], [-89.3446241289999, 29.90936023400019], [-89.34415110599991, 29.90977222200013], [-89.34209823599997, 29.910096471000088], [-89.34186172499994, 29.90995914200016], [-89.34175872799995, 29.909479141000133], [-89.34325408899997, 29.90814781200004], [-89.34391212499997, 29.906956975000185], [-89.34509468099992, 29.90368015000007], [-89.34590911899988, 29.902650833000052], [-89.34660447799996, 29.90218934300009], [-89.34712219199992, 29.902231216000075], [-89.34732934699991, 29.901868723000177], [-89.34772491499996, 29.90193748500019], [-89.34780120799996, 29.902372360000186], [-89.34801483199999, 29.90248489400011], [-89.34854125999999, 29.901479721000157], [-89.35037994399988, 29.89920806900011], [-89.35092925999999, 29.898019791000024], [-89.35145568799999, 29.896211624000102], [-89.35137939499998, 29.89579582200014], [-89.35057067899999, 29.895484924000186], [-89.35031217899996, 29.894775049000145], [-89.34927424499989, 29.895982091000178], [-89.34870910599994, 29.89609527600004], [-89.34798431399992, 29.89556884800004], [-89.34745788599997, 29.89488345800015], [-89.34609222399996, 29.893644333000054], [-89.34471655599998, 29.89335588100016], [-89.34428890399988, 29.893526639000072], [-89.34349060099998, 29.893167496000103], [-89.34217256699992, 29.893166551000093], [-89.34227943399998, 29.89259464000014], [-89.34259414699989, 29.892087285000173], [-89.34254455599995, 29.891103745000123], [-89.34269905099995, 29.890508001000057], [-89.3438568119999, 29.88906288100003], [-89.34453582799995, 29.88911247300007], [-89.34487914999994, 29.889410018999968], [-89.34506225599989, 29.88995933500013], [-89.34542630199991, 29.890116053000156], [-89.34640502899998, 29.889982224000164], [-89.3466949459999, 29.889839172000052], [-89.34638214099988, 29.889015198000095], [-89.34638214099988, 29.8886051180001], [-89.34664154099994, 29.888353348000066], [-89.34856414799992, 29.888330460000077], [-89.34924316399997, 29.88817024200017], [-89.35144996599996, 29.886998479000113], [-89.3520545959999, 29.885945623000055], [-89.35366058299991, 29.88452720600003], [-89.35423469599988, 29.88319522600011], [-89.35423469599988, 29.882603948000053], [-89.35405158999993, 29.88234836300012], [-89.35305213899994, 29.88195926400016], [-89.35223770199997, 29.88127261900013], [-89.35181617799998, 29.880585973000166], [-89.35147857699997, 29.879558563000046], [-89.34779998699997, 29.878802129000178], [-89.34753111599991, 29.879143819000035], [-89.34725553099992, 29.879233234000026], [-89.34607887899995, 29.878940397000065], [-89.3456922439999, 29.879052463999983], [-89.34458788899991, 29.879967992000104], [-89.34319305399998, 29.882213593000188], [-89.34219360399999, 29.883016586000053], [-89.34206390399999, 29.883268356000144], [-89.34206390399999, 29.8843650820001], [-89.3414350409999, 29.885857885000064], [-89.34006937999999, 29.88629276000006], [-89.33878001299996, 29.887551610000116], [-89.33850534899989, 29.88761785700001], [-89.33838653599992, 29.88723182700005], [-89.3387794489999, 29.886704747000124], [-89.33983612199995, 29.88581085200019], [-89.34033203099995, 29.885055542000032], [-89.34067153999996, 29.882397954000055], [-89.34051513799994, 29.88191604600013], [-89.33925628699996, 29.880201340000042], [-89.33889837499999, 29.879430998000032], [-89.33832549999994, 29.87932014500001], [-89.33797456199994, 29.87942098100001], [-89.33772659399995, 29.87925845800015], [-89.33759498599989, 29.878045385000064], [-89.33730506999996, 29.877702062000026], [-89.33733367899993, 29.87729072600007], [-89.33877754199995, 29.876305883000043], [-89.33896636999992, 29.875589371000103], [-89.33886146499998, 29.875176732000114], [-89.33823394799998, 29.874467850000087], [-89.33728408699994, 29.87419254000008], [-89.33447104099997, 29.873917923000135], [-89.33289337199989, 29.873231888000134], [-89.33213290299994, 29.873277013000063], [-89.33043817199996, 29.87384735000012], [-89.32955551099997, 29.873620336000158], [-89.32890319799998, 29.872774124000102], [-89.32892608599991, 29.87231636000007], [-89.32939910899995, 29.871583939000118], [-89.32977676399997, 29.871392553000135], [-89.32923889199992, 29.870737076000125], [-89.32755660999993, 29.87073642500019], [-89.32776826399993, 29.870461812000087], [-89.32868957499988, 29.870136261000084], [-89.32858276399992, 29.86974841800003], [-89.32810974099988, 29.869680404999997], [-89.32524546799993, 29.87126285300002], [-89.32098487899992, 29.873139900000183], [-89.32019805899995, 29.873139683999966], [-89.32019805899995, 29.872774124000102], [-89.32111740099998, 29.871926610000173], [-89.32298278799993, 29.871126175000086], [-89.32487487899994, 29.869703293000157], [-89.32521820099998, 29.86913108800013], [-89.32587432899999, 29.868879318000097], [-89.32632446299993, 29.86796379100008], [-89.32667687399999, 29.86780450300006], [-89.32745361299993, 29.86798477200017], [-89.32860755899992, 29.86764270499998], [-89.32902908299991, 29.86718494200005], [-89.3290023799999, 29.866818731000023], [-89.32850646999992, 29.866289139000116], [-89.32847602599998, 29.865899336000098], [-89.33002662699994, 29.865075413000056], [-89.33029174799992, 29.864664078000033], [-89.3302097319999, 29.863519017000044], [-89.32968902599998, 29.862924576000125], [-89.32958221399991, 29.862485886000115], [-89.32916259799993, 29.862123489000055], [-89.32837676999992, 29.861940384000093], [-89.32674273399994, 29.862008397000125], [-89.32576751699997, 29.862167358000193], [-89.32532501199995, 29.86244201700009], [-89.32518768299997, 29.86264991800016], [-89.32524108899992, 29.863016129000187], [-89.32616290099998, 29.86361057000005], [-89.32616290099998, 29.863793676000114], [-89.32308959999989, 29.865901947000054], [-89.32149724499993, 29.866269414000158], [-89.31875094499992, 29.866383855000095], [-89.31629087299996, 29.867343858000027], [-89.31551361099991, 29.86707305900012], [-89.31525421099997, 29.867551804000186], [-89.31483515799994, 29.86784869900015], [-89.31413843199994, 29.86800746600005], [-89.31218012999989, 29.86794025200004], [-89.31083679099993, 29.868169785000077], [-89.3103929429999, 29.868489567999973], [-89.30985349499997, 29.868602759000055], [-89.30973815899989, 29.868488312000068], [-89.30970764199998, 29.867436712000085], [-89.30952453599991, 29.86718494200005], [-89.30818366999989, 29.866864507000116], [-89.3080825809999, 29.866292953000027], [-89.30754852299992, 29.866157532000102], [-89.30731829699988, 29.86629230200009], [-89.30673980799997, 29.867345810000018], [-89.30668640099992, 29.867712021000045], [-89.30786895899996, 29.86851310700007], [-89.30889584099992, 29.86858156600016], [-89.3089447019999, 29.86871719400017], [-89.30799865699998, 29.86927223200007], [-89.30676269499992, 29.871789932000013], [-89.30626734799989, 29.872178380000037], [-89.30419024499997, 29.87312061000017], [-89.30348884999995, 29.873230257000102], [-89.30313860599989, 29.873121165000157], [-89.30284881599994, 29.87289238000011], [-89.3029804229999, 29.87224704500011], [-89.30413818399995, 29.871675491000076], [-89.30508232099999, 29.87091953000015], [-89.30613708599992, 29.870897293000155], [-89.30663299599996, 29.870347976999994], [-89.30650329599996, 29.869729345000167], [-89.30505371099991, 29.868762970000034], [-89.30374336199998, 29.86869556200014], [-89.30282592799989, 29.868169785000077], [-89.30098208499993, 29.868214910000177], [-89.30019434999991, 29.868832891000068], [-89.2998894289999, 29.86887744800009], [-89.29977416999998, 29.867460251000182], [-89.29935320899989, 29.867528264000043], [-89.29890441899988, 29.86867332500003], [-89.29932403599997, 29.868997574000105], [-89.29932403599997, 29.8694324490001], [-89.2985368649999, 29.870850866000126], [-89.29832458499993, 29.87160682700005], [-89.29866790699992, 29.872110367000175], [-89.29961395299995, 29.872934341000132], [-89.29964121899991, 29.873231237000027], [-89.29864367499988, 29.8737614800001], [-89.2955932619999, 29.873691559000065], [-89.29488372899993, 29.87348682100003], [-89.29151916499995, 29.869843785000057], [-89.29062652599993, 29.86913108800013], [-89.2892856599999, 29.868581121000034], [-89.28739166399998, 29.868192022000073], [-89.28607940699993, 29.867436712000085], [-89.28607940699993, 29.867094040000154], [-89.28634039499991, 29.866841926000063], [-89.28752899199998, 29.86645317100016], [-89.28768157999997, 29.865853612000024], [-89.2872161869999, 29.86555671700006], [-89.28681620599997, 29.865578954000057], [-89.2863679809999, 29.865899389000163], [-89.28610667399988, 29.866452519999996], [-89.28560638399995, 29.866659164000055], [-89.28542193499999, 29.867230718000087], [-89.28558024599994, 29.86789447500007], [-89.28514708499995, 29.868167105000055], [-89.28421198299998, 29.86789591200005], [-89.28341116299998, 29.868167434000156], [-89.28321266199998, 29.868100469000012], [-89.28299713099989, 29.867036819000134], [-89.2823715209999, 29.86700248700015], [-89.2817916869999, 29.869863510000187], [-89.28158434899996, 29.870183294000128], [-89.28100642199996, 29.870686834000082], [-89.27956065199993, 29.871327703000077], [-89.27848215699998, 29.871697825000126], [-89.27752140599989, 29.871807826000122], [-89.2754058839999, 29.871395110000037], [-89.27301406899988, 29.871144597000182], [-89.27104186999998, 29.871304815000144], [-89.27068331499999, 29.870909892000043], [-89.27080535899995, 29.86977130600019], [-89.27191162199989, 29.867454529000042], [-89.2718849179999, 29.86656314600009], [-89.27157020599998, 29.865784948000055], [-89.27169990499999, 29.865117376000057], [-89.27117919899996, 29.864088058000164], [-89.27146911599988, 29.863834381000004], [-89.27146911599988, 29.86289787300018], [-89.2707824709999, 29.862302129000057], [-89.27003389099997, 29.862302129000057], [-89.26981353799994, 29.86214256300019], [-89.26996803299994, 29.860650365000026], [-89.26936340299989, 29.85959750900014], [-89.26947021499996, 29.85806018599999], [-89.26936531099989, 29.857373540000026], [-89.2688674929999, 29.8565959930001], [-89.2688674929999, 29.856136322000168], [-89.26907501699992, 29.8559548020001], [-89.26957568199998, 29.8559773610001], [-89.27041625999999, 29.85721397400016], [-89.27104815499996, 29.85778934200016], [-89.27184132199994, 29.857994176000034], [-89.27239227299998, 29.85774421700006], [-89.27291297899995, 29.857125585000063], [-89.27333450299994, 29.85632068400014], [-89.27378082299992, 29.85471916200015], [-89.27417755199997, 29.85433006300019], [-89.27463733499991, 29.854284389000156], [-89.27530670299996, 29.854673386000115], [-89.27669962899995, 29.85492450400011], [-89.27709197999997, 29.85517501800001], [-89.27816772499989, 29.856439590000036], [-89.2787475589999, 29.856805801000064], [-89.28009033199999, 29.85719490100007], [-89.28108978299991, 29.857103348000066], [-89.28169250499997, 29.85673713700004], [-89.28295326199998, 29.85550052400015], [-89.2833095279999, 29.855455802000165], [-89.28347778299997, 29.855592728000147], [-89.28350504899998, 29.856095617000108], [-89.28416308399989, 29.856759374000035], [-89.28432139399996, 29.85778934200016], [-89.28463610799997, 29.858201329000053], [-89.28536987299992, 29.858636856000146], [-89.28687067299995, 29.85877773700014], [-89.28818511999998, 29.85925865200005], [-89.28924574799998, 29.85921292400019], [-89.29102325399998, 29.859739304000016], [-89.29282300999995, 29.859739304000016], [-89.2930189039999, 29.86005908700014], [-89.29304504399994, 29.860746384000038], [-89.29415017199989, 29.861249536000116], [-89.29433306699991, 29.861478153999997], [-89.29422759999989, 29.86221476000003], [-89.29391345099992, 29.862420385000064], [-89.29299163899992, 29.862420385000064], [-89.29182189899996, 29.861304224000037], [-89.29159983699998, 29.861386602000096], [-89.2908100329999, 29.862443575000043], [-89.29004859899999, 29.862420385000064], [-89.28921508899992, 29.86152839700003], [-89.28862762499989, 29.861867905000054], [-89.28794726399991, 29.862901036000153], [-89.28746116399992, 29.863082168000062], [-89.28726196299988, 29.862992588999987], [-89.28710365299992, 29.862145725999994], [-89.28592300399993, 29.86179858900016], [-89.28540039099988, 29.861797333000027], [-89.28492411699989, 29.862164800000187], [-89.28479003899992, 29.86269187900018], [-89.28484344499998, 29.862947464000115], [-89.28636988699998, 29.864182775000074], [-89.28707122799995, 29.864614487000097], [-89.28777596699996, 29.864527182000074], [-89.28802490199996, 29.86473274200017], [-89.28833770799991, 29.865694046000158], [-89.28872532899999, 29.86596883800013], [-89.28899574299999, 29.865922277000095], [-89.28902435299995, 29.865766525000026], [-89.28889465299989, 29.864433289000033], [-89.28997039899991, 29.863953893000144], [-89.29080963099989, 29.863176346000046], [-89.29121903499993, 29.86310844600007], [-89.29159983699998, 29.863656347000017], [-89.29191398599994, 29.863656347000017], [-89.29293894699993, 29.863107573000093], [-89.29355839199997, 29.863016569000024], [-89.29380798299991, 29.863153458000056], [-89.29388428099992, 29.8659455290001], [-89.2933733029999, 29.866085012000156], [-89.29167402699989, 29.86571827800003], [-89.29102000399996, 29.86612826999999], [-89.29096850399998, 29.866544072000124], [-89.29188537599998, 29.86739158600011], [-89.2919145489999, 29.867963140000143], [-89.29224395699998, 29.868255615000066], [-89.29548835799994, 29.86695606000012], [-89.29682922399996, 29.86691093400009], [-89.29882812499994, 29.866086960000132], [-89.30002448499994, 29.865789861000167], [-89.30043029799992, 29.865880966000134], [-89.30108642499994, 29.866476059000092], [-89.30155181899988, 29.866632462000155], [-89.30368041999998, 29.866338729999995], [-89.30456677199993, 29.866450180000186], [-89.30600133999991, 29.865674477000027], [-89.30718612699997, 29.865304296000033], [-89.30801391599988, 29.864755630000104], [-89.30876159699994, 29.864824295000062], [-89.3095092769999, 29.865442276000124], [-89.31090728599992, 29.864848615000085], [-89.31107768099997, 29.8649838610001], [-89.31130981399991, 29.866199493000124], [-89.31187439099995, 29.866561890000185], [-89.31325634999996, 29.865716882000072], [-89.31363677999991, 29.865697861], [-89.31485590799997, 29.86638099700008], [-89.31517791699997, 29.866338729999995], [-89.31562233099999, 29.865994756000134], [-89.31641387999991, 29.864622116000078], [-89.31711861799994, 29.864045835000127], [-89.31780242899998, 29.86411285400004], [-89.31775340099989, 29.864735906000078], [-89.31798553499999, 29.86496353100017], [-89.31842040999993, 29.86494255100007], [-89.31880093399997, 29.86516780000011], [-89.31916999899994, 29.865033452000034], [-89.31890869199992, 29.863677979000045], [-89.31958961499993, 29.863061254000115], [-89.31972503699996, 29.86244201700009], [-89.31961822499994, 29.861503601000095], [-89.31827545199991, 29.860607147000167], [-89.31717681899988, 29.86015129100008], [-89.31667384199994, 29.860173528000075], [-89.31612261799995, 29.86042529800011], [-89.31596374599997, 29.861024857000075], [-89.31827545199991, 29.863130569000077], [-89.31743678099997, 29.86326724700018], [-89.31714686399988, 29.86354190600008], [-89.3168464069999, 29.86358607799997], [-89.31651306199996, 29.86326599100005], [-89.3160629269999, 29.863224030000083], [-89.31517657299992, 29.863725011000042], [-89.31477002599996, 29.864480320999974], [-89.31375694299999, 29.86409122200007], [-89.31315287599995, 29.864205663000178], [-89.31230930299995, 29.865533744000004], [-89.31201003099994, 29.86560340200009], [-89.31157684399989, 29.86418342600001], [-89.31163024899996, 29.863771439000118], [-89.31181335499991, 29.863565445000177], [-89.31267929099988, 29.863290136000046], [-89.31304931599999, 29.862947464000115], [-89.31304931599999, 29.862648009999987], [-89.31275939899996, 29.86237525900009], [-89.31199645999999, 29.862236023000094], [-89.31078338599997, 29.862947464000115], [-89.31078776399988, 29.86326724700018], [-89.31107768099997, 29.863679235000177], [-89.31099710599989, 29.864091392000034], [-89.31074702899997, 29.864182775000074], [-89.31023406999992, 29.863998413000104], [-89.3098926539999, 29.863198583000155], [-89.30930653899998, 29.863063947000057], [-89.3075688589999, 29.863860165000006], [-89.30668640099992, 29.863311768000017], [-89.30587105599994, 29.863060306000193], [-89.30561065799998, 29.862237930000163], [-89.30495071399992, 29.861390416000063], [-89.30490112299998, 29.86097526600014], [-89.30513763399995, 29.860036850000142], [-89.30508422899999, 29.85864067100016], [-89.3053207399999, 29.85820579500006], [-89.30623905799996, 29.857656274000192], [-89.30720230399999, 29.857587638000155], [-89.30867004399994, 29.857860565000124], [-89.30923461999998, 29.85774803200013], [-89.31047058099995, 29.857244492000007], [-89.31092071499995, 29.85690116900014], [-89.31199645999999, 29.855638504000183], [-89.31294059799995, 29.855912511000042], [-89.31320381299997, 29.855569188000118], [-89.31394195599995, 29.853326797000136], [-89.31420326199998, 29.85295993500017], [-89.31460969099993, 29.85284683600014], [-89.31525286699997, 29.85295993500017], [-89.31649017399991, 29.853601456000035], [-89.31835612299994, 29.854813878000186], [-89.31911468499999, 29.85593605000014], [-89.31919726399991, 29.858365361000153], [-89.31951141499997, 29.85886955300009], [-89.32103594799997, 29.860104863000174], [-89.32182311999992, 29.860517502000107], [-89.3233871459999, 29.860813141000165], [-89.32647705099998, 29.86001396200004], [-89.32784271199989, 29.859395981000148], [-89.32840955299997, 29.859305252000183], [-89.33020782499989, 29.860448837000035], [-89.33091735799991, 29.860723495000002], [-89.33160400499997, 29.860723495000002], [-89.33280181899994, 29.86033439600004], [-89.33329772899998, 29.86033439600004], [-89.33457183799993, 29.8612995150001], [-89.33475494399994, 29.862051010000187], [-89.33507212799998, 29.86234790500015], [-89.33507212799998, 29.86314899200005], [-89.33604487499997, 29.863286321000146], [-89.33946228099995, 29.864660263000133], [-89.33962115299994, 29.865739171000087], [-89.34017181399992, 29.866724014000113], [-89.34024536499999, 29.867421989000036], [-89.34138107299998, 29.86728793800006], [-89.34148498199994, 29.867218666000156], [-89.34106635999996, 29.86718112699998], [-89.34082984899993, 29.86695224500005], [-89.34043884399989, 29.866012573000148], [-89.34017181399992, 29.864475249999998], [-89.33964538599997, 29.863744085000178], [-89.33812141399994, 29.86296588600004], [-89.33693885799994, 29.86264545200015], [-89.33764839199995, 29.861615483000094], [-89.3378829959999, 29.8606319430001], [-89.33877563599998, 29.8603992460001], [-89.33982849099993, 29.86035281900007], [-89.34055165799992, 29.859872167000105], [-89.34139251699997, 29.859983444000136], [-89.34203529399991, 29.8597806140001], [-89.34308624399995, 29.85884219900015], [-89.34363993699992, 29.858796422000182], [-89.34458598199996, 29.860879247000128], [-89.3459243769999, 29.86239051800004], [-89.3468213939999, 29.862782781000078], [-89.34800720199996, 29.86305427600007], [-89.34984606599994, 29.863279420000026], [-89.3522245119999, 29.86298613000008], [-89.35234069799998, 29.86305427600007], [-89.3522448359999, 29.863224482000078], [-89.35520362899996, 29.86254245500004], [-89.35536193799999, 29.86183738700015], [-89.35699081499996, 29.86076099100012], [-89.35704421999992, 29.860577886000158], [-89.35684730299988, 29.860491958000125], [-89.3544311519999, 29.861743927000077], [-89.35410266199989, 29.86172239700005], [-89.35399645799998, 29.861516785000106], [-89.35441589499999, 29.861127853000085], [-89.35607147199988, 29.860303879000128], [-89.35651779199998, 29.859731023000165], [-89.35649108899997, 29.858975713000177], [-89.35610204199997, 29.858089317000008], [-89.35624098699998, 29.857507793000025], [-89.35659740299991, 29.857530556000086], [-89.35722788899994, 29.857987706000074], [-89.35780525199993, 29.85787326500008], [-89.35780525199993, 29.85748416600012], [-89.35733032199988, 29.85695773800012], [-89.35730743299996, 29.856615067000064], [-89.35806655899995, 29.855698888000063], [-89.35806465099989, 29.855401341000004], [-89.35727702299994, 29.85455096600009], [-89.35780334499992, 29.852605820000065], [-89.35756683299991, 29.852191925000056], [-89.35685539199994, 29.85180408200017], [-89.35446357799992, 29.851552312000138], [-89.35333442699994, 29.85111743700014], [-89.3535175319999, 29.850568120000048], [-89.35478210399998, 29.849424362000093], [-89.35648536699995, 29.848367040000028], [-89.35827163099998, 29.84768066900017], [-89.36058807399996, 29.847379684000032], [-89.36394691499993, 29.846463506000077], [-89.36457824699988, 29.846143723000182], [-89.36502935899989, 29.84567507300011], [-89.36560227599995, 29.844400237000173], [-89.36607360799997, 29.84453582800012], [-89.36673736699998, 29.845247269000083], [-89.3673706049999, 29.845268250000117], [-89.3694381709999, 29.844881058000055], [-89.37219810499994, 29.84473926300018], [-89.37314605699993, 29.844282150000083], [-89.37438201899988, 29.843137741000135], [-89.37504708199992, 29.842794076000075], [-89.37616729699988, 29.84250068700004], [-89.38018798899992, 29.84217960100011], [-89.38231658899991, 29.841607396000086], [-89.38318633999995, 29.84121704100005], [-89.38410377499991, 29.840531652000095], [-89.38542175299989, 29.839204788000075], [-89.38584136999998, 29.83899879500018], [-89.38645928099993, 29.83886192200015], [-89.38733920099992, 29.839089696000144], [-89.38925608699998, 29.84034854600003], [-89.38980865499997, 29.840536118000102], [-89.39093780499996, 29.84051257800013], [-89.39154243499996, 29.84026080800004], [-89.39177894599999, 29.839982335000002], [-89.39183235199988, 29.839387242999976], [-89.39162063599997, 29.838700597000184], [-89.39122772199988, 29.83817291300005], [-89.39083099399988, 29.838012695000145], [-89.38731226899989, 29.83776220499999], [-89.38673400899995, 29.83752948500012], [-89.38576507599998, 29.83695793200019], [-89.38311004599996, 29.83397800200015], [-89.3825073239999, 29.833131790000152], [-89.38234901399994, 29.83184940100017], [-89.38243102999996, 29.830888748000177], [-89.38185119699989, 29.830060308000043], [-89.38182830799997, 29.829580307000185], [-89.38214111299999, 29.829167669000128], [-89.38376998899992, 29.828801458000157], [-89.38505736499997, 29.82751978300007], [-89.3867024839999, 29.827291548000062], [-89.3872909559999, 29.827455521000047], [-89.3875547319999, 29.82770663900004], [-89.38810595599995, 29.828599279000173], [-89.38852557199993, 29.829766576000054], [-89.38961791999998, 29.83008575400015], [-89.39061609099997, 29.830064801000105], [-89.39123209899998, 29.830361669000183], [-89.39120521299998, 29.8308462170001], [-89.39009857099995, 29.83144187900018], [-89.39004954399991, 29.83171588600004], [-89.39020538299991, 29.83187675500011], [-89.39088666099997, 29.831716457000027], [-89.39153289799998, 29.831693649000044], [-89.39209131099994, 29.831873870000152], [-89.39454078699998, 29.831624334000082], [-89.39501380899998, 29.831281011000044], [-89.39504241899994, 29.830778122000083], [-89.39548683299995, 29.830159490000028], [-89.39700738599998, 29.829702427000143], [-89.39766693099995, 29.82931327800003], [-89.39908599899991, 29.829244614000004], [-89.40053558299996, 29.8288555150001], [-89.40268707299998, 29.827436447000082], [-89.40326690699999, 29.826402664000057], [-89.40362038299992, 29.826357405000124], [-89.40394592299998, 29.827251434000118], [-89.4048385619999, 29.827436447000082], [-89.40539550799991, 29.82819175700007], [-89.40576171899994, 29.82819175700007], [-89.40718078599991, 29.82720756500015], [-89.40974426199995, 29.827093123999987], [-89.41046142599993, 29.827230453000084], [-89.41064890899997, 29.827412908000156], [-89.4106750489999, 29.827756882000017], [-89.4102142559999, 29.828120110000043], [-89.40909933599994, 29.827574056000174], [-89.40849304199998, 29.827594757000043], [-89.40825653099995, 29.827915192000148], [-89.40843963599997, 29.82855796800004], [-89.40896606399991, 29.829061508000166], [-89.41040801999998, 29.829175949000103], [-89.41140937799992, 29.82880908700014], [-89.41188240199989, 29.82821399400018], [-89.41191101099997, 29.827756882000017], [-89.41151428199998, 29.827275579000116], [-89.4088897709999, 29.826221466000163], [-89.40865325899989, 29.825857162000034], [-89.40892835599999, 29.82560738500007], [-89.41055975199998, 29.825923021000108], [-89.41330146799999, 29.825284307000175], [-89.41372299199998, 29.822213475000126], [-89.41346016599988, 29.8220534940001], [-89.41487884499992, 29.820543289000113], [-89.41571998599989, 29.818845098000054], [-89.41750717199989, 29.8181355640001], [-89.41782379199998, 29.817792892], [-89.41787338299991, 29.817242925000073], [-89.41771697999991, 29.817082708000044], [-89.41662327299997, 29.817195948000176], [-89.41627120999993, 29.817059819000008], [-89.41598510699998, 29.81664657600004], [-89.4160079959999, 29.816164017000176], [-89.41644292099994, 29.816053992000036], [-89.41800689699994, 29.816259384000148], [-89.41881999099996, 29.816808049000144], [-89.4197927379999, 29.817197149000037], [-89.42066058199993, 29.818089788000066], [-89.42149094899992, 29.819728734000137], [-89.42260742199994, 29.81895256000007], [-89.42018508899997, 29.816853826000113], [-89.42052841199995, 29.816052738999986], [-89.42018508899997, 29.814835851000055], [-89.41986084099995, 29.814725876000068], [-89.41947802599998, 29.81488162700009], [-89.41875320799988, 29.81492692400019], [-89.41820526099991, 29.814769745000092], [-89.41757025399988, 29.814902984000184], [-89.41687011699992, 29.81447219800009], [-89.41666412399996, 29.814561844000025], [-89.41656168999992, 29.814973180000152], [-89.41624450599994, 29.815223694000053], [-89.41537913399992, 29.815499608000152], [-89.41423543799993, 29.815545053000108], [-89.41390990899998, 29.81543160300015], [-89.41364479099997, 29.814515416000063], [-89.41222572299989, 29.81412631700016], [-89.40860176099989, 29.813691442000106], [-89.40723609899999, 29.81298190800004], [-89.40622703999998, 29.81306964600003], [-89.40623664899994, 29.812634770999978], [-89.40645598899988, 29.812307353999984], [-89.40697479199991, 29.811834335000015], [-89.4078979489999, 29.811445236000054], [-89.40776061999992, 29.811192815000084], [-89.40303477299989, 29.812039678000076], [-89.4010320569999, 29.812226598000052], [-89.40235003499998, 29.813321416000065], [-89.40261077899999, 29.813869476000093], [-89.40255737399991, 29.814327240000125], [-89.40177154499997, 29.814236943000026], [-89.39943695099993, 29.81313896200004], [-89.39738464399994, 29.81245166500014], [-89.39620208699995, 29.812520980999977], [-89.39425659199992, 29.813434601000097], [-89.39180611699993, 29.81384642600017], [-89.39019012499989, 29.813592911000057], [-89.39000701999993, 29.81338691700006], [-89.39000701999993, 29.81304359400019], [-89.39050292999997, 29.811967199000037], [-89.3892936709999, 29.812196080000035], [-89.3891372679999, 29.81194431000017], [-89.38921546899991, 29.810960119000185], [-89.38882547399999, 29.810801859000037], [-89.38683580199995, 29.8111159070001], [-89.3854370119999, 29.810865402000047], [-89.38443756099991, 29.810338974000047], [-89.38393783599997, 29.80887347900017], [-89.38330841099992, 29.8082561490001], [-89.38288688699993, 29.80806857800013], [-89.3806835609999, 29.807748648000086], [-89.37968444799992, 29.807313919000137], [-89.37837219199997, 29.806190491000052], [-89.3776874539999, 29.805913274000147], [-89.37567561099996, 29.806164281000008], [-89.37539672899999, 29.806050603000017], [-89.37535858199993, 29.805522919000055], [-89.37552795199991, 29.80536431600018], [-89.37755584699994, 29.80515796400016], [-89.37810707199998, 29.804883306000193], [-89.37823867799995, 29.804082219000065], [-89.37758636499996, 29.803350449000106], [-89.3766098019999, 29.803047180000135], [-89.37504768399998, 29.802842443000145], [-89.37233027599996, 29.802842443000145], [-89.37185668899991, 29.803115845000036], [-89.37185668899991, 29.8035278320001], [-89.37212237399996, 29.803826635000064], [-89.37212237399996, 29.80410129300003], [-89.37168759099995, 29.804237029999967], [-89.37023028399989, 29.804124181000134], [-89.36894282399999, 29.804925266999987], [-89.36856079099988, 29.805063248000124], [-89.3682327269999, 29.804924011000082], [-89.36791992199988, 29.80453681900019], [-89.36707496599996, 29.80243045499998], [-89.36568450999994, 29.80057716400006], [-89.36568450999994, 29.800233841000136], [-89.36615371699992, 29.79993564299997], [-89.36454357899993, 29.799080669000148], [-89.36386871399998, 29.800691605000168], [-89.36379243799996, 29.80204195099998], [-89.36358407999995, 29.80226925000005], [-89.36315154999994, 29.80231857800004], [-89.36268806599998, 29.80176669800005], [-89.36169052099996, 29.80114871700016], [-89.36114288899995, 29.799939323000103], [-89.35977172899999, 29.800233841000136], [-89.35840606699998, 29.800970078000034], [-89.35629272499989, 29.801609039000084], [-89.35570144799993, 29.8012898610001], [-89.35517883399996, 29.80010032700011], [-89.35260772799995, 29.799413681000146], [-89.35108050399998, 29.799504583000044], [-89.34948730499991, 29.799915313999975], [-89.34675598099989, 29.79959678600011], [-89.34541777799996, 29.799872952000044], [-89.34383392299998, 29.799322128000142], [-89.34271244199994, 29.799575541000024], [-89.34241104199992, 29.79948550900002], [-89.34230804399994, 29.79911613500002], [-89.34346008299997, 29.79838371300019], [-89.34403991699998, 29.797582626000064], [-89.34427642799989, 29.796756744000106], [-89.34427642799989, 29.79604911800004], [-89.34409332299992, 29.79574966400014], [-89.34359168999993, 29.795289342000046], [-89.34004592899998, 29.794442479000054], [-89.33886718799988, 29.793825150000032], [-89.33878326499996, 29.793024063000132], [-89.3391036989999, 29.792566299000043], [-89.34007263199999, 29.79192543000005], [-89.34007263199999, 29.791444778000084], [-89.33828735399999, 29.788785934000032], [-89.33707618699992, 29.78766376200008], [-89.33303070199997, 29.785261154000068], [-89.33166313199996, 29.78468829800005], [-89.33093261699992, 29.784595490000015], [-89.32795746299996, 29.784415058000036], [-89.32552012499991, 29.78530627900011], [-89.32425689699994, 29.78601646400017], [-89.32381304799998, 29.786496465000027], [-89.32357653699995, 29.787850682000055], [-89.3230520159999, 29.788605993000147], [-89.32213592499994, 29.788469314999986], [-89.32171058699993, 29.788079563999986], [-89.32110595699999, 29.78672534700013], [-89.31992530899993, 29.786404912000023], [-89.31969020299994, 29.786062662999996], [-89.31916483899988, 29.786084478000134], [-89.31753596399994, 29.78659183200017], [-89.31299265899997, 29.787278478000133], [-89.31238555899995, 29.78759956400006], [-89.31023406999992, 29.7895221710001], [-89.30952453599991, 29.790739059000032], [-89.3094449909999, 29.791516607000062], [-89.30831583999992, 29.792867009000076], [-89.30813273499996, 29.79339343800001], [-89.30813273499996, 29.79440051800003], [-89.30831583999992, 29.794995610000058], [-89.30821093699996, 29.796304052000153], [-89.30705261199995, 29.798593521000157], [-89.30634812499989, 29.79925599900008], [-89.30578613299997, 29.799261093000155], [-89.30500849799989, 29.79964572600005], [-89.30385264399996, 29.800496404000114], [-89.30062103399996, 29.801204681000172], [-89.29916134799998, 29.801959791000115], [-89.29830932599992, 29.80179977400013], [-89.29783630399999, 29.801389043000142], [-89.2970733649999, 29.80116016100004], [-89.29578399799999, 29.801115036000112], [-89.29176768299993, 29.801801030000036], [-89.29013880799988, 29.80253345200009], [-89.28850993199995, 29.803769414000044], [-89.28703936599993, 29.804341619000013], [-89.28562029999995, 29.805508916000065], [-89.28388651899996, 29.805966680000097], [-89.28128489499989, 29.80736667400015], [-89.27931213499988, 29.808786392000172], [-89.27806854199997, 29.809356689000026], [-89.27755656899996, 29.809335106000105], [-89.27723884599993, 29.809060399000032], [-89.2774505619999, 29.80837440500011], [-89.27742767399997, 29.807870864999984], [-89.27713394099999, 29.807271306000075], [-89.27776527499998, 29.806332891000125], [-89.2779769899999, 29.80550766000016], [-89.2779769899999, 29.804479599000103], [-89.27776527499998, 29.80351764400018], [-89.27697944599998, 29.802529638000124], [-89.27721404899995, 29.801728551000167], [-89.2778854369999, 29.80156898500013], [-89.28068217299995, 29.802506749000088], [-89.28189086899994, 29.80269432100016], [-89.28231048599991, 29.803564072000086], [-89.28331050099996, 29.803929631000074], [-89.28478240999999, 29.80347251900008], [-89.28719711299993, 29.802029911999966], [-89.29008674699992, 29.800034826000115], [-89.29250335699999, 29.797723770000005], [-89.29342651399998, 29.79710578900017], [-89.29466247499988, 29.79543113700015], [-89.2951831819999, 29.793233220000104], [-89.29557800299989, 29.792798996000045], [-89.29665374799998, 29.79245185900004], [-89.2968673709999, 29.792221069000107], [-89.29673385599995, 29.791375463000122], [-89.2961826319999, 29.789864843000032], [-89.2961826319999, 29.78897220300007], [-89.29641914399997, 29.788602178000076], [-89.29752349999995, 29.78784370400001], [-89.29707527199997, 29.786496465000027], [-89.29743020699993, 29.78638510800016], [-89.29799517699996, 29.787068670000053], [-89.29823168799999, 29.78872043299998], [-89.2980728149999, 29.7892913820001], [-89.29830169699994, 29.789449692000062], [-89.29879736899989, 29.789385249000134], [-89.29915046799988, 29.78954440800004], [-89.29930877699996, 29.789384842000175], [-89.29933357199997, 29.788697545000048], [-89.29996490499997, 29.788216893000083], [-89.29998969999997, 29.787827794000123], [-89.29951667799992, 29.787530248000053], [-89.29869107699989, 29.787530248000053], [-89.29851913499988, 29.787278478000133], [-89.29857626099988, 29.78698013600018], [-89.29925537099996, 29.786775589], [-89.29925537099996, 29.786404912000023], [-89.29859924299996, 29.785786931000132], [-89.29804801899996, 29.78551227300011], [-89.29678726199995, 29.78539783200017], [-89.29647064299996, 29.785237615000142], [-89.29657745399999, 29.784711838000078], [-89.29741668699995, 29.784093206000023], [-89.29747009299996, 29.783749883000155], [-89.29712867699993, 29.78326541600012], [-89.29641905999995, 29.782925426000077], [-89.29605102499994, 29.783590317000062], [-89.29597338799994, 29.784367864000046], [-89.29550036499995, 29.784802739000042], [-89.29539489699994, 29.78519058200004], [-89.29620989799997, 29.787160222000125], [-89.29557800299989, 29.787845612000183], [-89.2949365469999, 29.788005673000043], [-89.29460906999992, 29.78784751900008], [-89.2951049799999, 29.786977768000156], [-89.29508209199997, 29.786359787000094], [-89.29444885299989, 29.785855596000033], [-89.29358347899989, 29.785947149000037], [-89.29284667999997, 29.786336899000162], [-89.29174479499989, 29.787709539000048], [-89.29137500599995, 29.78798426100019], [-89.29078595499999, 29.788006766000024], [-89.28667449999995, 29.786702459000026], [-89.28460382699996, 29.785876473000087], [-89.2834726239999, 29.785966222000127], [-89.28293224799995, 29.786260987000105], [-89.28268432599992, 29.78612708899999], [-89.2825508119999, 29.78491336600007], [-89.28286743199999, 29.784410477000108], [-89.28382915999998, 29.78431895400007], [-89.28494318999998, 29.784684484000138], [-89.28565216099992, 29.785303116000136], [-89.28621481099992, 29.785482768000065], [-89.28776744999999, 29.784983733000104], [-89.28857421899994, 29.785299301000066], [-89.28888130199994, 29.78516895000007], [-89.28882980299994, 29.78482181300018], [-89.28783416699997, 29.784410477000108], [-89.28915405299995, 29.783096313000044], [-89.29053688099998, 29.781342809000137], [-89.29106330999991, 29.780129735000116], [-89.29106330999991, 29.779324834000192], [-89.29082679699997, 29.77847797100003], [-89.28972625699993, 29.77728843700004], [-89.28894042999997, 29.776140213000076], [-89.28895022099988, 29.775819778000084], [-89.29077911399992, 29.775823593000155], [-89.2914047249999, 29.775316238000187], [-89.2907485959999, 29.774160385000187], [-89.29054260299989, 29.773485184000037], [-89.2905264229999, 29.772748902000046], [-89.29093417199988, 29.771535222000182], [-89.29077911399992, 29.77064323400009], [-89.29019927999991, 29.769725800000174], [-89.2887039179999, 29.768394469999976], [-89.28849276699992, 29.76807529200005], [-89.28844451899994, 29.767503738000187], [-89.28791483899994, 29.76748019900009], [-89.2877044679999, 29.767799377000074], [-89.2873375499999, 29.767800634000082], [-89.2863693239999, 29.76690864600016], [-89.28490870899998, 29.766151795000155], [-89.28253173799993, 29.76521045400017], [-89.28153991699992, 29.763519287000122], [-89.28101023699998, 29.763585393000085], [-89.27982958799998, 29.764088932999982], [-89.27972468399992, 29.764363591000176], [-89.27935790999999, 29.764431000000172], [-89.27802276599988, 29.76449966400014], [-89.27528381299993, 29.764202118000014], [-89.2750473019999, 29.764088932999982], [-89.27497224599989, 29.763542791000134], [-89.27607727099996, 29.761453629000073], [-89.27525958099989, 29.761224096000035], [-89.27433797799995, 29.763421669000024], [-89.27282843899991, 29.763603728000078], [-89.27215957599998, 29.76300937400009], [-89.2724761959999, 29.762186050000025], [-89.27231788599994, 29.762002294000126], [-89.2705612179999, 29.761152267], [-89.26974487299992, 29.760533635000172], [-89.26948857599996, 29.75901228000015], [-89.26961517299998, 29.75863456700006], [-89.2704467769999, 29.758428574000163], [-89.27192687999991, 29.758611679000126], [-89.27691548999996, 29.76058345600012], [-89.27909525899997, 29.761933628999998], [-89.27985381999997, 29.762163162000093], [-89.28305816699998, 29.76212120100007], [-89.28534373299999, 29.76127368700014], [-89.29230499399989, 29.75964546200015], [-89.29265892999996, 29.759416860000044], [-89.29584503199999, 29.759759903000088], [-89.29746246299993, 29.75955390900009], [-89.30012512199988, 29.75955390900009], [-89.30099487299992, 29.759370804000127], [-89.30532455299993, 29.757287328000075], [-89.30611342899994, 29.75721928100006], [-89.30640086199992, 29.75854617800013], [-89.30616625799996, 29.759465520000163], [-89.30642700199996, 29.760496139999987], [-89.30789813099989, 29.76255542500013], [-89.3088150019999, 29.76297187800003], [-89.30957031299988, 29.763746262000154], [-89.31257057199997, 29.762761419000128], [-89.31409454299995, 29.762098312000035], [-89.31504058799999, 29.761434555000108], [-89.31609024299996, 29.761456855000176], [-89.31640490599995, 29.761983220000104], [-89.31645831199995, 29.76402408300015], [-89.31666564899996, 29.765352249000102], [-89.31784820699994, 29.76743888900006], [-89.32110595699999, 29.770437240999968], [-89.3244400019999, 29.772111893000158], [-89.32420349099988, 29.77305030800011], [-89.32452067399998, 29.77332431500014], [-89.3261489869999, 29.77593803400009], [-89.32772501999995, 29.77735645000007], [-89.32866668699995, 29.77797508200007], [-89.33211001399991, 29.779393499000093], [-89.33421325699993, 29.779600143000152], [-89.33522796699998, 29.77989578200004], [-89.33850492599993, 29.779555564000134], [-89.34101312199994, 29.78017161000008], [-89.34316691499993, 29.781453435000003], [-89.34547862099998, 29.782185856000126], [-89.34760284399988, 29.782484055000054], [-89.3515319249999, 29.782437939000147], [-89.3524551399999, 29.78261947600015], [-89.35519409199998, 29.781930923000118], [-89.35685871499993, 29.781175659000155], [-89.36056527699992, 29.78101625400018], [-89.36147256399994, 29.781198359000086], [-89.36246523699992, 29.781677491000096], [-89.36349487299992, 29.781633377000162], [-89.3639678959999, 29.781354904000125], [-89.36478424099994, 29.78048515300003], [-89.36496162499998, 29.779912297000067], [-89.36485671999992, 29.77812320400011], [-89.36621093799988, 29.777414322000027], [-89.36655156899991, 29.777414322000027], [-89.36745452899993, 29.77812385600015], [-89.36871966399997, 29.78004962700004], [-89.37116241499996, 29.782888412000034], [-89.37184580799999, 29.783391301000165], [-89.3733444209999, 29.78421592700016], [-89.37688502399993, 29.784585302000096], [-89.37743377699996, 29.784997940000096], [-89.37756785399995, 29.785249059000023], [-89.37754058799999, 29.785938263000048], [-89.37705366099993, 29.786328618000084], [-89.37654304499989, 29.786164585999984], [-89.37633698499997, 29.78566543300019], [-89.37575530999999, 29.785888672000112], [-89.37552299399994, 29.786460852000175], [-89.37504768399998, 29.78621036300018], [-89.37442016599994, 29.78616142300018], [-89.37450063099999, 29.7877200960001], [-89.37610792499993, 29.786853011000062], [-89.37651690499996, 29.78712970500004], [-89.37696093799991, 29.787930292000112], [-89.37719726599994, 29.78912162800009], [-89.37706622199994, 29.78960162900006], [-89.3763051489999, 29.790723175000153], [-89.37554563499998, 29.791110741000068], [-89.37431963999995, 29.791039769000065], [-89.37429046599993, 29.791336060000162], [-89.3759155269999, 29.7919368740001], [-89.37680090099991, 29.791574460000163], [-89.37773673299989, 29.791528810000102], [-89.37864169199997, 29.79205447900017], [-89.37949159399994, 29.791874802000166], [-89.38048107399993, 29.792007466000086], [-89.38124084599991, 29.79171180700007], [-89.38158416699997, 29.791299820000177], [-89.38108825699999, 29.789604187000123], [-89.3815175709999, 29.78940152100006], [-89.38368225099993, 29.791299820000177], [-89.38449859699989, 29.79169273399998], [-89.38581085199996, 29.792036057000075], [-89.38772582999997, 29.792036057000075], [-89.3887786869999, 29.79194450400007], [-89.39145660399998, 29.791257207000115], [-89.39500427299998, 29.78972435000003], [-89.39531877399997, 29.789426353000124], [-89.39660644499992, 29.789083481000034], [-89.39679145799988, 29.788602178000076], [-89.3975296019999, 29.78791427599998], [-89.3977127089999, 29.78695297200005], [-89.39802551299994, 29.78640556300013], [-89.40017890999991, 29.784730260000174], [-89.4005737299999, 29.784043615000087], [-89.40060424699993, 29.783470153999986], [-89.39920997599995, 29.78099567099997], [-89.39920997599995, 29.779736821000085], [-89.39952468899997, 29.778683965000027], [-89.40010261599991, 29.777905767000107], [-89.40055084199997, 29.77767753600017], [-89.40135192899999, 29.777608869000062], [-89.40286289199997, 29.777858951000155], [-89.40330696099994, 29.777653997000073], [-89.4040699009999, 29.77568561300012], [-89.40433502199988, 29.77440452600007], [-89.40396881099997, 29.773210526000014], [-89.40291595499991, 29.772317235000116], [-89.40113067599998, 29.77217990600019], [-89.39960532899988, 29.771694417000106], [-89.39902877799989, 29.771031682000057], [-89.39903259299996, 29.770437240999968], [-89.39934539799998, 29.77004814100013], [-89.4002914429999, 29.769407272000137], [-89.40094757099996, 29.768011093000155], [-89.40113067599998, 29.767735784000024], [-89.40138017099991, 29.76766862700009], [-89.40163096499998, 29.767758672000127], [-89.40189361599988, 29.76814842200008], [-89.40247019799989, 29.769681279000167], [-89.4029006959999, 29.77016449000007], [-89.4033355709999, 29.770277023000062], [-89.4076423649999, 29.770211522000068], [-89.40843200699999, 29.769636154000068], [-89.40982246399989, 29.76778156000006], [-89.41021728499999, 29.766843144000063], [-89.41047859199995, 29.76480228200012], [-89.4103775019999, 29.763246535999997], [-89.40985107399996, 29.761323278000077], [-89.4098758699999, 29.760495488000117], [-89.41027069099994, 29.76017570500005], [-89.41108703599991, 29.759969711000053], [-89.4122924799999, 29.759351079000055], [-89.41394805899995, 29.75811576800004], [-89.41487121699993, 29.756811142000117], [-89.41502380499992, 29.754678075000072], [-89.41476440399998, 29.75296020500008], [-89.41484069799998, 29.752389908000055], [-89.41500091599994, 29.752252579000128], [-89.41762214099998, 29.75191290800018], [-89.4191614319999, 29.751885851000168], [-89.41993578999995, 29.752229039000156], [-89.42006683299996, 29.752733231000093], [-89.41990661599993, 29.753213882000182], [-89.41925048799999, 29.753969193000046], [-89.41880663899997, 29.755254094000065], [-89.41864776699992, 29.758459091000134], [-89.41885813799996, 29.75924045300013], [-89.41967010499997, 29.760934830000053], [-89.41988238399995, 29.76189548200017], [-89.41982707099999, 29.76246768700014], [-89.4194074539999, 29.763684575000127], [-89.41935404799995, 29.764645879000057], [-89.4189605709999, 29.76606559800001], [-89.41814422599992, 29.767553329000123], [-89.41591509899996, 29.769730870000103], [-89.41580963099995, 29.770141602000137], [-89.41588592499994, 29.772390366000025], [-89.41491564799998, 29.774449651000168], [-89.41486224199997, 29.77529651400016], [-89.41528185999988, 29.77637225800015], [-89.41693743799999, 29.7784817860001], [-89.41785430899995, 29.779214859000092], [-89.41893005399993, 29.779924392000055], [-89.42014312699996, 29.780450821000045], [-89.42128916399992, 29.780636028000174], [-89.42215728799988, 29.780591965000156], [-89.42359161399997, 29.780157089000056], [-89.42378234999995, 29.780311584000117], [-89.42389544499991, 29.781049077000148], [-89.42413195699993, 29.781415288000176], [-89.42413195699993, 29.78205615700017], [-89.42315673799999, 29.78427696200015], [-89.42129572999994, 29.785466497000073], [-89.42066192599998, 29.78654670700007], [-89.42032298099991, 29.787690465000026], [-89.4198658549999, 29.78800943200008], [-89.41888723999995, 29.787625236000054], [-89.41845703099989, 29.787714005000055], [-89.41786794199999, 29.788102452000146], [-89.4175513219999, 29.788102452000146], [-89.41606903099989, 29.787414551000154], [-89.41378784199992, 29.786039352000103], [-89.41315325799997, 29.7860615890001], [-89.41207751299999, 29.78674823500006], [-89.4118652329999, 29.78723335300009], [-89.4118652329999, 29.787714005000055], [-89.41207751299999, 29.78803378800012], [-89.41268023499993, 29.788514440000085], [-89.41362762499989, 29.78890419000004], [-89.4158722069999, 29.788926724000135], [-89.41684722899998, 29.789154053000175], [-89.41764259299998, 29.789109533000044], [-89.41904539099988, 29.788675340999987], [-89.42068338799999, 29.78894742300014], [-89.42137336699994, 29.788880651000113], [-89.42282104499992, 29.788423538000018], [-89.42335510299995, 29.788400650000085], [-89.42375945999993, 29.788606644000083], [-89.42394694299998, 29.78917819700007], [-89.42342242299992, 29.791333501000054], [-89.42370605599996, 29.791559219000078], [-89.42399597199989, 29.791517258000056], [-89.42428588899998, 29.791128159000095], [-89.42473602299992, 29.78858184799998], [-89.42562866199995, 29.78602027900007], [-89.42539215099993, 29.784532547000083], [-89.42541694699992, 29.783658330000094], [-89.42504882799994, 29.7830174610001], [-89.42486572299998, 29.78107196500008], [-89.42491912799989, 29.77937507600012], [-89.42544555799992, 29.778665543000102], [-89.42624664299996, 29.778345108000167], [-89.42754363999995, 29.778413773000068], [-89.42838287399996, 29.7788944240001], [-89.42967224099993, 29.780431747000023], [-89.43108996399991, 29.78127795900008], [-89.43511215299992, 29.78248309900016], [-89.43566131599988, 29.780729294000082], [-89.43611822599996, 29.78029675000016], [-89.43631609999989, 29.78045398400019], [-89.43715667699996, 29.785310745000174], [-89.43797167799994, 29.785996740000144], [-89.43925500099988, 29.78654510300015], [-89.44043731699998, 29.78858566300005], [-89.4419618519999, 29.78991443400014], [-89.44192370499997, 29.79022723900016], [-89.44333836699997, 29.791129615000045], [-89.44376319699995, 29.791082382000127], [-89.44422149699994, 29.791357040000094], [-89.44627055199999, 29.79355747000011], [-89.44913482699997, 29.794839859000092], [-89.4524451499999, 29.79525174200012], [-89.45520782499989, 29.79587554900013], [-89.46184539799992, 29.79692268399998], [-89.46244811999998, 29.797197342000175], [-89.46510782799993, 29.80080325900019], [-89.4656816399999, 29.801091497000073], [-89.46610125599989, 29.801846807000004], [-89.46733721799995, 29.80335742700015], [-89.46838816699994, 29.803975408000042], [-89.46887969999995, 29.80413627600018], [-89.47036743199999, 29.804090500000143], [-89.47209167499994, 29.8049144740001], [-89.4727216629999, 29.805531804000168], [-89.47327423099989, 29.80688285800005], [-89.47353052999989, 29.807128609000074], [-89.47369384799998, 29.80708885200005], [-89.4738540649999, 29.806880951000153], [-89.47358706699993, 29.805440843000042], [-89.47369384799998, 29.805234909000035], [-89.47451019299996, 29.80475425700007], [-89.47471618799995, 29.804387395000106], [-89.47469329799998, 29.803930283000113], [-89.4734039309999, 29.80300903300008], [-89.47117042499991, 29.801865880000094], [-89.47040939399994, 29.801133458000038], [-89.47006988499999, 29.800333023000178], [-89.46998596199995, 29.7979481860001], [-89.47030042199998, 29.797631819000173], [-89.47106933599991, 29.797529220000115], [-89.47095313599988, 29.797324678000052], [-89.47233009299993, 29.79645282500013], [-89.47156524699989, 29.79586601300008], [-89.47001075599997, 29.79410297100003], [-89.46783065799997, 29.792016332000117], [-89.46601867699991, 29.790459935000058], [-89.4633941649999, 29.78883361800007], [-89.4612655649999, 29.787805557000183], [-89.45837402299992, 29.786888123000097], [-89.45278167699996, 29.783796310000184], [-89.45201873799988, 29.783131902000093], [-89.45149421599996, 29.782262151000168], [-89.45015335199992, 29.777634923000107], [-89.44986724899996, 29.77699279800015], [-89.44952392599998, 29.776833837000083], [-89.44934081999992, 29.776491165000152], [-89.44928745599998, 29.775827283000126], [-89.44986724899996, 29.774059296000075], [-89.44986724899996, 29.772891998000148], [-89.44965553299994, 29.77213794400012], [-89.44923591599996, 29.77149326100016], [-89.44768524199998, 29.770325963000005], [-89.44645118699992, 29.769936864000044], [-89.44315114799991, 29.76936654900004], [-89.4417037959999, 29.76972961400014], [-89.44094085799992, 29.769731522000143], [-89.43796920799997, 29.767579381000132], [-89.43802261399998, 29.76673251800014], [-89.4385223399999, 29.76469165500015], [-89.43941497799995, 29.76221847500011], [-89.43946838399995, 29.760749817000146], [-89.43933486899988, 29.75990421000006], [-89.43891906699997, 29.75889778100003], [-89.43815612799989, 29.75765800500011], [-89.43728828399992, 29.756696050000187], [-89.43715667699996, 29.75500106800007], [-89.43681526199998, 29.754247014000043], [-89.4359741209999, 29.753536224000015], [-89.43463897699996, 29.752914428999986], [-89.43416595499997, 29.75248146100006], [-89.43400578099994, 29.75154202900012], [-89.43408966099997, 29.750088994000066], [-89.43288421599999, 29.747247695999988], [-89.43120574999989, 29.74461555500011], [-89.4294700609999, 29.742482488000064], [-89.4284210209999, 29.739664078000146], [-89.42771148799989, 29.73822147100003], [-89.42671394199988, 29.736962621000146], [-89.42603301999992, 29.73499298100006], [-89.42521667499989, 29.73441821800003], [-89.42272376999995, 29.73384601300006], [-89.42214584399994, 29.733434026000168], [-89.42230415299997, 29.732106510999984], [-89.42277717599995, 29.731648748000055], [-89.42328643799999, 29.731534958000054], [-89.42587280299989, 29.733524323000097], [-89.42674120899989, 29.73441821800003], [-89.42705535899995, 29.734972000000027], [-89.42747497599998, 29.735086441000192], [-89.42802619899999, 29.734696691000067], [-89.42805480999988, 29.734445572000027], [-89.42366981499998, 29.731030767000163], [-89.42365264899996, 29.729394913000192], [-89.42368330099993, 29.729242323000165], [-89.42397187899991, 29.729242311000178], [-89.4244581129999, 29.729859655000098], [-89.42629241899988, 29.73027610800017], [-89.42663574199997, 29.730527878000032], [-89.42687225299994, 29.730733871000098], [-89.42768534699997, 29.732564275000016], [-89.42813357499995, 29.732884710000178], [-89.42897033699995, 29.733160019000138], [-89.42994364799995, 29.734330480000096], [-89.43099212599992, 29.734743118000097], [-89.43196543699997, 29.735520665000024], [-89.43251666199995, 29.736802404000116], [-89.43228015099999, 29.73730594400007], [-89.43138751099997, 29.737878148000163], [-89.43143900899992, 29.73824435900019], [-89.4320678709999, 29.73893165600009], [-89.4334760829999, 29.738749112000107], [-89.43430003199995, 29.738931005000154], [-89.43485259999994, 29.739343643000154], [-89.43600710899989, 29.739503209000077], [-89.43655833399993, 29.739758794000124], [-89.43763598499993, 29.740674321000142], [-89.43734606899994, 29.74108630900014], [-89.43718719499992, 29.741956711], [-89.43679484399996, 29.742139164000093], [-89.43671417299998, 29.742437363000192], [-89.43679484399996, 29.742871587000025], [-89.43705749499992, 29.743192673000124], [-89.43750762899998, 29.743467331000147], [-89.43821716399998, 29.743375778000086], [-89.43899917599992, 29.742345159000024], [-89.44026184199993, 29.741910934000032], [-89.44050911199997, 29.7412726070001], [-89.44304331799998, 29.741750066000066], [-89.44346293499996, 29.741864507000003], [-89.44374847399996, 29.742139816000133], [-89.44380187999991, 29.742618561000086], [-89.44367247899999, 29.742848818000027], [-89.44285583499999, 29.743215561000056], [-89.44346293499996, 29.74818545900007], [-89.44622039799992, 29.750432968000155], [-89.44635009799993, 29.75058937099999], [-89.44608306899994, 29.750970840000036], [-89.44805145299989, 29.751703262000092], [-89.44949340699992, 29.753074646000016], [-89.44936419599992, 29.753350610000155], [-89.44822301499988, 29.753966148000075], [-89.44794905499998, 29.753659686000105], [-89.44765663099992, 29.752801244000125], [-89.44723701499993, 29.752457921000087], [-89.44626864499992, 29.75236636900013], [-89.44519099299993, 29.752663915000085], [-89.44466400099992, 29.753213882000182], [-89.44364222599995, 29.753514592000045], [-89.4433517469999, 29.753831863000073], [-89.44329588499988, 29.754554209000162], [-89.44248637199996, 29.755528753000135], [-89.44387817399996, 29.75651359600016], [-89.44458770799991, 29.758069992000173], [-89.44488525399998, 29.75818443300011], [-89.44542694099994, 29.757936478000147], [-89.44577026499991, 29.757635117000177], [-89.44579505899992, 29.757428472000186], [-89.4450855259999, 29.756856267000046], [-89.44500732399996, 29.756352727000092], [-89.44479560899998, 29.756100957000058], [-89.44387817399996, 29.755620305000093], [-89.44361495999993, 29.75520831800003], [-89.44416618299988, 29.754842107000172], [-89.44521713299997, 29.754727666000008], [-89.44655609099999, 29.75433921800004], [-89.44759368899997, 29.754270554000016], [-89.44784220699995, 29.75459033700014], [-89.44881388499994, 29.75470536900002], [-89.4492340089999, 29.75500297500014], [-89.4497075949999, 29.755986516000064], [-89.45306834299998, 29.758916204000002], [-89.45306834299998, 29.759377782], [-89.45206889199989, 29.760842626000056], [-89.45212229899994, 29.761094396000146], [-89.45361328099995, 29.76114273100012], [-89.45561218299997, 29.761896133000107], [-89.45879363999995, 29.762697220000064], [-89.4614181529999, 29.76297187800003], [-89.46344757099996, 29.762880325000026], [-89.4655118849999, 29.76402408300015], [-89.46783122099993, 29.765725438000118], [-89.47186759399995, 29.765992830000073], [-89.47399188299994, 29.766838523000104], [-89.47522735599995, 29.76835250900018], [-89.47585925099992, 29.76862460800004], [-89.47651672399996, 29.76857948300011], [-89.47706603999995, 29.768213272000082], [-89.47719764699991, 29.767457311000157], [-89.47709655799997, 29.766794204999997], [-89.47643470799994, 29.764664952000146], [-89.47609710699999, 29.764070511000057], [-89.47572517399993, 29.763699834000022], [-89.47536468499993, 29.76360893200018], [-89.47365188599997, 29.763562505000152], [-89.4735202789999, 29.763425176000055], [-89.47404479999989, 29.76168632500014], [-89.47443771399998, 29.761319463000177], [-89.47703742999988, 29.76012546300018], [-89.47790527299992, 29.759119034000094], [-89.4783248899999, 29.757471085000077], [-89.47824287399999, 29.75621158300015], [-89.47769164999994, 29.754581451000092], [-89.47674560499996, 29.753506963000177], [-89.47572326699992, 29.752752304000182], [-89.47438240099996, 29.75222522500019], [-89.4731979369999, 29.75190353400012], [-89.4716802509999, 29.75179034900009], [-89.47078761199998, 29.751950566999994], [-89.46957221299994, 29.75264422700002], [-89.46832075899994, 29.753670123000177], [-89.46772766099991, 29.75378418000014], [-89.46547698999996, 29.753511429000184], [-89.46428898999994, 29.75364727300007], [-89.46267700199991, 29.75309944200012], [-89.46202087499995, 29.75259590100012], [-89.4609928129999, 29.75225192800019], [-89.46078492499993, 29.751909154000032], [-89.46088790999994, 29.751389806000077], [-89.46118164099988, 29.750968933000138], [-89.46236419699994, 29.749971390000155], [-89.46312713599991, 29.749490738000134], [-89.4644107819999, 29.74905139700013], [-89.46648597699993, 29.74776965800004], [-89.46695709199992, 29.747106552000048], [-89.46743011499996, 29.745870590000095], [-89.46813964799998, 29.744676590000097], [-89.46884536699991, 29.742341344000124], [-89.46944808999996, 29.741288488000066], [-89.47194099399991, 29.738881414000048], [-89.44141387899998, 29.717996597000138], [-89.44117736799996, 29.717817307000075], [-89.44225311299994, 29.717179601000055], [-89.43760681299995, 29.71379977900017], [-89.42708778399998, 29.70660144499999], [-89.42785644499997, 29.706010818000095], [-89.42792510999999, 29.705030441000076], [-89.42779541099992, 29.704133987000148], [-89.42703247199995, 29.702875137000092], [-89.42537745599998, 29.701867406000076], [-89.42391204799998, 29.69946098300005], [-89.4237289429999, 29.698726654000097], [-89.4238052369999, 29.698476791000132], [-89.42438354599989, 29.69829378800017], [-89.42506408699995, 29.69859123200007], [-89.42621612499988, 29.699853897000025], [-89.42731913599994, 29.700127904000055], [-89.42747497599998, 29.700792313000022], [-89.42776489299996, 29.701066971000046], [-89.42915781999994, 29.701180761000046], [-89.42957743699992, 29.702256505000037], [-89.42976054299999, 29.702348058000098], [-89.4301300059999, 29.702371597000138], [-89.43123110899995, 29.70143253100008], [-89.43255862299992, 29.700806920000105], [-89.43278503499994, 29.700082779000127], [-89.43257066799998, 29.70008212800019], [-89.43230494499994, 29.69969302900006], [-89.43277796899997, 29.69735461900018], [-89.43280792199988, 29.694654465000042], [-89.43201693599997, 29.692841832000113], [-89.43091639599993, 29.69233829200016], [-89.43073272699996, 29.691810608000026], [-89.43049621599994, 29.691629410000132], [-89.42936762899996, 29.69112521900007], [-89.42902621299999, 29.690434758000038], [-89.43005371099997, 29.68986320500011], [-89.43023681599993, 29.68931388900012], [-89.43173217699996, 29.68858146700012], [-89.43251800499996, 29.68837547300012], [-89.43306732199994, 29.687276840000095], [-89.43296107299994, 29.686494176000167], [-89.4321975709999, 29.684980392000114], [-89.43028506299993, 29.683129613000062], [-89.42726954499994, 29.681523626000114], [-89.42472839399989, 29.680744171000185], [-89.4242273239999, 29.680241887000193], [-89.4242273239999, 29.679601018000028], [-89.4248580929999, 29.67864036600014], [-89.42758425799997, 29.67719394400018], [-89.42810821499995, 29.677492142000176], [-89.42897471499998, 29.678433721000147], [-89.43086242699991, 29.678686142000174], [-89.4314117429999, 29.678892136000172], [-89.43175506599988, 29.679302216000167], [-89.43151855499997, 29.680538177000187], [-89.43170165999999, 29.681043625000086], [-89.4320678709999, 29.681432724000047], [-89.43327769299992, 29.68161517700014], [-89.43432617199988, 29.682004929000072], [-89.43584442099996, 29.683176041000138], [-89.43616160399989, 29.684338872000183], [-89.43672943099989, 29.684385300000088], [-89.43668616899993, 29.68374824500006], [-89.43781280499991, 29.683771133000164], [-89.43891906699997, 29.683404922000193], [-89.43891906699997, 29.68313026400017], [-89.43857574499998, 29.682785034000062], [-89.43766021699997, 29.682210922000138], [-89.43778991699998, 29.681638718000045], [-89.43815612799989, 29.68161582900018], [-89.4389419559999, 29.682210922000138], [-89.4399948119999, 29.68267250100007], [-89.44169616799996, 29.682577133000166], [-89.4418487559999, 29.68334770200005], [-89.44224795399998, 29.6836789300001], [-89.44335040099998, 29.683587377000094], [-89.44366455099993, 29.683702469000025], [-89.44418963499993, 29.684182469999996], [-89.44421386699992, 29.68457222000012], [-89.44377001899988, 29.68500644400018], [-89.44309231099993, 29.684984178000093], [-89.44235285799994, 29.684502904000055], [-89.44198664699991, 29.684480016000123], [-89.44167193499999, 29.68477756200008], [-89.44169616799996, 29.685302734000174], [-89.44243296699989, 29.68605930100017], [-89.44290408199998, 29.68619663000004], [-89.44356020999993, 29.68596774800011], [-89.44468935999998, 29.684869115000083], [-89.44505548299992, 29.684754702000134], [-89.44539642399997, 29.68493843100015], [-89.44597625699998, 29.684867859000178], [-89.44752502399996, 29.683702469000025], [-89.44770812999991, 29.683267593000096], [-89.44741821299993, 29.682714462000035], [-89.4469223019999, 29.682254791000105], [-89.44636782699996, 29.682004277000033], [-89.4458681019999, 29.681981389000043], [-89.4437963019999, 29.682923436000124], [-89.44314059299995, 29.682301824000035], [-89.4445571899999, 29.68189048800008], [-89.44705175999997, 29.681455637000113], [-89.44757080099993, 29.68193626400017], [-89.44799041699991, 29.682855606000032], [-89.44830950799997, 29.684731786000157], [-89.4481779009999, 29.685693090000143], [-89.44715556199998, 29.687272374000088], [-89.44715556199998, 29.68803149900009], [-89.44733866699994, 29.688237493000088], [-89.44815063499993, 29.68819236800016], [-89.44940948499993, 29.686334610000074], [-89.45138033899991, 29.686631505000037], [-89.45405578599997, 29.6861743930001], [-89.45471191399997, 29.686220169000137], [-89.45591735799997, 29.686403275000032], [-89.45901489299996, 29.68745613100009], [-89.4622650149999, 29.687799454000128], [-89.46366119399988, 29.68761634800012], [-89.46515655499996, 29.68706703200013], [-89.46620178199993, 29.68690300000003], [-89.46604156499995, 29.687431335000156], [-89.46604594299993, 29.688393895000047], [-89.46630724999989, 29.688943212000083], [-89.46630724999989, 29.689767186000097], [-89.46554699599994, 29.690476796000155], [-89.46486529299995, 29.69052249600003], [-89.46392115599997, 29.689812963000065], [-89.46289690999998, 29.689904515000137], [-89.46166229099998, 29.689308167000036], [-89.45948657199989, 29.68864566500008], [-89.45825195299994, 29.68843841600011], [-89.45778140099992, 29.688416784000083], [-89.45733508199993, 29.688599889000045], [-89.45691546599994, 29.68917590799998], [-89.45699310299989, 29.68958663900014], [-89.45772990299992, 29.690846746000034], [-89.45780810399992, 29.692242925000187], [-89.45809936499995, 29.692266464000113], [-89.45849093499993, 29.69171649700013], [-89.45964813199993, 29.69192314100019], [-89.46032714799998, 29.691717148000123], [-89.46134948699995, 29.690961838000135], [-89.46179794699998, 29.69084782300007], [-89.46211108299997, 29.691258733000097], [-89.46197947499991, 29.69187671400016], [-89.46208190899995, 29.692655563000073], [-89.46237182599998, 29.693227768000042], [-89.4633178709999, 29.69391441300013], [-89.46407946599993, 29.694806400999994], [-89.46478709299998, 29.69498950700006], [-89.46549987899988, 29.69565391500015], [-89.46725520199999, 29.695401494000123], [-89.46796417199994, 29.695676804000186], [-89.46859138299993, 29.69535617300005], [-89.46906280499996, 29.695402145000116], [-89.46827697799995, 29.69806098900017], [-89.4675184159999, 29.699204747000124], [-89.46746501099994, 29.70005160900007], [-89.4676742549999, 29.700374603000114], [-89.4679647349999, 29.700486486000045], [-89.46945953399995, 29.70009803800008], [-89.46980151199989, 29.70037204500011], [-89.46969604499998, 29.700737000000174], [-89.46925028799996, 29.701150242999972], [-89.46817454399991, 29.7016804860001], [-89.46707355799998, 29.702550237000025], [-89.46657453799997, 29.702550237000025], [-89.46570834199997, 29.701772039000105], [-89.46395111099997, 29.69929695100012], [-89.46287536599988, 29.697099686000115], [-89.46214294399994, 29.69616127000012], [-89.46103724599993, 29.695565526000053], [-89.46101379399994, 29.694580078000058], [-89.46077728299991, 29.694078445000173], [-89.45975494499999, 29.69336509700014], [-89.45791518499999, 29.693025279999972], [-89.45689392099996, 29.692632675000084], [-89.45668086099994, 29.69235736600018], [-89.45668029799998, 29.690984726000067], [-89.45618438699995, 29.6904125210001], [-89.45513209399991, 29.690114324000035], [-89.45434570299989, 29.69041061400003], [-89.45405634899993, 29.69016010000007], [-89.45384979199997, 29.68935966500004], [-89.45343017599998, 29.68890190100018], [-89.45277404799998, 29.688785553000116], [-89.4521636959999, 29.689062119000084], [-89.4516677869999, 29.689680099000043], [-89.45117053199988, 29.69098407500013], [-89.45106506399998, 29.69176292400016], [-89.45148467999996, 29.692358017000117], [-89.4520874019999, 29.69252204899999], [-89.45237731899988, 29.692407608000053], [-89.45272064199997, 29.69206047099999], [-89.45274409299998, 29.691785161000155], [-89.45225566299996, 29.691126948000147], [-89.4523774829999, 29.690893132000156], [-89.45274352899992, 29.69080162000006], [-89.45350512499988, 29.690755192000097], [-89.45500183099989, 29.690984726000067], [-89.45589312599992, 29.691418950000127], [-89.45591735799997, 29.69185447700005], [-89.4551072989999, 29.692975347000015], [-89.45513153099989, 29.69389534000004], [-89.4555784129999, 29.694306676000167], [-89.45793914899991, 29.694765091000136], [-89.45870208799988, 29.695543289000057], [-89.45943450899995, 29.69602394100002], [-89.45969828699998, 29.69629794800005], [-89.45967102199995, 29.697443008000107], [-89.46045684799998, 29.69861412000006], [-89.46040781999989, 29.698911016000068], [-89.45967349099999, 29.69916278600016], [-89.45888575599992, 29.699002568000026], [-89.4573669429999, 29.6982250210001], [-89.45725878799993, 29.69847613999997], [-89.45912170399998, 29.69964408900006], [-89.46051025499992, 29.700010300000088], [-89.46090698199998, 29.70042228700015], [-89.4611173539999, 29.701566045000106], [-89.46166857799994, 29.70273334200016], [-89.46287592899995, 29.703812902000152], [-89.46439799399991, 29.70424777700015], [-89.46531623299995, 29.704111180000098], [-89.46612986599996, 29.704797094000185], [-89.46762522699993, 29.705140416000177], [-89.46815165599997, 29.706353490000026], [-89.46927642899999, 29.707086562000086], [-89.47045898399995, 29.708551407000073], [-89.47061785699992, 29.709672277000095], [-89.47012003899988, 29.710042302000033], [-89.46954211299993, 29.710156743000027], [-89.46823100899996, 29.70967651300009], [-89.46657618599994, 29.708691900000076], [-89.46589660599994, 29.707796097000085], [-89.46526393099998, 29.707269016999987], [-89.4648195179999, 29.707337682000116], [-89.46416338999995, 29.70850879400018], [-89.46562957799995, 29.70896720899998], [-89.46859741299994, 29.71034050000003], [-89.46972656399998, 29.710615157999996], [-89.4703598019999, 29.710638046000156], [-89.47101593099995, 29.71026802100016], [-89.47124728199998, 29.709809606000135], [-89.47124728199998, 29.708642308000037], [-89.47143009399991, 29.708459498000025], [-89.47184753499988, 29.708391190000043], [-89.47297668599998, 29.709306717000004], [-89.47379359299998, 29.709580724000034], [-89.47500094499998, 29.709443395000164], [-89.47473907499995, 29.708734512000035], [-89.47442626999992, 29.70845985400001], [-89.47350367699988, 29.708001439000043], [-89.47025299199993, 29.707017898999993], [-89.4686227709999, 29.70518237800013], [-89.4686508179999, 29.70465850800008], [-89.46938323999996, 29.704038620000176], [-89.47069549599996, 29.70367240900015], [-89.47192820599992, 29.70362598200012], [-89.47274017299998, 29.703878403000147], [-89.47463091899988, 29.70614368200006], [-89.47754571599995, 29.70703656200004], [-89.47827967699999, 29.70751697300011], [-89.47885760399993, 29.70824939500011], [-89.47906931899996, 29.70932895400017], [-89.48048400899995, 29.711067200000116], [-89.48059081999997, 29.711389541000074], [-89.48011779799992, 29.712213516000133], [-89.48009356499989, 29.712899511000103], [-89.48024749799993, 29.713201523000066], [-89.48077392499994, 29.71384239200006], [-89.48234995899998, 29.71471149200005], [-89.48266601599994, 29.715032578000148], [-89.48266601599994, 29.71537546400009], [-89.48103960899994, 29.715718572000014], [-89.48075103799994, 29.716154099000107], [-89.48075103799994, 29.716907501000094], [-89.48127612199994, 29.71777850800015], [-89.48093661399992, 29.717873876], [-89.48009547299995, 29.717412297000124], [-89.47849273799994, 29.71702194200003], [-89.47715624899996, 29.71691257200007], [-89.47618865999999, 29.716609954999967], [-89.47484644899998, 29.71569568400008], [-89.47377070499994, 29.715493505000154], [-89.47306117099993, 29.71569949800005], [-89.47253417999997, 29.71613121000007], [-89.47185566299993, 29.71764499699998], [-89.47127532999997, 29.717668533000165], [-89.47106799199997, 29.718034092000153], [-89.47389984099999, 29.719087601000183], [-89.47515869099993, 29.719041824000044], [-89.47621154799992, 29.719568253000148], [-89.4766050259999, 29.720162694000066], [-89.47713145399996, 29.720597570000166], [-89.47930964499994, 29.72169620200009], [-89.48004397499994, 29.721719091000125], [-89.48078155499996, 29.721239090000097], [-89.48078155499996, 29.720184326000037], [-89.48117312599993, 29.718831365000085], [-89.48159027199989, 29.718694687000152], [-89.48169708299997, 29.71944999700014], [-89.48209246599998, 29.72009021499997], [-89.48327311599996, 29.720826452000097], [-89.48413905199993, 29.72107440700006], [-89.48550414999994, 29.720869064000055], [-89.48566111599996, 29.720982854000056], [-89.48560973099995, 29.721531872000185], [-89.48511465399991, 29.722147656000118], [-89.48524149899993, 29.722703283000044], [-89.48560961799996, 29.723069494000015], [-89.48558044399994, 29.723505020000175], [-89.4854524839999, 29.723572764000096], [-89.4840850839999, 29.723068237000177], [-89.48371943499995, 29.723069494000015], [-89.48366546599993, 29.72325325000014], [-89.48406085099998, 29.723641698000108], [-89.48569163399998, 29.724538152000036], [-89.4886322019999, 29.724737167000058], [-89.4887482229999, 29.72442047600009], [-89.49002075199996, 29.7245807650001], [-89.49106844899995, 29.72441989600003], [-89.49180602999996, 29.72407341000013], [-89.49198785899989, 29.724118867000072], [-89.49206535699994, 29.724507912000036], [-89.49177551299994, 29.725105286000087], [-89.49185618399997, 29.725312535000057], [-89.49230250399995, 29.725381200000186], [-89.49372100799997, 29.72498893700015], [-89.49419403099995, 29.725194931000146], [-89.49498042199997, 29.72510272700015], [-89.49592590299989, 29.72528648400015], [-89.49710845899995, 29.72450828600006], [-89.49747466999997, 29.72446250900009], [-89.49781474199995, 29.724622075000127], [-89.49810028099995, 29.725238800000113], [-89.49873217599998, 29.72551471400004], [-89.49904632699997, 29.72610855100004], [-89.4990220919999, 29.72647601800014], [-89.49974688599991, 29.726773564999974], [-89.49974822999997, 29.72498321500018], [-89.49960327099996, 29.724733353000147], [-89.4991250899999, 29.72457248400002], [-89.4987335209999, 29.72422790500002], [-89.49875697199991, 29.72358829200016], [-89.49831255999999, 29.723405187000026], [-89.4976031889999, 29.723683596000058], [-89.49660548299988, 29.72290164700007], [-89.49663027799988, 29.720887487000084], [-89.49573763899991, 29.71962863699997], [-89.49560603199996, 29.719102208000038], [-89.49578913699992, 29.717706029000055], [-89.49473818799993, 29.716561620000164], [-89.49486788799999, 29.716168706000133], [-89.4954207749999, 29.71612370600019], [-89.49612864499994, 29.716580693000026], [-89.49660166799993, 29.717110936000154], [-89.49725970299994, 29.71836978600004], [-89.49891337399998, 29.719102208000038], [-89.49961527899995, 29.719697301000167], [-89.49958826499994, 29.72020095700009], [-89.49928149299996, 29.72031528200006], [-89.49862670899995, 29.719924927000193], [-89.49820709199997, 29.71930694600013], [-89.49754771299996, 29.719468419000066], [-89.49741801299996, 29.720223729000054], [-89.49788665799991, 29.72058868400012], [-89.49793508599993, 29.720885374000147], [-89.49775695799997, 29.72127723700015], [-89.49820709199997, 29.721368789999985], [-89.49886321999992, 29.720933914000057], [-89.49954223599997, 29.720911026000124], [-89.50047302199988, 29.72157859800012], [-89.50191172599989, 29.723161046000143], [-89.5034318829999, 29.724236791000067], [-89.50214632999996, 29.723985021000033], [-89.50044250499991, 29.72407722500003], [-89.50039347699993, 29.724946325000133], [-89.50056323099989, 29.725335424000093], [-89.50445556599999, 29.726823807000073], [-89.50563487099993, 29.72684985799998], [-89.50666046099997, 29.727354050000145], [-89.50713348499994, 29.727216721000048], [-89.50752505299994, 29.726506536000045], [-89.50891669599997, 29.726644421000174], [-89.50925445599995, 29.726804733000108], [-89.50944193899988, 29.727032964000045], [-89.50943756099997, 29.727766037000038], [-89.50888824499992, 29.72900199900016], [-89.50888689999988, 29.72950870200009], [-89.5104370119999, 29.73097419700008], [-89.5104370119999, 29.731315613000106], [-89.50967463499995, 29.732095067000103], [-89.50849207999988, 29.73262149500016], [-89.50686645499997, 29.732574463000162], [-89.50571441699992, 29.731706619000136], [-89.50390049899988, 29.731175247000067], [-89.50353297299995, 29.73087817900017], [-89.50277194099993, 29.72964221700005], [-89.50243243299991, 29.729344671000092], [-89.5010152729999, 29.729161565000027], [-89.50008257899998, 29.72929507900011], [-89.50008257899998, 29.729993169000124], [-89.50114497199996, 29.73016864500005], [-89.50190600399998, 29.73062640900008], [-89.50279864399994, 29.732117955000035], [-89.50405749399988, 29.73344547000005], [-89.50492095899995, 29.734109879000187], [-89.50623321499995, 29.73484230000014], [-89.50885758299995, 29.735760743000185], [-89.50859507599989, 29.736790960000064], [-89.50688990599997, 29.73830158000004], [-89.50686320299997, 29.73860294100018], [-89.50701904299996, 29.73914909400014], [-89.50793245399996, 29.73967585600002], [-89.50851440399998, 29.740365982000128], [-89.50906372099996, 29.740732193000156], [-89.51022338999996, 29.740640640000095], [-89.5122985839999, 29.740182877000166], [-89.51290130599995, 29.739336014000173], [-89.5129266649999, 29.738625829000114], [-89.51271820199997, 29.738374710000187], [-89.5122972399999, 29.738099401000056], [-89.51072176999992, 29.73761874900009], [-89.51004028299991, 29.73704147300009], [-89.50959777799989, 29.736104965000095], [-89.50998687699996, 29.73603630100007], [-89.51187896699992, 29.736516953000034], [-89.51305827199997, 29.737069432000055], [-89.51371439899998, 29.737458532000062], [-89.51457977299992, 29.738512039000113], [-89.51620730399992, 29.738328282999987], [-89.51715334499988, 29.738396947000183], [-89.51809692399996, 29.73887825000014], [-89.51948794499992, 29.73924762500002], [-89.52195618199988, 29.74039212300005], [-89.52331980799994, 29.741605108000158], [-89.52350291299996, 29.742108648000055], [-89.52336883499999, 29.742610931000172], [-89.52347564699994, 29.743278503000113], [-89.52381762599998, 29.743554416000165], [-89.52404785199997, 29.74406242400005], [-89.52487182599998, 29.74410438500007], [-89.52529069899992, 29.743759768000075], [-89.52573394799992, 29.743646622000142], [-89.5273590089999, 29.74394416800004], [-89.53032684399989, 29.745756149000158], [-89.53096008299997, 29.74598503100009], [-89.53313445999993, 29.746168137000154], [-89.53520965599995, 29.745527267000057], [-89.53675842299992, 29.74577903700009], [-89.53891047499991, 29.74534732600017], [-89.54058074999989, 29.744726181000033], [-89.54098510799997, 29.74429130599998], [-89.54315948499993, 29.74424552900001], [-89.54418620199988, 29.744038884000076], [-89.54576110699998, 29.743352890000153], [-89.54618072499989, 29.74339866600002], [-89.54623412099994, 29.743604623000124], [-89.54539355299994, 29.744244878000075], [-89.54515704199991, 29.744633977000035], [-89.54518127399996, 29.745527267000057], [-89.54544695899995, 29.74593860400006], [-89.5462346939999, 29.746304815000087], [-89.54686737099996, 29.746351242000117], [-89.54765319799998, 29.745847702000162], [-89.54786166199989, 29.745160405000036], [-89.54778346199998, 29.74438220700017], [-89.54686737099996, 29.743465423000146], [-89.54692077599992, 29.74326133700015], [-89.54817808299993, 29.74266678100014], [-89.5493850709999, 29.742689133000056], [-89.54978179899996, 29.742368698000064], [-89.55004182599998, 29.742393387999982], [-89.55062103299991, 29.74294090300009], [-89.55148562499988, 29.742688482000062], [-89.55193328999997, 29.742254257000127], [-89.55124911399992, 29.74161273700014], [-89.55051287699996, 29.741517369000064], [-89.55025482199994, 29.741403580000167], [-89.55025482199994, 29.74124336100016], [-89.5505905149999, 29.741014481000036], [-89.55190524199998, 29.7408078360001], [-89.55610656699997, 29.739366531000087], [-89.55809783899997, 29.738519669000027], [-89.56043357799996, 29.737051076000114], [-89.56082896999999, 29.737073887000122], [-89.56122263999993, 29.737439458000097], [-89.56106432999991, 29.73822147100003], [-89.56108856199995, 29.738977432000183], [-89.56127166699991, 29.73925018300008], [-89.56224497799997, 29.740166967000107], [-89.5640065259999, 29.741455587000132], [-89.56403021999989, 29.74160868000007], [-89.56001281699992, 29.742849350000085], [-89.56017359899994, 29.74353534400018], [-89.56475776499997, 29.742069576000006], [-89.56560516399992, 29.742254257000127], [-89.56629040799993, 29.742923475000055], [-89.56676157899994, 29.744313543000146], [-89.57061767599998, 29.748140335000073], [-89.57098826399988, 29.748483007000175], [-89.57230147399991, 29.748529281000117], [-89.5725631709999, 29.748666763000074], [-89.57274493299991, 29.749490087000027], [-89.57413482699991, 29.750429153000084], [-89.57528686599994, 29.751504898000178], [-89.57565307599992, 29.75219154400014], [-89.5759702599999, 29.753655736000155], [-89.5765457149999, 29.754709244000082], [-89.57767486599988, 29.755441666000138], [-89.57998657199994, 29.755968093999968], [-89.58098502099995, 29.756013670000186], [-89.58113861099997, 29.756486892999988], [-89.58085307199997, 29.75697833700019], [-89.58157348599997, 29.757432938000022], [-89.58232363699994, 29.75732166000006], [-89.5831375119999, 29.75707054100019], [-89.5844497679999, 29.75596618700007], [-89.5848947429999, 29.755235020999976], [-89.58484133899998, 29.75452548700008], [-89.58452662499997, 29.75360996000012], [-89.58481654199988, 29.753106420000165], [-89.58541926399994, 29.752831762000028], [-89.58605194099988, 29.752073288000133], [-89.58712387099996, 29.75138217700004], [-89.58712959299999, 29.75064593999997], [-89.58697509799998, 29.750566483000057], [-89.58518847499994, 29.75064593999997], [-89.58466369599995, 29.75035503700019], [-89.58440399199998, 29.749349594000023], [-89.58448028599997, 29.74850273100003], [-89.58474215599995, 29.74843341600007], [-89.58550318799996, 29.748914067000158], [-89.58631805099998, 29.749029030000145], [-89.58681487999996, 29.749509811000053], [-89.58719634999989, 29.74955368000019], [-89.58785424699988, 29.749441814000193], [-89.58839416499995, 29.749647141000025], [-89.59055328499994, 29.749637604000043], [-89.59120178199993, 29.74946212800012], [-89.59151371499996, 29.748982358000035], [-89.5922622679999, 29.74886512800009], [-89.5929565429999, 29.748983383000166], [-89.59390258799993, 29.749460220000117], [-89.59482249299992, 29.749711339000044], [-89.59610496399989, 29.749894006000147], [-89.59881591799996, 29.749689102000048], [-89.59944152799994, 29.74941444400008], [-89.60128021199989, 29.74810600300009], [-89.6028003479999, 29.745953885000176], [-89.60307515499994, 29.745863956000107], [-89.60336303699995, 29.746011734000092], [-89.60372161899994, 29.745725632000187], [-89.60345458999996, 29.744625092000092], [-89.60308837899993, 29.744191472000068], [-89.60290527299998, 29.743455887000096], [-89.60345458999996, 29.741075516000024], [-89.60345458999996, 29.739355087000035], [-89.60329437299993, 29.73828250600002], [-89.60287475599995, 29.73702049300016], [-89.60340118499988, 29.736927032000153], [-89.60366058299996, 29.73637962300006], [-89.60453033499988, 29.73564720200011], [-89.60476303099995, 29.735303228000078], [-89.60497283899991, 29.734434128000146], [-89.60539245599989, 29.733858109000153], [-89.60628509399993, 29.733354568000152], [-89.60751342799989, 29.731660192000106], [-89.60478973399995, 29.7300415040001], [-89.60499572799995, 29.731468201000098], [-89.60494669999997, 29.732346837000193], [-89.60418566699997, 29.732781713000065], [-89.60305651799996, 29.733014409000134], [-89.60295115499997, 29.733449510000185], [-89.60267661199998, 29.733583344000067], [-89.60250854499992, 29.73347091700009], [-89.60234832799989, 29.73292350800017], [-89.60213661199998, 29.73147708600004], [-89.60224151599994, 29.73124820400011], [-89.60300445599995, 29.731157303000145], [-89.60329055799997, 29.73079044100018], [-89.60357314099991, 29.730728078000084], [-89.60391998299991, 29.730881994000185], [-89.60404968299991, 29.729553223000153], [-89.60347747899988, 29.728780746000098], [-89.60179328899989, 29.728867833000095], [-89.60118865999999, 29.7282269640001], [-89.59796142599993, 29.728204076000168], [-89.59577178999996, 29.727975845000174], [-89.59252985999996, 29.728482548999978], [-89.5911146069999, 29.729008977000035], [-89.5899854569999, 29.72964984600003], [-89.58930206299993, 29.73028945900012], [-89.58833312999997, 29.73157310500011], [-89.58751678499993, 29.734254837000094], [-89.58699664199997, 29.734597509000025], [-89.58702087399996, 29.734918594000078], [-89.58770426799998, 29.735696141000176], [-89.58770426799998, 29.73693210300013], [-89.58804759099996, 29.73775989300003], [-89.58865031299996, 29.738538091000123], [-89.58862306299989, 29.738927634000106], [-89.58825739899993, 29.73922473600004], [-89.58715495199993, 29.739339177000147], [-89.58655987399999, 29.739612308999995], [-89.58591842699997, 29.739384954000116], [-89.5856571199999, 29.73867542000005], [-89.58510589599996, 29.738103867000063], [-89.58547210699999, 29.736794774000032], [-89.58547210699999, 29.73528289799998], [-89.58471107499997, 29.73359042900006], [-89.58471107499997, 29.73310977700004], [-89.58497619499997, 29.732629776000067], [-89.58573341399989, 29.731850927000153], [-89.58544921899994, 29.730131149000158], [-89.5857849119999, 29.72914695700007], [-89.5858116149999, 29.72818500300008], [-89.58426666299988, 29.72543335000006], [-89.58360481299991, 29.724656408000044], [-89.58203124999994, 29.723281860000043], [-89.58224105899995, 29.722550695000166], [-89.58211111899993, 29.722143929000083], [-89.58182525599995, 29.72179603600017], [-89.58146667499994, 29.721660613999973], [-89.5809415889999, 29.72177096200005], [-89.58061235499991, 29.721658154000124], [-89.58071899399988, 29.721315384000036], [-89.58106231699998, 29.72101783800008], [-89.58058929399988, 29.720394135000106], [-89.58071899399988, 29.718130112000097], [-89.58035278399996, 29.717466354000067], [-89.5803241729999, 29.71671039300014], [-89.57937812799997, 29.71593219500005], [-89.57937812799997, 29.715356176000057], [-89.57995605499991, 29.714120865000098], [-89.58055877699996, 29.713342667000177], [-89.58101922799995, 29.713161504000027], [-89.58129557699988, 29.7132962390001], [-89.58129557699988, 29.71363956200014], [-89.58058604299998, 29.714303319000066], [-89.58063944899999, 29.714898412000025], [-89.58121490499997, 29.715841293000153], [-89.58212817799995, 29.716661241000168], [-89.5831969219999, 29.716206853000187], [-89.5839696189999, 29.716362446000005], [-89.58520223399995, 29.71782522400008], [-89.58520507799989, 29.718793869000024], [-89.58593749999994, 29.72020340000006], [-89.58691271799995, 29.720967595000104], [-89.58795928999996, 29.721471786000166], [-89.58890589799995, 29.721516912000027], [-89.59018564799999, 29.72222231000012], [-89.59220118599995, 29.72158711900005], [-89.59289607099998, 29.721745794000128], [-89.59305199599999, 29.722042430000158], [-89.59504699699994, 29.721975327000166], [-89.59555844799996, 29.721654241000067], [-89.59937667799989, 29.72185642000005], [-89.60328674299996, 29.721170425000025], [-89.60467719999997, 29.720597570000166], [-89.60556793199993, 29.719633102000103], [-89.60585784899996, 29.71867179900005], [-89.60575103699989, 29.717320745000166], [-89.60501861599988, 29.715490341000077], [-89.60399627799995, 29.71415710400015], [-89.60399055499988, 29.71395236699999], [-89.60455541199991, 29.71342593900016], [-89.60488128699996, 29.713518143000158], [-89.6058565049999, 29.71569568400008], [-89.6066665649999, 29.71626853900017], [-89.60742950399998, 29.71626853900017], [-89.60821723899994, 29.71585590100011], [-89.60934448199993, 29.71324348400009], [-89.60994720499991, 29.71271705600003], [-89.61002540599998, 29.71211749800017], [-89.61026000999993, 29.711774826000067], [-89.61073303299992, 29.71147728000011], [-89.61151043399991, 29.711453964000157], [-89.61327995399995, 29.711934476000124], [-89.61354064799997, 29.71273422200005], [-89.61330413799993, 29.71337699899999], [-89.61286028899997, 29.713765447000185], [-89.61288452099996, 29.714342116000182], [-89.61351764699992, 29.71484457400004], [-89.61296710099992, 29.71690494300003], [-89.61276675399995, 29.716992366000113], [-89.61354446399992, 29.71690494300003], [-89.61392560999991, 29.71645054000004], [-89.61685180699999, 29.717771530000107], [-89.61763763399995, 29.717660904000184], [-89.61975097699997, 29.716764450000085], [-89.62015533399995, 29.716854095000087], [-89.62015533399995, 29.717061996000155], [-89.61905670199991, 29.718118668000045], [-89.61921557499994, 29.719147985000177], [-89.61879405099995, 29.719216649000032], [-89.61853027299998, 29.71969604500009], [-89.61866435099995, 29.720475499000088], [-89.61811065699999, 29.721002579000185], [-89.61757659899996, 29.721252441000047], [-89.61602783199993, 29.7205963130001], [-89.61497403499999, 29.720844770000156], [-89.61433558399989, 29.720458517999987], [-89.61409815799999, 29.7204793140001], [-89.6134006449999, 29.720958539000094], [-89.61152514499997, 29.72050220200009], [-89.61168345499993, 29.721211736000157], [-89.6107406619999, 29.723367691000078], [-89.61081695599995, 29.724281311000027], [-89.6104133739999, 29.724417344000187], [-89.60982513499994, 29.72430610700013], [-89.60743388199995, 29.724511449000033], [-89.60581716999997, 29.72492696500018], [-89.60368908099991, 29.7246084570001], [-89.6031576069999, 29.72465259300003], [-89.60299682599992, 29.7248363490001], [-89.60331400899997, 29.725224797000124], [-89.60378703199996, 29.72538501500003], [-89.60624429499995, 29.725635679000163], [-89.60875920899991, 29.725312535000057], [-89.61006164599996, 29.725702286000114], [-89.61150345299995, 29.725770925000177], [-89.61247253399995, 29.726388931000145], [-89.61218261699992, 29.72686958300011], [-89.61185887099998, 29.726958591000027], [-89.61139678999996, 29.726868932000173], [-89.61061096199995, 29.726320267000176], [-89.60932597199991, 29.72654849700001], [-89.60908946099988, 29.72698718800018], [-89.61004666799988, 29.72691852300011], [-89.61021861099988, 29.72730762200007], [-89.61004638799994, 29.727695465000068], [-89.60880279499997, 29.727605820000008], [-89.60841369599996, 29.727289200000143], [-89.60798644999994, 29.72749137900007], [-89.6081695549999, 29.728269577000162], [-89.60796221899989, 29.72881824200016], [-89.60832977299992, 29.729139328000088], [-89.60978703499995, 29.729616262000093], [-89.60987719599996, 29.729802434000078], [-89.60963439899996, 29.729967117000115], [-89.61086273199999, 29.73196220400007], [-89.61124285699998, 29.732251470000165], [-89.61127146799998, 29.732598607000057], [-89.60948618899994, 29.73420077999998], [-89.60938128499998, 29.73458987900011], [-89.60951232899998, 29.736011505000135], [-89.60896301299994, 29.739515305000168], [-89.60975321799992, 29.74033862800019], [-89.61116790799991, 29.741392136000115], [-89.61119708099994, 29.74155170200015], [-89.61080169799999, 29.741849899000044], [-89.61080169799999, 29.742380142000172], [-89.61101397599998, 29.742745702000036], [-89.61071777299998, 29.742769241000076], [-89.61128234899996, 29.743251801000042], [-89.6116851889999, 29.743223296999986], [-89.61376953099989, 29.744115829000123], [-89.61424255399993, 29.744577408000055], [-89.61469134499993, 29.746384923000107], [-89.61560821499995, 29.748308182000187], [-89.62088012699996, 29.75199317900018], [-89.6216703319999, 29.752339666000125], [-89.62403106699992, 29.752908707000074], [-89.62508210199991, 29.753425677000052], [-89.62619781499995, 29.753374100000144], [-89.62686920199991, 29.753923416000077], [-89.62983567299995, 29.755021453999973], [-89.62941416799998, 29.7555058640001], [-89.62967681899994, 29.75621604900016], [-89.62943896299998, 29.756833379000057], [-89.62946319699995, 29.75733566300005], [-89.63111933899995, 29.759099309000135], [-89.6314315809999, 29.759653091000132], [-89.63140734699988, 29.760842626000056], [-89.63189516799991, 29.761739770000077], [-89.63246917699996, 29.76112872800013], [-89.63221931599992, 29.760934179000117], [-89.63221931599992, 29.760339086000158], [-89.63288116499996, 29.759721756000033], [-89.63331087199998, 29.75958601000019], [-89.63366564799992, 29.759743992000097], [-89.63403320299989, 29.760421753000173], [-89.63476562499994, 29.760286331000145], [-89.63453102099999, 29.76006442800019], [-89.6342945099999, 29.75940067000016], [-89.63361358599991, 29.75887489300004], [-89.63343048099995, 29.758457184000065], [-89.63350868299995, 29.75772601800014], [-89.63374519299998, 29.75733691900018], [-89.6347427369999, 29.757246017000114], [-89.6352678209999, 29.757546727000147], [-89.63571929899996, 29.75819397000015], [-89.63658904999988, 29.757684708000113], [-89.63603210399998, 29.75713539100019], [-89.63561825599993, 29.756384197000045], [-89.63568878199999, 29.75553894000018], [-89.63613510099998, 29.75461322500007], [-89.63860563699996, 29.75475362800006], [-89.64017486599994, 29.754274367999983], [-89.64089202899993, 29.7542381290001], [-89.64243698099995, 29.753072087000078], [-89.64270019499997, 29.752531052000165], [-89.64440917999997, 29.751935959000036], [-89.64524300899996, 29.751363623000145], [-89.64562743999988, 29.751341010000147], [-89.64718627899998, 29.75242042499997], [-89.64797210699999, 29.7525806430001], [-89.64897155699998, 29.752282445000105], [-89.65065193199996, 29.751466100000187], [-89.6515884399999, 29.750974655000107], [-89.65249633799988, 29.75021934500012], [-89.65328407299995, 29.749234502000093], [-89.65317916899988, 29.748570745000166], [-89.65213012799995, 29.746345520000148], [-89.65197181699989, 29.745660131000193], [-89.65200042599997, 29.743618010999967], [-89.65165710399998, 29.74297839899998], [-89.65087127699996, 29.742108648000055], [-89.6507663729999, 29.741216008000094], [-89.65105438199993, 29.74089622500003], [-89.65187072799989, 29.740507126000068], [-89.65223693799999, 29.740049362000036], [-89.65244674699994, 29.73915225700017], [-89.65265655499996, 29.739042282000185], [-89.6526298949999, 29.73720973200011], [-89.65200042599997, 29.737138097000127], [-89.65165901199998, 29.736497228000133], [-89.65122257399992, 29.73638532100017], [-89.65076884399991, 29.73645145200004], [-89.64995440499996, 29.73716098500006], [-89.64957241299999, 29.737228010000024], [-89.64945411799994, 29.736863439000103], [-89.64759826799997, 29.735151291000022], [-89.6464383309999, 29.735028930000112], [-89.64567565899995, 29.734067266000125], [-89.64562416099989, 29.733609502000093], [-89.64607238799994, 29.732831955000165], [-89.64701843299997, 29.731983185000104], [-89.64801788299997, 29.731389999000044], [-89.64853858899988, 29.730725591000123], [-89.64919471699989, 29.730405156000188], [-89.64964294499993, 29.729925156000093], [-89.65016937399997, 29.72863769500003], [-89.65024566799991, 29.726945226000055], [-89.64885711699992, 29.723970413000075], [-89.64738655099995, 29.72176868200006], [-89.64694213899998, 29.720808029000068], [-89.64534012699994, 29.719521992000125], [-89.64544677699996, 29.71920204200012], [-89.64579991799997, 29.71904117300005], [-89.64715250999996, 29.71920139000008], [-89.6486968989999, 29.72005271900008], [-89.65180078299989, 29.721412892000103], [-89.65221405099999, 29.720602036000173], [-89.65192529899997, 29.72048615500006], [-89.64995765699996, 29.71865588900016], [-89.65019988999995, 29.716501236000113], [-89.65009307999998, 29.71590614300004], [-89.64925384499998, 29.715311050000082], [-89.64909448899994, 29.714164603000143], [-89.64678573599997, 29.71221668000004], [-89.6458426129999, 29.712079414000186], [-89.64511871299999, 29.711603165000156], [-89.64345359799995, 29.710908239000048], [-89.64290484499992, 29.710908239000048], [-89.64183890599992, 29.711367413000175], [-89.64156532299995, 29.71132022600011], [-89.64146041899988, 29.71116382300005], [-89.64161682099996, 29.710908890000155], [-89.64159393299991, 29.71042823800019], [-89.64135849299998, 29.710269385999993], [-89.64051684399999, 29.710404699000094], [-89.63958488499998, 29.710838029000058], [-89.6392052139999, 29.71079393800005], [-89.63891601599994, 29.710587804000056], [-89.63881111099988, 29.7095578360001], [-89.63849639899996, 29.70880252600017], [-89.63781738299991, 29.708137512000178], [-89.63720703099995, 29.70785903900014], [-89.63637628199996, 29.707632687000057], [-89.63558634899988, 29.70767719000014], [-89.63407897999997, 29.7082481380001], [-89.63301333499999, 29.708295170999975], [-89.63226598899996, 29.708615405000046], [-89.63180542099997, 29.7085927170001], [-89.63010523499997, 29.707312829000102], [-89.6295776369999, 29.707355499000073], [-89.62897491499996, 29.707653046000075], [-89.62857818599991, 29.70822525000017], [-89.62865447999991, 29.708639145000063], [-89.62994250299994, 29.71037799600009], [-89.63059863099994, 29.712189977000037], [-89.63188171499996, 29.713219568000056], [-89.63188171499996, 29.713426149000156], [-89.6313552869999, 29.713516235000156], [-89.63052251399995, 29.713267088000066], [-89.6297836299999, 29.71331024200009], [-89.62887947899998, 29.713629758000025], [-89.62836646999989, 29.71349460300013], [-89.62695312499994, 29.711545943000033], [-89.62710761999995, 29.710126226000057], [-89.62663650499991, 29.70971423800006], [-89.62596893299997, 29.709623337000096], [-89.62469157299995, 29.709824865000087], [-89.6239591499999, 29.711816137000028], [-89.62189940699994, 29.71293555600016], [-89.62167739999995, 29.71273166400016], [-89.62165069599996, 29.71195411700006], [-89.62256622299998, 29.710374832000014], [-89.62440490799992, 29.70881462100016], [-89.62585449099998, 29.708108902000106], [-89.62629699799999, 29.70755767800017], [-89.62552070599997, 29.707375829000114], [-89.62506103499999, 29.70695114100016], [-89.62459754999998, 29.70604450000019], [-89.62457275399998, 29.705701828000088], [-89.62392806999992, 29.70556384700012], [-89.62382507299992, 29.70427894600016], [-89.62353515599995, 29.70384407000006], [-89.62300872799989, 29.70370990500004], [-89.6224842069999, 29.703065220999974], [-89.62111854599999, 29.70251590500004], [-89.62035751299999, 29.701943700000186], [-89.62017440899996, 29.701554601000055], [-89.6185701309999, 29.700645715000178], [-89.61833819399999, 29.70098239600003], [-89.61539896999989, 29.701924627000096], [-89.61390551599993, 29.702611272000183], [-89.6130905149999, 29.70350837700005], [-89.61293029699999, 29.704099655000164], [-89.61304148699998, 29.705247228000133], [-89.61293658299996, 29.705315892000158], [-89.61233520499997, 29.70538330000005], [-89.6118850709999, 29.705087011000103], [-89.61175537099996, 29.704835892000062], [-89.61209869299995, 29.704172134000032], [-89.61172024299998, 29.704081884000175], [-89.61122950599997, 29.704217260000178], [-89.61073168799999, 29.704812352000033], [-89.61070251499996, 29.70520019500009], [-89.61101969899994, 29.705819432000055], [-89.61172923099991, 29.70657474300009], [-89.61172923099991, 29.70682651300018], [-89.61105799999996, 29.707012652000003], [-89.61013030999993, 29.706373215000156], [-89.60971069299995, 29.705820084000095], [-89.60947418199993, 29.705154418999996], [-89.60968017499994, 29.703690831000074], [-89.60947036699997, 29.703370397000185], [-89.60912895199988, 29.70323306800009], [-89.60860499399996, 29.70323306800009], [-89.60794886599996, 29.70357639000008], [-89.60709469199998, 29.703735188999985], [-89.60621643099995, 29.70323306800009], [-89.60502301599996, 29.70344100200009], [-89.60466766399998, 29.70316314700011], [-89.60340881299999, 29.703327179000155], [-89.60243853599991, 29.70374042200018], [-89.60104370099998, 29.703718185000184], [-89.60028704699988, 29.70440418000004], [-89.59989166299994, 29.705457687000035], [-89.59963282499996, 29.705640142000163], [-89.59896087599992, 29.705684662000124], [-89.59779357899998, 29.705571477000035], [-89.5974006649999, 29.705388372000073], [-89.59669494599996, 29.704610825000145], [-89.5962219249999, 29.70444870000017], [-89.59542846699998, 29.70442771900008], [-89.59452668699998, 29.704700566000042], [-89.59381103499999, 29.704244614000118], [-89.5925464629999, 29.704060857000115], [-89.59165382399993, 29.70358020500015], [-89.59051453599989, 29.70367030400007], [-89.58989715599989, 29.703465763999986], [-89.58950805699993, 29.703100204000123], [-89.58940124499998, 29.70245742800006], [-89.58984374999994, 29.701589584000033], [-89.59017300299996, 29.701544334000175], [-89.59155138999989, 29.7024129080001], [-89.59233856199995, 29.702642441000023], [-89.59320068399995, 29.702642441000023], [-89.59404182399999, 29.702390020000166], [-89.59474945099993, 29.701634710000008], [-89.59498596199995, 29.701063156000146], [-89.59501075699995, 29.700284307000118], [-89.59456634499998, 29.699044530000094], [-89.59459114199996, 29.698129003000133], [-89.59516906699992, 29.698015213000133], [-89.59582575799999, 29.69865543100019], [-89.5962982179999, 29.698701859000096], [-89.59658421799992, 29.69774016700012], [-89.5972976679999, 29.697671890000038], [-89.59753417999991, 29.697053908999976], [-89.59755706799996, 29.696298599000045], [-89.59650611899997, 29.69508487400003], [-89.5963745119999, 29.69471550000003], [-89.59655761699997, 29.694279973000164], [-89.59701538099989, 29.694257736000168], [-89.5973726179999, 29.694531743000027], [-89.59755572399996, 29.695035283000152], [-89.59844836399998, 29.695676152000146], [-89.59849985999989, 29.696091954000053], [-89.59868296699995, 29.696248357000115], [-89.60002192499996, 29.696339910000177], [-89.60067749099994, 29.696592330999977], [-89.60238322299995, 29.697438543000032], [-89.60295987999996, 29.69794425400005], [-89.60290718199997, 29.69611484300009], [-89.60275268599997, 29.695745467999984], [-89.60288238499993, 29.695150375000082], [-89.60264587499995, 29.694553375000055], [-89.60256385799988, 29.693684880000035], [-89.60167694099988, 29.692331314000114], [-89.60164647699992, 29.692033716000026], [-89.60217285199997, 29.69153022800009], [-89.60251045199999, 29.690728490000026], [-89.60248565799998, 29.689882278000027], [-89.60059547399999, 29.68694812500013], [-89.60033416699997, 29.686079025000026], [-89.59978484999988, 29.685094833000107], [-89.5998460589999, 29.684705734000147], [-89.60057830799991, 29.684705734000147], [-89.60135650699999, 29.685026169000082], [-89.60214229199994, 29.68507194299997], [-89.60419464099994, 29.685731888000134], [-89.6047668459999, 29.68518638600011], [-89.60586738599994, 29.68493015000007], [-89.60631561299988, 29.684152603000143], [-89.6067742109999, 29.68410685600014], [-89.60786112799997, 29.684403722000013], [-89.60843658399989, 29.68470192000018], [-89.6086730959999, 29.68580055200016], [-89.60880717299989, 29.685891454], [-89.60978698699995, 29.686208725000085], [-89.61055317299997, 29.686029725000026], [-89.61111450199996, 29.68639564500006], [-89.61114176799998, 29.68680698100019], [-89.61074829099994, 29.687404633000085], [-89.60998535199997, 29.68749809300016], [-89.60969981199997, 29.68765765900008], [-89.60967310999996, 29.687886541000182], [-89.60990905799997, 29.68807029700008], [-89.61098480199996, 29.688116073000174], [-89.61116790799991, 29.687863652000146], [-89.61159972499996, 29.687724519000085], [-89.61220500999991, 29.687769660000185], [-89.61234912099997, 29.687928501999977], [-89.61248016399998, 29.689237595000066], [-89.61284637499989, 29.689695358000165], [-89.61334666299996, 29.68999225400006], [-89.61363410899997, 29.68999225400006], [-89.61350289599994, 29.689556802000084], [-89.61378065399992, 29.68937809500011], [-89.61476135299995, 29.690013885000155], [-89.61508178699995, 29.689989090000154], [-89.61595719199988, 29.689301793000027], [-89.61741066099995, 29.689301793000027], [-89.61764717099999, 29.689141576000168], [-89.61769866899994, 29.688912694000066], [-89.6172542569999, 29.6886380360001], [-89.6157439889999, 29.688843072000168], [-89.61539077799989, 29.688592260000007], [-89.61528778099989, 29.688158035000072], [-89.61531066899994, 29.68710452800019], [-89.61635971099997, 29.6858227890001], [-89.61680602999996, 29.684926987000097], [-89.61716368599997, 29.68485897500011], [-89.61801147499995, 29.685224533000167], [-89.61972808799993, 29.685201645000063], [-89.62218475299994, 29.68646049500012], [-89.62284088099995, 29.687261581000143], [-89.62315368699996, 29.687513351000177], [-89.62370738099997, 29.687627141000178], [-89.6241531369999, 29.688177109000037], [-89.62541094399995, 29.688135034000027], [-89.62567767199994, 29.688912694000066], [-89.62596758899991, 29.6891644640001], [-89.62686215199994, 29.689373225000054], [-89.62784348899999, 29.68919247900004], [-89.62798747099998, 29.68932849600003], [-89.62806567299998, 29.69010669400012], [-89.6283784769999, 29.69045001700016], [-89.62908935599995, 29.690631866000047], [-89.62954570999995, 29.68999598500011], [-89.63000544499988, 29.690083806000132], [-89.63076647799988, 29.691296880000152], [-89.63115939299996, 29.69159442600011], [-89.63171386699992, 29.69148445100012], [-89.63173675599995, 29.691205978000085], [-89.63118743899997, 29.690359116000025], [-89.63111114499998, 29.689146042000175], [-89.63073730499997, 29.688987731000168], [-89.63031851899996, 29.689237099000025], [-89.62977027899996, 29.68923694299997], [-89.63016509999994, 29.68836593600014], [-89.62995529199998, 29.686929052000096], [-89.62902831999992, 29.686353683000164], [-89.62858962999996, 29.68630344100012], [-89.6277256009999, 29.685433689999968], [-89.62686290799991, 29.685046586000112], [-89.62617930499994, 29.685204808000037], [-89.62609863299991, 29.685662994000154], [-89.62591609099991, 29.685799901000166], [-89.62546118599994, 29.685958480000068], [-89.62462983299997, 29.685951896000063], [-89.62391662599993, 29.685586929000124], [-89.62399291999998, 29.684396093000032], [-89.62320930799996, 29.683872012999984], [-89.6218269449999, 29.684010029000035], [-89.62059020999999, 29.683462143000042], [-89.61978049299995, 29.683596830000056], [-89.61966705299989, 29.683185577000074], [-89.62039947599999, 29.681970596000156], [-89.62042427099999, 29.681535070000166], [-89.6196365369999, 29.680597305000106], [-89.61894988999995, 29.6802749630001], [-89.61740740799996, 29.680024450000076], [-89.61722430299994, 29.68023044300014], [-89.61622675899997, 29.68059665400017], [-89.61574363499989, 29.680619026000045], [-89.61352539099994, 29.67956924400005], [-89.61214618799994, 29.679501627000036], [-89.61064147899998, 29.678838729999995], [-89.60881794799991, 29.67904280300013], [-89.60765075699999, 29.67872428900006], [-89.60707148599988, 29.678746525999998], [-89.60596903899989, 29.679112737000025], [-89.60494860699993, 29.679707830000154], [-89.6042633059999, 29.67979812600015], [-89.60273118999999, 29.68067294800005], [-89.60166931099997, 29.68062591600011], [-89.60069712699999, 29.68126804100018], [-89.60035718699993, 29.68213810600014], [-89.60004290599994, 29.682366674000036], [-89.5991624689999, 29.682662597000103], [-89.5981597899999, 29.68249702500009], [-89.59790413299999, 29.682597023000028], [-89.59712219199997, 29.682327271000077], [-89.59673747099993, 29.682645147000073], [-89.59671020499997, 29.68302917500006], [-89.59723663299991, 29.683744431000093], [-89.59723663299991, 29.683994293000183], [-89.59701107299998, 29.684039930000154], [-89.59419250399992, 29.681730270000173], [-89.59353637699991, 29.68170738200007], [-89.59358609399993, 29.68196152200011], [-89.59306324999994, 29.682553830000074], [-89.59137154299992, 29.682941491000122], [-89.59081268299997, 29.682760239000004], [-89.58941841099988, 29.68134052000005], [-89.58860397199993, 29.680882756000187], [-89.58548057499996, 29.680011986000125], [-89.58519363399995, 29.679738347000125], [-89.58535194399997, 29.67900592500007], [-89.58645629899996, 29.678155899000103], [-89.58655738799996, 29.677903478000076], [-89.58655738799996, 29.67726260900008], [-89.58609008899992, 29.676897049000047], [-89.58508910399996, 29.67680487900003], [-89.58390808099995, 29.676416397000025], [-89.58364733699989, 29.677197759000023], [-89.58334250599995, 29.677238591000048], [-89.58272743199996, 29.67657596300012], [-89.58160400399993, 29.676050186000055], [-89.58030700699999, 29.675889969000025], [-89.5793579569999, 29.675979944000062], [-89.57845306399997, 29.67531776400017], [-89.57769775399993, 29.675134659000037], [-89.57570948299991, 29.675247990999992], [-89.57380866999995, 29.674767797000072], [-89.57333564799995, 29.674264257000175], [-89.57318115199996, 29.673784256000147], [-89.57307434099994, 29.671838109000134], [-89.57262802099996, 29.671128576000115], [-89.5720252989999, 29.670693700000015], [-89.5709991459999, 29.670276641999976], [-89.56871795699999, 29.669981003000146], [-89.56759643599992, 29.670164108000108], [-89.56740760799994, 29.66972858200012], [-89.56750106799996, 29.668816869000068], [-89.56608139599996, 29.667995352000048], [-89.56551361099997, 29.668157578000148], [-89.56399973899994, 29.668103521000035], [-89.56311990299997, 29.668627964000166], [-89.56193542499994, 29.668380737000064], [-89.56013106599994, 29.66897178200003], [-89.55906677199994, 29.668652837000025], [-89.55817413299997, 29.66865348800019], [-89.55723246699995, 29.669179265000082], [-89.55765208299994, 29.670350377000148], [-89.5577836899999, 29.6715863390001], [-89.55820330699999, 29.672227208000095], [-89.55820330699999, 29.672890966000125], [-89.55898913399989, 29.673440282000115], [-89.55961608899997, 29.674541472999977], [-89.55982836899994, 29.67522937500007], [-89.55980357199996, 29.676259343000027], [-89.55923973799992, 29.676464259000113], [-89.55810586299998, 29.67553125500018], [-89.55775451799997, 29.67561912499997], [-89.5573621659999, 29.676190679], [-89.55690002399996, 29.676532745000088], [-89.5559234619999, 29.676397324000163], [-89.55547332799995, 29.675801580000098], [-89.55505371099997, 29.675800323000033], [-89.55481719999995, 29.676168442000062], [-89.55484446599996, 29.676465337000025], [-89.55505371099997, 29.67676353500019], [-89.55601501599995, 29.67719650300012], [-89.55727016199995, 29.67703844900018], [-89.55927276699998, 29.67742538500005], [-89.56075889499994, 29.677244418999976], [-89.56194305399998, 29.677471161000085], [-89.56390913899992, 29.677153034000185], [-89.56433868399995, 29.67726707500009], [-89.56431445199996, 29.67749530500015], [-89.5630278939999, 29.6781590760001], [-89.56129702599998, 29.678181951000113], [-89.5594466519999, 29.678912943], [-89.5583572399999, 29.67889022800017], [-89.55765208299994, 29.679375951000168], [-89.55618342399998, 29.679532354000003], [-89.55456835999996, 29.680060665000155], [-89.55426711199999, 29.680016987000045], [-89.55206298799993, 29.67847949700007], [-89.55125427199994, 29.677038193000158], [-89.55117225599997, 29.676144902000033], [-89.55080413899998, 29.67506534299997], [-89.54887390099998, 29.674682617000144], [-89.54891642699994, 29.675248449000037], [-89.54864501999992, 29.67560386700012], [-89.54898101299995, 29.676327139000136], [-89.54930918699995, 29.676350433000096], [-89.54975565899991, 29.67690021200019], [-89.54978179899996, 29.67719650300012], [-89.54849680899991, 29.67900592500007], [-89.54815539399993, 29.6796048330001], [-89.54804992699991, 29.680154800000025], [-89.54726466199998, 29.680905645000053], [-89.54705047599998, 29.681322098000123], [-89.54804992699991, 29.681665421000048], [-89.54867991499998, 29.682214086000045], [-89.54999542199994, 29.682466507000072], [-89.55146026599994, 29.68203097999998], [-89.5529823299999, 29.681207006000193], [-89.55349298299996, 29.681093781000186], [-89.55429077199989, 29.68123054500012], [-89.55445098899992, 29.681436539000117], [-89.55439761299994, 29.681665292000105], [-89.55397852999988, 29.682076757000118], [-89.55277252299993, 29.682558060000076], [-89.55245837299998, 29.68303806000017], [-89.55198601699999, 29.68441037500014], [-89.55122431799992, 29.684480016000123], [-89.5490995319999, 29.684045140000023], [-89.54791888299991, 29.684113805000095], [-89.54711914099988, 29.683898925999983], [-89.54624175999999, 29.684020996000186], [-89.54492815999998, 29.6834729360001], [-89.54438018899992, 29.68374824500006], [-89.54424723699998, 29.684159581000188], [-89.54385432399994, 29.68422824600009], [-89.5433578489999, 29.683977127000162], [-89.54293823199993, 29.68335723900003], [-89.5426202679999, 29.683175389000098], [-89.54235705399998, 29.683175389000098], [-89.54193934499995, 29.683541600000126], [-89.54151972799997, 29.68363315300013], [-89.54049593999991, 29.683587377000094], [-89.54025897199995, 29.683358495000164], [-89.53816088699989, 29.68340427100003], [-89.53759765599989, 29.683609009000065], [-89.53771209699988, 29.684364319000053], [-89.53719329799992, 29.68418312100016], [-89.53683146499992, 29.683820073000163], [-89.5323333739999, 29.686882019000166], [-89.53244018699996, 29.687181313000053], [-89.53204345699999, 29.687662125000088], [-89.53238693499998, 29.688191321000147], [-89.53236254699999, 29.688580816000126], [-89.53128814699994, 29.68867111200018], [-89.52994658199992, 29.68945056700005], [-89.52914002699993, 29.689428090999968], [-89.52882060099995, 29.68999988300004], [-89.52797698999996, 29.690664291000132], [-89.52782114999997, 29.691487615000028], [-89.52729662899998, 29.692242925000187], [-89.52721842799991, 29.69288379400018], [-89.52776965199996, 29.693753545000106], [-89.5285797119999, 29.694559096999967], [-89.52941894499997, 29.69483375500016], [-89.53231048599997, 29.69526863100009], [-89.53333282499989, 29.695016861], [-89.53409576399997, 29.694192886000167], [-89.53448486399992, 29.69405555700007], [-89.53629303099996, 29.69540596000013], [-89.53629303099996, 29.69565773000005], [-89.53556060799991, 29.696044922000112], [-89.5343246459999, 29.696136475000117], [-89.53278025699996, 29.69584018400019], [-89.53068598799996, 29.695866887000193], [-89.53007507299992, 29.69618415800005], [-89.5297088619999, 29.696733475000144], [-89.52981567399996, 29.69708061200015], [-89.53031158399995, 29.69684791600008], [-89.53041705199996, 29.697308843000144], [-89.52947235099998, 29.698726654000097], [-89.52887019199989, 29.69916278600016], [-89.52842145699998, 29.69932295600006], [-89.5279235839999, 29.699275970000087], [-89.52674865699993, 29.698404312000093], [-89.52590426599988, 29.698521917000107], [-89.52535247799989, 29.69837951700009], [-89.5247497549999, 29.698793411000054], [-89.5248031619999, 29.699140549000163], [-89.52540588399995, 29.699621201000127], [-89.52677020099992, 29.699437444000125], [-89.52689990099992, 29.701154058000043], [-89.52724131599996, 29.70136005100011], [-89.52839660599994, 29.70172691300013], [-89.52894839299995, 29.701634710000008], [-89.52902984599996, 29.701269150000144], [-89.52800234799992, 29.700581853000017], [-89.52792414599992, 29.700307544000168], [-89.5297088619999, 29.69980430600009], [-89.53012847899998, 29.699827194000022], [-89.53033884999991, 29.699986760000115], [-89.53044184699996, 29.700490300000183], [-89.53067779499997, 29.700651169000082], [-89.53131103599998, 29.700559616000078], [-89.53183421299991, 29.700764959000082], [-89.53225429099996, 29.701157899000123], [-89.53359140899988, 29.701520737000124], [-89.53390502899998, 29.701799393000044], [-89.53427371099997, 29.702943151], [-89.53448486399992, 29.703035355000168], [-89.53490313599997, 29.702920263000067], [-89.53521728499993, 29.702623367], [-89.53574371299999, 29.702577591000136], [-89.53742217999996, 29.703470229999994], [-89.53852081299999, 29.70331001300019], [-89.53925761299996, 29.703584019999994], [-89.53952026399992, 29.703744888000188], [-89.53952026399992, 29.70399662900013], [-89.53896960299994, 29.704453771000146], [-89.53852328299996, 29.704179113000123], [-89.53752764699999, 29.704293554000117], [-89.53678893999995, 29.705831527999976], [-89.53639849699988, 29.70612842300011], [-89.53463745199991, 29.70665550200016], [-89.53316935599997, 29.707936589000155], [-89.53120097199991, 29.70917255100011], [-89.53041522799998, 29.70926410400017], [-89.52889308099992, 29.708691900000076], [-89.52821024999997, 29.70871478800018], [-89.52781677199994, 29.708869934000063], [-89.52729034399988, 29.70942497300007], [-89.52731760999995, 29.709950750000132], [-89.52781677199994, 29.710615157999996], [-89.52839335499993, 29.711255376000054], [-89.52933502199988, 29.71194267300018], [-89.53036498999995, 29.712217331000147], [-89.53133257899998, 29.71192294800005], [-89.53204020499999, 29.712056462000078], [-89.53277587899993, 29.71277046199998], [-89.53266906699997, 29.713157654000042], [-89.5323549179999, 29.713319127000034], [-89.5318056019999, 29.713319127000034], [-89.53093966499995, 29.713227575000076], [-89.53018188499999, 29.71290588400018], [-89.5286031629999, 29.713181798000107], [-89.52794703499995, 29.712857549000034], [-89.52723693899992, 29.713315964000003], [-89.52590044999994, 29.713662450000072], [-89.52469555499988, 29.713616767000133], [-89.52406367299994, 29.713086431000136], [-89.52371978799988, 29.713130951000096], [-89.52338084299998, 29.713635747000126], [-89.52275141799998, 29.71388751700016], [-89.52122935299997, 29.715447728000186], [-89.52093943599988, 29.716271703000075], [-89.52067776599989, 29.716271259000052], [-89.52038821399992, 29.71576816300012], [-89.52038821399992, 29.715218847000187], [-89.52146911599993, 29.713245392000033], [-89.52167510999999, 29.712087631000088], [-89.52157592699996, 29.710638046000156], [-89.52125802499995, 29.709768126000085], [-89.51931762699996, 29.707818985000017], [-89.51931762699996, 29.707199097000057], [-89.52021026599994, 29.70623588600006], [-89.52023562599999, 29.70566684500011], [-89.51947784399994, 29.704906464000032], [-89.51837158199993, 29.704402924000078], [-89.51803588899998, 29.703878403000147], [-89.51808413599997, 29.703008001000057], [-89.51874026299998, 29.70181781499997], [-89.51871546799998, 29.70128757200007], [-89.51805923499995, 29.700531485000113], [-89.51787567099996, 29.699615479000045], [-89.51753234899996, 29.69966316200015], [-89.51685198799998, 29.700097387000085], [-89.51509531999994, 29.70000583400008], [-89.51451739399994, 29.700120275000018], [-89.51317596499996, 29.700759888000107], [-89.51186617799993, 29.70099002600017], [-89.50840759299996, 29.699636459000146], [-89.5082244869999, 29.699453354000184], [-89.5082244869999, 29.698949814000116], [-89.50898226899989, 29.69780475400006], [-89.50919341999992, 29.69718551600016], [-89.50898226899989, 29.6964505360001], [-89.50835418599996, 29.69592475899998], [-89.50795992899992, 29.69580966700005], [-89.50709399299996, 29.695878331000074], [-89.50585993699991, 29.696473424000033], [-89.50570678699995, 29.69640541100017], [-89.50570678699995, 29.695442200000116], [-89.50591525099998, 29.694550816999993], [-89.50683593799994, 29.69420814500006], [-89.50699099599996, 29.694070165000028], [-89.50693759099988, 29.693887059000133], [-89.5058898929999, 29.693384171000105], [-89.50507601799995, 29.69205219000014], [-89.5046029959999, 29.691708867000045], [-89.50145721399997, 29.690746307000154], [-89.50054931599999, 29.690126419000023], [-89.50051116899994, 29.689783096000156], [-89.50103759799998, 29.689691544000027], [-89.50292643599994, 29.690198247000126], [-89.50534057599992, 29.691503525000144], [-89.50683593799994, 29.692190170000174], [-89.50764465299994, 29.692377090000036], [-89.51081848099994, 29.69230842600018], [-89.51174163899992, 29.692491531000144], [-89.51342010499997, 29.692193985000074], [-89.5152021319999, 29.692376439000043], [-89.51630401599994, 29.692216873000177], [-89.51712036099997, 29.69247245800011], [-89.51837595999996, 29.69235736600018], [-89.51911219599992, 29.69258624800011], [-89.5199737559999, 29.693616867000173], [-89.52188873299991, 29.69526290900012], [-89.52246913099998, 29.695424382000056], [-89.52323016199995, 29.695264165000083], [-89.52375793499994, 29.694759369000053], [-89.52407073999996, 29.693731308000167], [-89.52423095699999, 29.693685532000075], [-89.52396449099996, 29.69288379400018], [-89.52407130299991, 29.69192249000008], [-89.52352007899998, 29.690846746000034], [-89.5226274399999, 29.690938298000162], [-89.52231272699998, 29.69075137800013], [-89.52136993399995, 29.69072914100019], [-89.52153015099998, 29.689765930000135], [-89.52137049699991, 29.68889751200004], [-89.52428436399998, 29.685918808000167], [-89.52397155799991, 29.685461044000135], [-89.52423095699999, 29.684612274000074], [-89.5241013509999, 29.68358286400013], [-89.52496337999992, 29.683355331000087], [-89.52622222899998, 29.683721542000058], [-89.52751159699994, 29.683149338000135], [-89.52806091399998, 29.683034897000027], [-89.5285034179999, 29.683240891000025], [-89.52879333499999, 29.683149338000135], [-89.52882385299995, 29.682300568000073], [-89.52932032599989, 29.681088750000185], [-89.52926692199992, 29.68044788100019], [-89.52837618899997, 29.67929965700006], [-89.52739715599995, 29.67865371700009], [-89.5250701899999, 29.67758178700018], [-89.52143096899994, 29.676206589000117], [-89.52006530799991, 29.675199509000095], [-89.51767596299993, 29.675153081000133], [-89.51720293999989, 29.675336187000028], [-89.51688822799997, 29.67567950900019], [-89.51688822799997, 29.676160161000155], [-89.51649531499999, 29.676091497000186], [-89.51581573599998, 29.674530029000096], [-89.51502990699993, 29.673707962000037], [-89.51303347599998, 29.673135106000075], [-89.51232910199997, 29.672632217000114], [-89.51229914699996, 29.67194492100009], [-89.51274871799995, 29.671415329000126], [-89.5128021249999, 29.671117783000057], [-89.51266726499995, 29.670155828000134], [-89.51345825199996, 29.66963005100007], [-89.51460973899992, 29.66976726500002], [-89.51518249499998, 29.67015647900007], [-89.51738738999995, 29.672792435000076], [-89.51917132399996, 29.67368442300011], [-89.52063751199995, 29.674764633000166], [-89.5219497679999, 29.67545127900013], [-89.5243116289999, 29.676228826000056], [-89.52562388499996, 29.676232640000023], [-89.52630671499998, 29.675931279000054], [-89.52675112799989, 29.675336187000028], [-89.52725219699994, 29.6750850680001], [-89.52827453599997, 29.6747875210001], [-89.5292205799999, 29.674215318999984], [-89.5295563059999, 29.67428284000016], [-89.52968597399996, 29.67671394200005], [-89.52947863599996, 29.677445714000044], [-89.52971649199992, 29.677560806000145], [-89.53016146699997, 29.677491491000183], [-89.53029116799996, 29.67719394400018], [-89.53021285499995, 29.67451255700007], [-89.53110504199998, 29.67423820500011], [-89.53221130499992, 29.673460007000017], [-89.53249836099997, 29.673482668000077], [-89.53305053799988, 29.67407798800008], [-89.53347015399999, 29.67396736100011], [-89.53365325999994, 29.673738480000054], [-89.53465270999993, 29.670988083000168], [-89.53475436299993, 29.670255010000176], [-89.53462275599998, 29.66959125300002], [-89.53399658199993, 29.66872215300009], [-89.53354701099994, 29.668374364000158], [-89.53202819799998, 29.66844558700012], [-89.53079470699998, 29.667756383000096], [-89.53016571399996, 29.66766516900003], [-89.52938079799992, 29.667230606000032], [-89.52814463199996, 29.66690996800014], [-89.52790888899995, 29.666520421000143], [-89.52804020799994, 29.66633771500011], [-89.52843475299994, 29.666292191000082], [-89.5292459399999, 29.66521579500005], [-89.52887972899998, 29.663770025000133], [-89.52830505399993, 29.663244247000137], [-89.52662658799989, 29.662237167000114], [-89.52528628399989, 29.66163760900008], [-89.52413424499997, 29.660470311000154], [-89.52274378799996, 29.660561864000158], [-89.5219563739999, 29.660333076000086], [-89.52004298399993, 29.659165685000005], [-89.51965331999997, 29.658681870000066], [-89.52025305399991, 29.658177724000097], [-89.52077484099993, 29.658319473000176], [-89.52119445799991, 29.65886497500003], [-89.52471160899995, 29.65880012500014], [-89.52622222899998, 29.65848350500005], [-89.52644348099989, 29.65827179000007], [-89.52644348099989, 29.657907486000113], [-89.52350672799992, 29.657147710000118], [-89.5222473149999, 29.65627861000013], [-89.52030944799998, 29.655248642000004], [-89.51902008099995, 29.654968262000068], [-89.51742553699995, 29.654214859000035], [-89.51595362699999, 29.653870885000174], [-89.51309966999992, 29.65288543700018], [-89.51126154899998, 29.651257817000158], [-89.50872039899997, 29.650087357000075], [-89.5077215099999, 29.64944583600004], [-89.50714874299996, 29.648965836000116], [-89.50641116299994, 29.64775211100016], [-89.50614985599992, 29.647042577000036], [-89.50581359899996, 29.645048141000075], [-89.5045247939999, 29.643880193000086], [-89.50316104099988, 29.643189733000156], [-89.50295313899994, 29.64282352200013], [-89.50290163999989, 29.642113988000006], [-89.50269317599998, 29.64195442200014], [-89.50196045599995, 29.641862587000105], [-89.50169428899994, 29.641610448000108], [-89.50054988099993, 29.639844243000084], [-89.50048312199993, 29.639180486000157], [-89.49941253699996, 29.638031006000062], [-89.49920138399989, 29.63759738700014], [-89.49694824199992, 29.635532378999983], [-89.49581774799998, 29.63493854300009], [-89.49379786499992, 29.634438817000103], [-89.48947009099999, 29.632424657000115], [-89.48800143299997, 29.631989782000062], [-89.4875564589999, 29.631458282000153], [-89.48752841099997, 29.631093328000134], [-89.48813113299991, 29.630818670000167], [-89.48828944299999, 29.630383794000068], [-89.48700714099994, 29.62882804900005], [-89.48642730799992, 29.62862205500005], [-89.48639925999998, 29.627980535000063], [-89.48611450199996, 29.6276836400001], [-89.48569488499999, 29.62640190100001], [-89.4855600269999, 29.626355474000036], [-89.48554229699988, 29.6254978180001], [-89.48588046099997, 29.624165837000135], [-89.48553713799998, 29.62359363300004], [-89.48559054399993, 29.623109166000177], [-89.48580169699994, 29.62293052700005], [-89.48632487299994, 29.62304050199998], [-89.48997172399999, 29.625691716000176], [-89.49017333999996, 29.626308441000106], [-89.48986109799989, 29.62797672000005], [-89.4900436399999, 29.628068924000047], [-89.49044036899994, 29.62793159500012], [-89.49085998499993, 29.62749671900019], [-89.49117323199994, 29.62751902399998], [-89.49195918099997, 29.62873584500005], [-89.49369105299996, 29.630383794000068], [-89.49675750699993, 29.63219070399998], [-89.49885559099988, 29.63368034400014], [-89.5035596759999, 29.636067693000086], [-89.50416239799995, 29.636502568000083], [-89.50518473699998, 29.63769275400017], [-89.5070953369999, 29.640192032000186], [-89.50811767599993, 29.641935349000107], [-89.50859069799998, 29.64232444800001], [-89.50974329999997, 29.64285022500013], [-89.5110015869999, 29.64307975800017], [-89.51160430799996, 29.643354416000193], [-89.51199969299995, 29.64374286400016], [-89.5125732429999, 29.644662857000185], [-89.51480102499994, 29.646974564000004], [-89.5161405469999, 29.648694341000123], [-89.51616534299995, 29.64928913600005], [-89.51590403599988, 29.649472539000044], [-89.51454028199993, 29.648717229000056], [-89.5135179429999, 29.648579900000186], [-89.51262530399993, 29.649518316000183], [-89.51280840899989, 29.650204961000043], [-89.51328143299997, 29.6507313890001], [-89.51451110799991, 29.651556015000097], [-89.51616668699995, 29.652086257999997], [-89.51674136199989, 29.651948278000134], [-89.51684626599996, 29.651372258000094], [-89.51616668699995, 29.650365829000066], [-89.51616668699995, 29.65006828300011], [-89.51647949199997, 29.649976730000105], [-89.51870727499994, 29.651239395000005], [-89.51994118299996, 29.651582581000184], [-89.52169799799992, 29.652338028000088], [-89.52500152599998, 29.65293312099999], [-89.52689347899991, 29.652891162000174], [-89.5289916989999, 29.653211594000027], [-89.53006744399994, 29.652410507000127], [-89.53056335499991, 29.65227317800003], [-89.53315734899996, 29.653074265000157], [-89.53462982299993, 29.653211594000027], [-89.53769683799993, 29.652914047000024], [-89.54050344299998, 29.653097074000186], [-89.54157694899999, 29.65337116000012], [-89.54312133799988, 29.654039383000054], [-89.54530265099999, 29.653696060000186], [-89.54592895499991, 29.65385627699999], [-89.54650744499992, 29.65429050200015], [-89.54802760199993, 29.65580112200007], [-89.55004748399989, 29.65747577400009], [-89.55245837299998, 29.65903217100015], [-89.55285319399997, 29.659444158000042], [-89.55413782799997, 29.659925327000167], [-89.55610656699997, 29.66100120499999], [-89.55738830599995, 29.661371230000157], [-89.55948695199993, 29.661576574000094], [-89.5604858399999, 29.661485672000026], [-89.56143188499993, 29.661325454999997], [-89.56241091199996, 29.66078308100009], [-89.56237030099993, 29.660497665000094], [-89.56206512599994, 29.660211563000075], [-89.5622430709999, 29.660168950000184], [-89.56646728499993, 29.661159515000122], [-89.56476099999998, 29.659932000000083], [-89.56359863299997, 29.659461975], [-89.56229400699993, 29.659404755000082], [-89.56205749499992, 29.658609390000095], [-89.56340026899989, 29.658037186000172], [-89.56512612299997, 29.657831227000088], [-89.56725311299994, 29.65787696800004], [-89.56801032999988, 29.657625198000176], [-89.56890296999995, 29.65757942200014], [-89.57003021199995, 29.65680122400005], [-89.5708694459999, 29.65675544700008], [-89.57262611399995, 29.657075882000015], [-89.57386016899994, 29.656847000000084], [-89.57600975099996, 29.656778336000116], [-89.5765609739999, 29.656961441000078], [-89.57700347899993, 29.65735054000004], [-89.57711029099988, 29.657533646000104], [-89.57687377999997, 29.658151627000166], [-89.58049726299993, 29.6576024040001], [-89.58130645799991, 29.657625198000176], [-89.5816726679999, 29.657693863000077], [-89.58267211899994, 29.658517838000137], [-89.58440208399998, 29.659227371000156], [-89.58544987399989, 29.659158789000173], [-89.58786392199988, 29.65952491800016], [-89.58802032499995, 29.659891129000187], [-89.58697318999998, 29.66069221500004], [-89.58707809499998, 29.660898209000038], [-89.58748626699997, 29.660856247000083], [-89.58828353999996, 29.66030311600008], [-89.58951568599997, 29.66009712200008], [-89.59352874799998, 29.66025733900011], [-89.59515380999989, 29.660440445000177], [-89.5975952149999, 29.66098976100011], [-89.60265731699997, 29.661375046000103], [-89.60444068899994, 29.661375046000103], [-89.60955429099988, 29.66068840000014], [-89.60978889499995, 29.660043716000132], [-89.61201667799997, 29.658349991000193], [-89.61256862499988, 29.65819018600007], [-89.61437797499997, 29.658922195000116], [-89.61569023099992, 29.65970039400014], [-89.61597711299993, 29.659679365000045], [-89.61736869799995, 29.660360335999997], [-89.61783981299993, 29.660383224000157], [-89.61928558299996, 29.659284592000176], [-89.61902042199995, 29.658323355000164], [-89.61964988699998, 29.65834617600018], [-89.61991119399994, 29.65878105200011], [-89.62054384699996, 29.658598181000116], [-89.62114524799989, 29.65873527500014], [-89.6214599619999, 29.659215927000105], [-89.62200927699996, 29.65953636200004], [-89.62203597999996, 29.660268784000095], [-89.62222099299998, 29.660429001000125], [-89.62203788799991, 29.66182518000005], [-89.62227264899991, 29.662715000000162], [-89.6225891119999, 29.663221359000033], [-89.62355804399994, 29.663679123000065], [-89.62335014299998, 29.664140701000065], [-89.62295708499988, 29.664163487000167], [-89.6224842069999, 29.663797379000073], [-89.62133026099991, 29.663774490000037], [-89.62114715599995, 29.664300919000027], [-89.62130546599991, 29.66503334000015], [-89.62361335799989, 29.665788651000184], [-89.62565667199993, 29.66542840000011], [-89.62577056899994, 29.664991379000128], [-89.62555885299992, 29.664533615000096], [-89.62577056899994, 29.66423606900014], [-89.62663268999995, 29.664144516000135], [-89.62689781199998, 29.664281845000005], [-89.62773717699997, 29.664259005000076], [-89.62849426299988, 29.664670944000136], [-89.62849426299988, 29.665060043000096], [-89.62663268999995, 29.66695976300008], [-89.62623977699997, 29.668062210000073], [-89.62647247299992, 29.669229507000125], [-89.62683868399995, 29.669824600000084], [-89.62844085699993, 29.67161369300004], [-89.63035392799992, 29.67255210800016], [-89.63132476799996, 29.672872543000096], [-89.6319808959999, 29.672849655000164], [-89.63295173599994, 29.672643661000166], [-89.63323974599996, 29.67239189100013], [-89.63321685799991, 29.671979904000068], [-89.63271522499991, 29.671339035000074], [-89.63274373999997, 29.671088051000083], [-89.63423728899988, 29.672094345000005], [-89.63531303399992, 29.672117233000165], [-89.63633537299995, 29.672716141000137], [-89.63665008599997, 29.673173904000066], [-89.63662338299997, 29.673540115000094], [-89.63596916199992, 29.67333412200003], [-89.63533782999991, 29.67356300400013], [-89.63523101799996, 29.673974991000193], [-89.63486480699993, 29.674135208000052], [-89.63478660599998, 29.67434120200005], [-89.63502246899992, 29.67479129400016], [-89.63499450599994, 29.675188065000043], [-89.63378906299994, 29.675210953000146], [-89.63357925399998, 29.675371170000176], [-89.63357543899997, 29.67569160500011], [-89.63376235999993, 29.675874710000073], [-89.63412857099996, 29.675874710000073], [-89.6346282959999, 29.675577164000174], [-89.63486480699993, 29.67569160500011], [-89.63420677199997, 29.67713356000013], [-89.63368225099998, 29.677869797000028], [-89.63355064399991, 29.679403305000108], [-89.63415336599996, 29.680295944000136], [-89.63480949399991, 29.680822372000023], [-89.63562011699992, 29.681394576000116], [-89.63711547899993, 29.682104111000115], [-89.6402435299999, 29.682477951000124], [-89.64100646899999, 29.681827546000022], [-89.64110565299995, 29.681421280000166], [-89.64181518599992, 29.680574417000173], [-89.64289092999996, 29.679681778000145], [-89.64382171699998, 29.67926979100008], [-89.64585494999989, 29.677480698000068], [-89.64669418399995, 29.676496506000035], [-89.64895057699994, 29.676290512000037], [-89.64997291599997, 29.676038742000173], [-89.65060424799998, 29.675725937000095], [-89.65230941799996, 29.67402458200013], [-89.65285717299997, 29.67377352500006], [-89.65314483599997, 29.6738643650001], [-89.6537246709999, 29.674551010000187], [-89.65361785899995, 29.675607681000088], [-89.6530666349999, 29.677095413000075], [-89.6530914309999, 29.67856025700013], [-89.65374755899995, 29.68000221300008], [-89.65374755899995, 29.68032264700014], [-89.65312004099997, 29.680803299000104], [-89.65312004099997, 29.680944443000044], [-89.65443038899991, 29.680967331000033], [-89.65558433499996, 29.681791306000036], [-89.65815544099996, 29.68275260900009], [-89.66130065899995, 29.68435859700014], [-89.66347885099998, 29.684129714999983], [-89.66612815899998, 29.683397293000155], [-89.66706848099994, 29.683786392000115], [-89.66791343699998, 29.684564590000036], [-89.67040443399992, 29.685777664], [-89.67113876299993, 29.685686111000166], [-89.67213630699996, 29.685228348000066], [-89.67371368399989, 29.68504524200017], [-89.67423439099991, 29.68481636000007], [-89.67525672899995, 29.68387794500012], [-89.67599448099998, 29.68355763599999], [-89.6777763369999, 29.683946609000145], [-89.67864227299992, 29.68435859700014], [-89.67900848399995, 29.684312820000173], [-89.67890357999988, 29.68351173400015], [-89.67911446199992, 29.683420538000064], [-89.68687438999996, 29.68593788100003], [-89.68951415999993, 29.686124802000165], [-89.68939208999996, 29.685331345000122], [-89.68897628799994, 29.685342789000174], [-89.68850707999991, 29.685136795000005], [-89.68774414099994, 29.683832169000084], [-89.68721771199989, 29.683420181000088], [-89.68635559099988, 29.683214188000193], [-89.68501281699992, 29.683259964000058], [-89.68482971199995, 29.68367195100012], [-89.6861419679999, 29.684587479000072], [-89.6872463229999, 29.684793472000138], [-89.68748092699991, 29.684999466000136], [-89.68742942799992, 29.685136795000005], [-89.68567085299992, 29.685022353000136], [-89.68299865699998, 29.683946609000145], [-89.67811775199988, 29.68259620700013], [-89.67725181599991, 29.682619095000064], [-89.67620099899995, 29.683076797000126], [-89.67376690999998, 29.6830081170001], [-89.67344856299991, 29.682870865000098], [-89.67203521699997, 29.681058884000038], [-89.66996002199994, 29.680349350000142], [-89.66899108899997, 29.679754257000184], [-89.66799163799999, 29.678586960000132], [-89.66773223899997, 29.677530289000003], [-89.6669692989999, 29.676774979000072], [-89.66571044899996, 29.67617988500018], [-89.66426849399994, 29.676111221000042], [-89.66300964499993, 29.67572212200008], [-89.66164588899994, 29.67382240300003], [-89.6611251839999, 29.67357063300011], [-89.65959930399998, 29.67336082500003], [-89.65781402899995, 29.67393683400013], [-89.65723800699999, 29.673933029000125], [-89.65705871499989, 29.673612595000066], [-89.6579475399999, 29.6731319430001], [-89.65970611599994, 29.67288017300001], [-89.66169738799994, 29.67283439600004], [-89.66227531399994, 29.673063277999972], [-89.66416168199999, 29.674463272000025], [-89.66481780999999, 29.67478370700013], [-89.66629028299997, 29.67487525900009], [-89.66744232199989, 29.674371719000135], [-89.6689109809999, 29.673410416000138], [-89.67124183199996, 29.6725415250001], [-89.67127227799989, 29.672906876000184], [-89.6707992559999, 29.674234390000095], [-89.6709041609999, 29.674921036000057], [-89.66975021399998, 29.675218582000127], [-89.66969871499998, 29.675355911000054], [-89.67032623299997, 29.67563056900002], [-89.6710620259999, 29.67533328900015], [-89.67156028699992, 29.675424576000125], [-89.67176818799999, 29.675790787000153], [-89.67242431599999, 29.67629432700005], [-89.67473411599997, 29.677762985000072], [-89.67539024399991, 29.67806053200013], [-89.6765441899999, 29.678266525000026], [-89.67745971599999, 29.678815842000063], [-89.68024063199994, 29.679365158000053], [-89.68176269499992, 29.67918205300009], [-89.6820297239999, 29.67902183500013], [-89.68244934099994, 29.677259445000175], [-89.68294525099998, 29.676710129000185], [-89.68378448499999, 29.67631721500004], [-89.68488311799996, 29.67652320899998], [-89.68530273399995, 29.67682457000018], [-89.68588066099994, 29.67828941300013], [-89.68632507299998, 29.678701401000126], [-89.6878490439999, 29.67934227000012], [-89.68840026999999, 29.679800034000152], [-89.68840026999999, 29.680440903000147], [-89.6879787449999, 29.681497574000105], [-89.6880035399999, 29.681795120000004], [-89.68884277299998, 29.682573318000095], [-89.68961334299996, 29.682977676000178], [-89.6897659309999, 29.68259620700013], [-89.68921279899996, 29.682184219000135], [-89.68861389199998, 29.68140220600003], [-89.68897628799994, 29.679685592999988], [-89.68824195899992, 29.678998947000025], [-89.68674659699991, 29.678335190000098], [-89.68651008599988, 29.67806053200013], [-89.68632698199991, 29.67684745800011], [-89.68590736399995, 29.67622947700005], [-89.68446540799994, 29.67579460100012], [-89.6834411619999, 29.67585945100018], [-89.6822872159999, 29.676340103000143], [-89.68180954699989, 29.67638757500015], [-89.6811084759999, 29.67616081200015], [-89.67932319599998, 29.674371719000135], [-89.67877388099998, 29.6741199490001], [-89.67830085799994, 29.673662186000172], [-89.67819976899995, 29.67343330400007], [-89.6784057619999, 29.67265510600015], [-89.6783294679999, 29.67222023000005], [-89.67803764299993, 29.672197342000118], [-89.67709350599995, 29.672700882000186], [-89.67630767799994, 29.672746658000108], [-89.67494392399993, 29.672311783000055], [-89.67452430699996, 29.671667099000047], [-89.67528533899991, 29.671190262000096], [-89.6765441899999, 29.66972160299997], [-89.67754099699994, 29.669424313000093], [-89.67809295699999, 29.66972160299997], [-89.6788253769999, 29.66935539200017], [-89.67898559599996, 29.66887474100008], [-89.67995452799988, 29.668531417999986], [-89.68037414599996, 29.66818809500012], [-89.68119049099994, 29.666769028000033], [-89.68168640199991, 29.666379929000072], [-89.68212925599988, 29.666334312000117], [-89.68283843999995, 29.6667461400001], [-89.68352127099996, 29.666631699000106], [-89.68360137899992, 29.666334152000104], [-89.68459510799988, 29.665555954000183], [-89.68703460699993, 29.66509819000015], [-89.68936920199997, 29.664155960000187], [-89.68958282499995, 29.66349220300009], [-89.68931579599996, 29.663331985000127], [-89.68910980199996, 29.66289711000013], [-89.6891326899999, 29.662233352999976], [-89.6898670199999, 29.661615372000142], [-89.69212341299999, 29.660493851000126], [-89.69380040499993, 29.660333712000124], [-89.69860076899994, 29.66099739100008], [-89.69949340799997, 29.661020279000184], [-89.70027923499998, 29.66083335900015], [-89.70109558199994, 29.66005516100006], [-89.70331954999995, 29.65653038000005], [-89.70434570399999, 29.655748367000058], [-89.70481589399992, 29.655680114000177], [-89.70688629199998, 29.656503677000046], [-89.70754241899994, 29.656572342000118], [-89.70759391199994, 29.658269691000157], [-89.70646667499989, 29.658292770000173], [-89.70570373499993, 29.659208298000067], [-89.70489311199992, 29.659597397000027], [-89.70478820799991, 29.65982627900013], [-89.70533752499989, 29.660123825000085], [-89.70549774199992, 29.660490036000112], [-89.70628356899994, 29.660329819000083], [-89.70649337799989, 29.66092491100011], [-89.70683479299998, 29.660879135000016], [-89.70717620799991, 29.66039848300005], [-89.70754241899994, 29.660421370999984], [-89.70827484099993, 29.660970688000077], [-89.70864486699992, 29.6619777680001], [-89.71042633099995, 29.663351059000092], [-89.71124076799993, 29.663217545000066], [-89.71312713599997, 29.66385841400006], [-89.71368026699997, 29.663766861000056], [-89.71420478799996, 29.663076401000126], [-89.71449279799998, 29.663076401000126], [-89.7154903419999, 29.663671494000084], [-89.7160148619999, 29.663763045999985], [-89.71714210499988, 29.663602829000183], [-89.71947479199991, 29.662687302000165], [-89.72036743299998, 29.6625041960001], [-89.7205772399999, 29.661840439000173], [-89.7205505369999, 29.660993575000077], [-89.72036743299998, 29.660577774000046], [-89.71955299399997, 29.659936905000052], [-89.71819305399998, 29.659456253000087], [-89.71703529399997, 29.659299850000025], [-89.71520204199999, 29.659433247000152], [-89.71475410499994, 29.65925025900009], [-89.71372985799991, 29.65812873800013], [-89.71312713599997, 29.657785416000138], [-89.71163177499994, 29.65764808700004], [-89.71092414899994, 29.65735054000004], [-89.71055793799991, 29.656549454000185], [-89.71018981899994, 29.65620613100009], [-89.70992851299991, 29.656091690000153], [-89.70911444699993, 29.656320366000045], [-89.70859527599998, 29.656183243000157], [-89.70929908799997, 29.655519485000127], [-89.71035003699996, 29.6549243930001], [-89.71134376599991, 29.6546497330001], [-89.71241760299995, 29.654832840000097], [-89.71372985799991, 29.65620613100009], [-89.71464538599992, 29.656732559000147], [-89.71729278599992, 29.656938553000145], [-89.71816253699996, 29.657144547000144], [-89.71942138699995, 29.657945633000168], [-89.72054862999994, 29.658952712000087], [-89.72115325899995, 29.659227371000156], [-89.72306632999988, 29.65952491800016], [-89.7252426149999, 29.65931892400016], [-89.72534942599998, 29.65968513500019], [-89.72624206499995, 29.660188675000086], [-89.72611236599994, 29.65886116000013], [-89.72561073299994, 29.658586502000162], [-89.72243673999992, 29.65867801400009], [-89.72188568099989, 29.65854072600007], [-89.72010231099995, 29.657396317000178], [-89.71929168699995, 29.65659523000005], [-89.7188434599999, 29.656389236000052], [-89.71498870799996, 29.655702591000193], [-89.71352004999989, 29.654397964000168], [-89.7125492099999, 29.65410041800004], [-89.71170997599995, 29.65355110200005], [-89.71063232399996, 29.65332222000012], [-89.70837974499995, 29.65524482700016], [-89.70639038199988, 29.655153275000032], [-89.70560073899992, 29.654947280000158], [-89.70568084699988, 29.654489517000172], [-89.70686340299994, 29.653390884000146], [-89.70688629199998, 29.652772903000084], [-89.70675659199992, 29.652429581000092], [-89.70575714099988, 29.651399612000034], [-89.70444488499993, 29.650896072000137], [-89.70161437999997, 29.651399612000034], [-89.70127105699999, 29.651880264000056], [-89.70205688499999, 29.653802872000142], [-89.70232391399998, 29.65410041800004], [-89.70266723599997, 29.65410041800004], [-89.70331954999995, 29.65341377300018], [-89.70376586899988, 29.653367996000043], [-89.70413207999991, 29.65348243700015], [-89.70447349499995, 29.65387153600011], [-89.70481490999993, 29.65485572800003], [-89.70339775199989, 29.655153275000032], [-89.7021923079999, 29.65650749200006], [-89.70051383999993, 29.659231186], [-89.69985961899988, 29.65984916700006], [-89.69873114599989, 29.660169467000117], [-89.69597816499993, 29.659898757999997], [-89.69400978099992, 29.65932273900006], [-89.6930389399999, 29.659299850000025], [-89.69252014199998, 29.658910751000064], [-89.69193839999997, 29.658910751000064], [-89.69031333899989, 29.659757614000057], [-89.68905604799988, 29.660104317000048], [-89.68868637099996, 29.658521652000104], [-89.68884277299998, 29.658086777000108], [-89.68936920199997, 29.657583236999983], [-89.68944740299992, 29.656782150000083], [-89.69005012499997, 29.656484604000127], [-89.69204330399998, 29.656347275000087], [-89.69233131399989, 29.656118393000156], [-89.69198989899996, 29.65582084700003], [-89.69081115699998, 29.6555919650001], [-89.68923893999994, 29.655980620000037], [-89.68894958499993, 29.65575218200013], [-89.68850326499995, 29.655706406000036], [-89.68829345699993, 29.655889510999998], [-89.68829345699993, 29.656118393000156], [-89.68876457199991, 29.65650749200006], [-89.6887893679999, 29.65675926200015], [-89.68850326499995, 29.65698814400008], [-89.68800490999996, 29.657079441000064], [-89.68719482499989, 29.656415939000055], [-89.68635559099988, 29.656232834000093], [-89.68533325199996, 29.656232834000093], [-89.68457031199989, 29.655912399000158], [-89.68386077899999, 29.65442466700017], [-89.68286514299996, 29.653894424000043], [-89.6821575159999, 29.653985977000104], [-89.6815528869999, 29.654283524000107], [-89.67961120599989, 29.656461716000024], [-89.67935180699993, 29.657011032000185], [-89.67864227299992, 29.657423019000078], [-89.67866516099997, 29.658590317000005], [-89.6783542629999, 29.65865898100003], [-89.67759704699989, 29.657903671000042], [-89.67680358899997, 29.657903671000042], [-89.67636108399995, 29.65810966500004], [-89.67651939399997, 29.659231186], [-89.67636108399995, 29.65982627900013], [-89.67586326599996, 29.660585403000084], [-89.67360687299998, 29.66227912900007], [-89.6728986949999, 29.662416251000025], [-89.67234802199988, 29.66207313500007], [-89.67208862299992, 29.661432266000077], [-89.67229652399999, 29.660673141000075], [-89.67221832299992, 29.660421370999984], [-89.67153930699993, 29.66023826600002], [-89.67077636699997, 29.659528732000126], [-89.67040824899999, 29.65964317300012], [-89.67032623299997, 29.660032272000024], [-89.6700928539999, 29.66010002800016], [-89.66886138899997, 29.657514572000082], [-89.66854858399995, 29.65714836100011], [-89.66776275599995, 29.656873703000088], [-89.66705322299993, 29.656343460000187], [-89.66616058299996, 29.65606880200005], [-89.66587066699998, 29.656343460000187], [-89.66547775299989, 29.657445908000113], [-89.66474785499997, 29.657788677000156], [-89.66351318399995, 29.65689659100002], [-89.66309356799997, 29.65675544700008], [-89.66243743899997, 29.65680122400005], [-89.66191101099992, 29.65705680800005], [-89.66167640699996, 29.65705680800005], [-89.66157150299989, 29.656869888000074], [-89.66162490799996, 29.656389236000052], [-89.66238403299997, 29.65446662900007], [-89.6633834839999, 29.65368843100015], [-89.6640396119999, 29.65348243700015], [-89.66490173299991, 29.653459549000047], [-89.66595077499994, 29.654146194000134], [-89.66707801799993, 29.654191971000103], [-89.66760444499988, 29.654031754000073], [-89.66857337999994, 29.653299332000188], [-89.66904640199994, 29.65270423900006], [-89.66458892799989, 29.652818680000053], [-89.66251563999992, 29.65235710100012], [-89.66209411599988, 29.65270423900006], [-89.66207122799995, 29.65293312099999], [-89.66251373299997, 29.65309333800002], [-89.66259384199992, 29.65327644299998], [-89.65991783099992, 29.655061722000028], [-89.65926361099997, 29.65558815000003], [-89.65904998799988, 29.656000137000092], [-89.65892028799999, 29.656389236000052], [-89.65900039699994, 29.656892776000177], [-89.65926170299991, 29.657167435000076], [-89.65960693399995, 29.657121658000108], [-89.65973663299997, 29.656503677000046], [-89.66025561299989, 29.65636677100008], [-89.66039094399991, 29.656691313000124], [-89.6604156489999, 29.657926558999975], [-89.65904998799988, 29.65849876400017], [-89.6580818409999, 29.659253707000005], [-89.65774536099997, 29.658956528000033], [-89.65776824999989, 29.655702591000193], [-89.6590805049999, 29.654397964000168], [-89.65926361099997, 29.653619766000077], [-89.65918731699998, 29.65338707000018], [-89.65840148899997, 29.653047562000154], [-89.65077161599999, 29.653272609000055], [-89.64898681599993, 29.653226852000046], [-89.6475677489999, 29.65288353000011], [-89.64707183899992, 29.652376175000143], [-89.64696502699996, 29.652082443000154], [-89.64709663399992, 29.65175819400008], [-89.64725494399988, 29.65160179100019], [-89.64830779999988, 29.65144157400016], [-89.64851379399994, 29.651254654000127], [-89.6486454009999, 29.650568008000164], [-89.64951324499998, 29.650476456000035], [-89.64990425199989, 29.650064468000096], [-89.6498794559999, 29.649332047000144], [-89.64932632399996, 29.648805617999983], [-89.64804267899996, 29.648073196000155], [-89.64709854099999, 29.64690208400009], [-89.64681243899997, 29.646745682000073], [-89.64617919899996, 29.646833420000064], [-89.6448173519999, 29.647634506000088], [-89.64384610399992, 29.64772592500009], [-89.64295577999997, 29.64731407200003], [-89.64229965199996, 29.646444321000104], [-89.64214324999989, 29.645116806000146], [-89.64240846299998, 29.64488850700019], [-89.64487075799997, 29.645689011000172], [-89.65305137599995, 29.645944595000174], [-89.65995025599995, 29.646677017000172], [-89.66118049499994, 29.64592170700007], [-89.66230773899997, 29.64493751500015], [-89.66278076199995, 29.644960403000084], [-89.66345977799989, 29.645624161000114], [-89.66374969499998, 29.645624161000114], [-89.66349029499992, 29.64459419300016], [-89.66390846699989, 29.644525765000026], [-89.66435432299994, 29.64475441000019], [-89.66524505599989, 29.64438819900016], [-89.66501045199993, 29.6430377960001], [-89.66477394099991, 29.64271736100011], [-89.66249275199993, 29.64113426200015], [-89.66123342399999, 29.641408607000187], [-89.6600570679999, 29.640539169000192], [-89.6589012149999, 29.640241623000122], [-89.6568069459999, 29.638040543000045], [-89.65643691999998, 29.637285233000114], [-89.65644073599992, 29.636850357000185], [-89.6566745529999, 29.63678242700007], [-89.65709686299994, 29.637056351000183], [-89.65711975199997, 29.6354312900001], [-89.65638732899993, 29.635087967000175], [-89.65675353999995, 29.633943558000112], [-89.6568069459999, 29.632978439000055], [-89.65659713799988, 29.632360457999994], [-89.65541839599996, 29.63059806800004], [-89.65473556499995, 29.629198074000044], [-89.65408325199991, 29.62853431700006], [-89.65386962999997, 29.62846565200016], [-89.65376281699997, 29.628831863000187], [-89.6541328429999, 29.62991142300018], [-89.65494537399991, 29.630758286000173], [-89.65609741199995, 29.63254356400006], [-89.65617370599995, 29.633825302000048], [-89.65586090099998, 29.634515761999978], [-89.65483856199995, 29.634191513000076], [-89.65376472499992, 29.63352775600015], [-89.65292549099996, 29.632658005000053], [-89.6523227699999, 29.63238334700003], [-89.64914894199995, 29.63164711000013], [-89.64802551299988, 29.63109779399997], [-89.64781379699997, 29.630250930999978], [-89.64807891799995, 29.62931251500015], [-89.64933776999993, 29.628557204999993], [-89.64967536899997, 29.628190994000192], [-89.64986419799993, 29.627092361000166], [-89.64888954199995, 29.626195908000113], [-89.64820861899994, 29.625921249000044], [-89.64713287399991, 29.62578391900007], [-89.64611053499999, 29.62610435500011], [-89.64508819599996, 29.62594413800008], [-89.64459228499993, 29.626237869000136], [-89.64408874499992, 29.62688255300003], [-89.64367290799999, 29.62704236500008], [-89.6436462399999, 29.62672233600017], [-89.64409255999999, 29.626012802000105], [-89.64411926399998, 29.625642776000177], [-89.64577484099999, 29.625551224000105], [-89.6460132599999, 29.62482261700012], [-89.64323425299995, 29.62490272500014], [-89.64365386999992, 29.62436103800019], [-89.64354896499992, 29.623971939000057], [-89.64326095599995, 29.624017715000093], [-89.64245605599996, 29.62521171600008], [-89.6424407959999, 29.625574112000038], [-89.64343643199999, 29.625989914000115], [-89.64311981199995, 29.62740898100003], [-89.64322662399991, 29.627752304000126], [-89.6436462399999, 29.627912521000155], [-89.64456209199994, 29.62756954500003], [-89.64485168499994, 29.628282547000026], [-89.64587402299992, 29.629220963000023], [-89.64589691199996, 29.629449844000078], [-89.64550698399995, 29.629586796000012], [-89.64430236799996, 29.629198074000044], [-89.64264869799996, 29.629148483000108], [-89.6404495239999, 29.628805161000116], [-89.63874244699997, 29.628187180000054], [-89.63719940199996, 29.627912521000155], [-89.63635826099988, 29.627912521000155], [-89.63365745499999, 29.628778458000113], [-89.63292586699993, 29.628873469000098], [-89.63216400099998, 29.62868690500011], [-89.63148368299989, 29.628869522000173], [-89.63072013899995, 29.628458023000178], [-89.63050842299992, 29.629236221000042], [-89.62950897199994, 29.629945755000165], [-89.62927818399993, 29.63058662400016], [-89.62793731699992, 29.631479263000188], [-89.62772941599997, 29.631986618000155], [-89.6274414049999, 29.632051468000043], [-89.62728500399993, 29.63179969800018], [-89.62791442899999, 29.630151749000163], [-89.62799263099998, 29.628961563000075], [-89.6288604749999, 29.6269245150001], [-89.6288604749999, 29.625619888000074], [-89.63038825999996, 29.62467765800011], [-89.63083267199994, 29.62428855900015], [-89.63127899299991, 29.623556137000094], [-89.63259315499994, 29.620096207000188], [-89.6326217649999, 29.618722915999967], [-89.63227844099993, 29.617464066000082], [-89.6314926149999, 29.61627388000005], [-89.6305007929999, 29.615747452000164], [-89.6295795449999, 29.615518570000063], [-89.6273040769999, 29.61528587300006], [-89.6268272399999, 29.6151027680001], [-89.62661743199993, 29.614850998000065], [-89.62669563299994, 29.614667892], [-89.62924019899998, 29.614599275000103], [-89.6308364869999, 29.61506080600003], [-89.63523864699988, 29.616594315000157], [-89.64155578699996, 29.619184493999967], [-89.6425533289999, 29.619737624000095], [-89.64456939699994, 29.621820450000143], [-89.64653778199988, 29.622945786000173], [-89.64732360799997, 29.623792648000062], [-89.64997100799991, 29.624135971000157], [-89.65190887499995, 29.62490654000004], [-89.65639495799996, 29.624803543000098], [-89.65733909599999, 29.62490654000004], [-89.65843200699999, 29.625925064000114], [-89.65850830099993, 29.62619972200008], [-89.65798759599994, 29.626817703000143], [-89.65801238999995, 29.62722969100014], [-89.6588516249999, 29.627691269000138], [-89.65887832599998, 29.628034592000006], [-89.65798568699995, 29.628744125000026], [-89.6580390929999, 29.62892723100009], [-89.65850830099993, 29.62929344200012], [-89.65877532999991, 29.62922477699999], [-89.65908813599992, 29.62853813200013], [-89.65958404499992, 29.628355026000065], [-89.6608428959999, 29.629201889000058], [-89.66165924099994, 29.630414963000078], [-89.66217994699997, 29.630254745000116], [-89.66215515099998, 29.629568100000085], [-89.66123962399996, 29.62885856600019], [-89.66126441999995, 29.628721237000093], [-89.66149902299992, 29.6286067960001], [-89.66262626599996, 29.629133224000157], [-89.66294097999997, 29.629018784000095], [-89.66307258599994, 29.628812790000097], [-89.6627311709999, 29.62824058500013], [-89.66346740799997, 29.6278743740001], [-89.66380691499995, 29.62732505800011], [-89.66357421899994, 29.627119064000112], [-89.66301727399997, 29.627119064000112], [-89.66217804099989, 29.62771415700007], [-89.66162802599996, 29.62773525500006], [-89.66126441999995, 29.62748527500014], [-89.6599540709999, 29.625719070000116], [-89.66003417999997, 29.625543594000135], [-89.66115570099993, 29.62521362300015], [-89.66143035999994, 29.624917984000092], [-89.66258239699994, 29.62452507000006], [-89.66321182299998, 29.623792648000062], [-89.66368293799997, 29.62278556800004], [-89.66368293799997, 29.621984482000187], [-89.66294860799997, 29.62095451400006], [-89.66313171399992, 29.62072563200013], [-89.6640758509999, 29.62104606600019], [-89.66475677599999, 29.62170982400005], [-89.6659011829999, 29.62611198400009], [-89.66705703699989, 29.626844406000146], [-89.66724204999991, 29.6278743740001], [-89.66760826099994, 29.628126144000134], [-89.66828918499988, 29.627897263000136], [-89.66826629599996, 29.62748527500014], [-89.6665344239999, 29.625905991000025], [-89.66664101299995, 29.625684913000043], [-89.66750335699999, 29.62611198400009], [-89.66947174099994, 29.627794266000024], [-89.67015075699999, 29.6280803680001], [-89.67531585699999, 29.62877082800003], [-89.67964172399996, 29.628263474000164], [-89.68231964099994, 29.62838172900007], [-89.68467712399996, 29.627897263000136], [-89.68661498999995, 29.62686729400008], [-89.68800544599998, 29.62702751200004], [-89.68811798099989, 29.623884201000067], [-89.68827819799992, 29.623289108000165], [-89.68882751499996, 29.622510910000074], [-89.6896896369999, 29.621961594000084], [-89.68961334299996, 29.620771407999996], [-89.68857154899996, 29.620454408000057], [-89.68748664899988, 29.618478775000142], [-89.68837737999996, 29.61687660200016], [-89.68845558199996, 29.616350174000104], [-89.68874359099993, 29.615892410000072], [-89.69099426299994, 29.61536788900014], [-89.69181060799997, 29.614721298000177], [-89.69244384799998, 29.613759995000123], [-89.69322407699997, 29.613600125000062], [-89.69511413599992, 29.614698410000074], [-89.69577026399998, 29.61490440400007], [-89.69804954499989, 29.61488151600014], [-89.69969940199996, 29.61595726000013], [-89.70059204099994, 29.616212845000064], [-89.70285034199992, 29.616006851000066], [-89.70320892299992, 29.615541458000166], [-89.70285034199992, 29.615228653000145], [-89.70243072499994, 29.614309311000113], [-89.70263671899994, 29.61380577099999], [-89.70153783799992, 29.613942798000096], [-89.70122146599988, 29.613554001000125], [-89.70111846899988, 29.61307334900016], [-89.70240020799997, 29.612958907999996], [-89.70444488499993, 29.61307334900016], [-89.70538933599994, 29.612684598000044], [-89.70567321799996, 29.61300468400009], [-89.70625305199991, 29.613096237000093], [-89.70871907399993, 29.612936042000058], [-89.71113014199994, 29.613050461000057], [-89.7151412959999, 29.611146927000107], [-89.71409034699991, 29.609933853000086], [-89.7132263179999, 29.60945320100012], [-89.71267700199996, 29.608331680000163], [-89.7120208739999, 29.607847214000003], [-89.71212694899998, 29.60764172000006], [-89.7125701899999, 29.6077136990001], [-89.71388053899994, 29.608400345000064], [-89.71731445799998, 29.608396754000182], [-89.71823120099992, 29.608694076999996], [-89.72040748699999, 29.608900070000118], [-89.72289657599998, 29.60821342500003], [-89.72315979099989, 29.607686996000098], [-89.72350311299988, 29.60754966700017], [-89.72688143799996, 29.60722556200011], [-89.72727394099996, 29.607362747000025], [-89.7279281619999, 29.60724830600003], [-89.72824287399999, 29.60695076000013], [-89.73004913299997, 29.606973648000064], [-89.73060226399991, 29.607271194000134], [-89.73120498699996, 29.607889175000025], [-89.73149490399999, 29.608896255000047], [-89.73110198999996, 29.609560013000078], [-89.73007965099993, 29.610315323000066], [-89.7298431399999, 29.610387802000105], [-89.72895049999994, 29.610155106000036], [-89.72908401499996, 29.61086845400007], [-89.72960853599994, 29.611120224000103], [-89.73070995899997, 29.610800296000093], [-89.73126029999992, 29.61111640900009], [-89.73170471299989, 29.611715317000062], [-89.73170471299989, 29.61231041000019], [-89.73139190699999, 29.613134384000148], [-89.73146820199997, 29.613523483000108], [-89.73170471299989, 29.613683701000014], [-89.73283386299988, 29.614004135000073], [-89.7343273159999, 29.613866805999976], [-89.73582076999998, 29.61418724100014], [-89.7373962399999, 29.614046097000028], [-89.73870468099989, 29.613725662000036], [-89.7400970459999, 29.613794327000107], [-89.74035644499997, 29.61363410900003], [-89.74038314799998, 29.61285591100011], [-89.74069595399999, 29.61246681200015], [-89.74074935899989, 29.61178016700012], [-89.7406463619999, 29.61141014100002], [-89.73993492099999, 29.610609054999998], [-89.73948669499998, 29.610864639], [-89.7395172119999, 29.61139106800016], [-89.74004173299994, 29.612123489000112], [-89.7394924159999, 29.612924576000182], [-89.73684442699994, 29.613542310000128], [-89.73579597499992, 29.613313675000143], [-89.73477172899993, 29.613317490000043], [-89.73414611799996, 29.613088608000112], [-89.7334899899999, 29.612493515000153], [-89.7334899899999, 29.61203575100012], [-89.7342758179999, 29.611139297000193], [-89.73490333599989, 29.610841751000066], [-89.73652648899997, 29.609468460000073], [-89.73828315699996, 29.60882377600018], [-89.7385272979999, 29.60767173800008], [-89.73749732999994, 29.60747337300012], [-89.73613738999995, 29.606901169000025], [-89.73482131999992, 29.605756760000077], [-89.73398208599997, 29.605367661000116], [-89.73246192899995, 29.60500145000009], [-89.73141479499998, 29.604452133000052], [-89.72965621899988, 29.60268974300004], [-89.72876739399999, 29.60232353200007], [-89.72635650599989, 29.60186576800004], [-89.72522735599989, 29.601362228000085], [-89.72464942899995, 29.600629807000132], [-89.72430801399997, 29.60049247700016], [-89.72218704199997, 29.60177421600008], [-89.72161102299998, 29.602579117000175], [-89.72137451199995, 29.602647781000144], [-89.72061347999988, 29.601732254000183], [-89.72087860099998, 29.60056114200006], [-89.72084999099991, 29.599874496000098], [-89.7204589829999, 29.598501205000048], [-89.71995735199994, 29.597700119000024], [-89.71987914999988, 29.597333908000053], [-89.72003555299995, 29.597105026000122], [-89.72048056499989, 29.597036563000017], [-89.72110748299991, 29.597402573000124], [-89.72123718299997, 29.598569870000176], [-89.72216033899997, 29.5996456150001], [-89.72294616699998, 29.59980583200013], [-89.72393985399998, 29.59941713300003], [-89.72504234299998, 29.59994316100017], [-89.72572326699998, 29.600057602000163], [-89.72590827899995, 29.60001182600007], [-89.72583007799994, 29.59980583200013], [-89.72459466299995, 29.59882164000004], [-89.72320747399993, 29.59882164000004], [-89.72234344399993, 29.598524094000084], [-89.72205352799995, 29.59827232400005], [-89.72116279699998, 29.59671592700016], [-89.72013855099993, 29.596601486000168], [-89.71872675299994, 29.59724210900015], [-89.71775817899999, 29.5960979460001], [-89.7161827089999, 29.59600639300004], [-89.71597289999988, 29.595434189000173], [-89.71657562299993, 29.594999313000073], [-89.71746826199995, 29.594839096000044], [-89.71796417199988, 29.594400406000148], [-89.71867179899988, 29.594747542999983], [-89.71971893299997, 29.595594405999975], [-89.72105789199998, 29.596189499000104], [-89.72202682599993, 29.596464156000025], [-89.72388458299991, 29.59668922400016], [-89.72881317099996, 29.598932266000133], [-89.7287635799999, 29.598726272000135], [-89.72897338899998, 29.598474502999977], [-89.72999381999995, 29.598703384000032], [-89.73133087199989, 29.59865760800011], [-89.7320632929999, 29.598955154000066], [-89.73374366799993, 29.598840714000175], [-89.73298263499993, 29.59842872600001], [-89.73293304399994, 29.598108292000177], [-89.72989082299995, 29.597284317000117], [-89.72965431199998, 29.59737587000012], [-89.72931289699989, 29.597124100000087], [-89.72857856799999, 29.596071243000097], [-89.72860717799995, 29.595682144000136], [-89.7288665769999, 29.59554481500004], [-89.72899627699991, 29.595750809000037], [-89.72949600199996, 29.595888138000134], [-89.72965240499991, 29.59579658500013], [-89.72965240499991, 29.59554481500004], [-89.72910308799993, 29.594926833999978], [-89.72907638499998, 29.594537735000074], [-89.72810554499995, 29.593942642000115], [-89.7275276179999, 29.59330177300012], [-89.72666358899988, 29.59093666100017], [-89.72600746199998, 29.590162277000047], [-89.72614669799992, 29.589521408000053], [-89.72606086699994, 29.589284897000084], [-89.72522117799991, 29.589452555000094], [-89.72467040999999, 29.589223862000097], [-89.72152709999989, 29.586271286000056], [-89.72079467799995, 29.585447310999996], [-89.72068786599993, 29.585103989000004], [-89.72135162399996, 29.584356308000054], [-89.72097778299991, 29.584165573000178], [-89.71974182099996, 29.582925797000087], [-89.7196903229999, 29.58267402600012], [-89.71738433799993, 29.5812320710001], [-89.71520996099991, 29.579355240000154], [-89.71473693799993, 29.579149245999986], [-89.71329498299991, 29.57887458800019], [-89.71141052199994, 29.5780963900001], [-89.70978546099997, 29.577913284000033], [-89.70779418899997, 29.577913284000033], [-89.70726776099991, 29.57773017900007], [-89.70655969299997, 29.578027403000192], [-89.70587921099997, 29.577638626000066], [-89.70553779599999, 29.577615738000134], [-89.70459659299996, 29.578004247000024], [-89.70273590099993, 29.576860428000145], [-89.70233917199988, 29.576791763000074], [-89.70163629399991, 29.577020025000138], [-89.70113563599989, 29.576700211000116], [-89.70001220699993, 29.576517105000107], [-89.69859482399988, 29.576814554000123], [-89.69812202499992, 29.57660865800011], [-89.69705200199996, 29.575624466000022], [-89.69398498499993, 29.574182510000128], [-89.69259643599997, 29.573244095000177], [-89.69227790799994, 29.572832108000114], [-89.69227790799994, 29.572465897000086], [-89.69235992399996, 29.57228279100002], [-89.69270115099994, 29.57221454600017], [-89.6939544679999, 29.572809219000078], [-89.69434928799996, 29.572854996000046], [-89.69613075299992, 29.572557449000044], [-89.69636726399995, 29.572164536000116], [-89.69539642299992, 29.570447922000028], [-89.69539642299992, 29.570219040000097], [-89.69557952999997, 29.570127487000036], [-89.69599914599996, 29.570219040000097], [-89.69702148499994, 29.57099723800019], [-89.6997985839999, 29.572118759000148], [-89.70060729999994, 29.572233200000085], [-89.70139312699996, 29.57271766700012], [-89.70247007399996, 29.572553794000157], [-89.70314788799993, 29.572645186999978], [-89.70514488299995, 29.573930740000037], [-89.70679473899997, 29.576196671000048], [-89.70755577199998, 29.576814651000177], [-89.70810699499998, 29.57697486900014], [-89.7080535899999, 29.576356888000078], [-89.70692634599993, 29.575578690000157], [-89.70624542199988, 29.574064255000167], [-89.70475006099997, 29.572828293000043], [-89.70501327499989, 29.572164536000116], [-89.70522308299996, 29.571981429000175], [-89.70571910099994, 29.571958624000104], [-89.70687103299997, 29.573011398000176], [-89.70803070099998, 29.57369804399997], [-89.70802497899996, 29.572553635000077], [-89.70765876799993, 29.57237052900018], [-89.70621681199992, 29.570791245000066], [-89.70475006099997, 29.56992149400014], [-89.70354461699998, 29.569440842000176], [-89.70312499999989, 29.56907463100015], [-89.70236968999995, 29.567491531000087], [-89.70082092299998, 29.566164017000006], [-89.70011138899997, 29.565752029000066], [-89.69875335799992, 29.565568924000104], [-89.69832992599999, 29.565202713000076], [-89.69754409899997, 29.563669204999997], [-89.69754409899997, 29.563531876000127], [-89.69791193099996, 29.5634863680001], [-89.70110702499989, 29.56414985700019], [-89.70163154599999, 29.564081192000117], [-89.70307159399994, 29.563299179000126], [-89.70375442499994, 29.56332206700006], [-89.70448684699994, 29.563665390000153], [-89.7048492429999, 29.56401252699999], [-89.70487976099997, 29.56483650200005], [-89.70508956899994, 29.565019608000114], [-89.70584869399994, 29.56506538400015], [-89.70566558799999, 29.566576004000126], [-89.7059535979999, 29.567331314000057], [-89.70697593699992, 29.568635941000082], [-89.7075500489999, 29.569139481000036], [-89.7079715729999, 29.56925773600011], [-89.7079715729999, 29.568658829000015], [-89.70624542199988, 29.56659889200006], [-89.70621681199992, 29.566164017000006], [-89.70681762699991, 29.565111160000072], [-89.70679473899997, 29.56476783800008], [-89.70574379099997, 29.564401627000052], [-89.70553588899998, 29.56417274500012], [-89.70553588899998, 29.56348228500019], [-89.70571899399994, 29.563299179000126], [-89.70702743499993, 29.56355094899999], [-89.70800018299997, 29.563367844000027], [-89.7080230709999, 29.562292099000103], [-89.70710754399988, 29.561788559000036], [-89.70616340599997, 29.560781479000184], [-89.70571899399994, 29.560575485000186], [-89.70453834599988, 29.560323715000152], [-89.70338566099997, 29.56043803099999], [-89.70268249599997, 29.56030082700005], [-89.70183944699994, 29.559843063000187], [-89.70118713299996, 29.55975151100006], [-89.69984817499994, 29.55899620100007], [-89.69890594599997, 29.559019089000003], [-89.69730649599995, 29.55938499500013], [-89.69665527299998, 29.559202194000193], [-89.69531903599994, 29.559316203000094], [-89.69503021199989, 29.559202194000193], [-89.69446182299998, 29.55780220000014], [-89.69398117099996, 29.557531357000016], [-89.6939010619999, 29.557142258000056], [-89.69398105299996, 29.557001322000133], [-89.69552612299998, 29.556978226000183], [-89.69599914599996, 29.556474686000115], [-89.69599914599996, 29.555994034000094], [-89.69490051399993, 29.554941177000103], [-89.6946105959999, 29.55418586700017], [-89.6947135929999, 29.55400276200004], [-89.69505310199992, 29.55395698500007], [-89.69596862799995, 29.55491828900017], [-89.69654846199995, 29.55496406600014], [-89.69686126699997, 29.554094315000043], [-89.69817352299992, 29.55361366300008], [-89.69869995099998, 29.553133011000114], [-89.69861602799995, 29.552694321000047], [-89.69775390599995, 29.552236557000185], [-89.69788360599995, 29.551984787000094], [-89.69866943399995, 29.55189323400009], [-89.69882583599991, 29.551641464000056], [-89.69869422899995, 29.551458359000094], [-89.69827270499997, 29.55129814100013], [-89.69738578799996, 29.551527023000062], [-89.69696617099993, 29.551942825000026], [-89.6967296599999, 29.552766800000086], [-89.69748704599988, 29.55258383200004], [-89.69767379799998, 29.552740097000083], [-89.69769859299998, 29.553064345999985], [-89.69615173299997, 29.553888321000045], [-89.69583892799994, 29.553934097000138], [-89.69539642299992, 29.553476334000152], [-89.69503021199989, 29.553339005000055], [-89.6939010619999, 29.553110123000124], [-89.69361305199999, 29.552400589000058], [-89.69374275199988, 29.55212211600019], [-89.69413105899997, 29.55191988399997], [-89.69421577499992, 29.550085068000044], [-89.69374275199988, 29.54976463300011], [-89.69285583499993, 29.549627304000182], [-89.69259071499994, 29.549283981000144], [-89.69253921499995, 29.54882621800016], [-89.69295692399999, 29.547773361000168], [-89.69130706799996, 29.546697617000177], [-89.68887138399998, 29.547933578000027], [-89.68763732899998, 29.54816246000013], [-89.6859359739999, 29.548070908], [-89.68546295199997, 29.548276901000122], [-89.68470573399992, 29.549123764000115], [-89.68326568699996, 29.54939842200008], [-89.6830062869999, 29.549283981000144], [-89.68284606899988, 29.549100876000182], [-89.6830062869999, 29.548437119000027], [-89.68292427199992, 29.547979355000166], [-89.68261146499992, 29.547224045000007], [-89.68080329899999, 29.54575538600011], [-89.68046188499994, 29.54470252900012], [-89.67983436599991, 29.54362678500013], [-89.67760658299989, 29.54158973700015], [-89.6771087649999, 29.540922165000154], [-89.67765879899991, 29.540670603000137], [-89.67871093799994, 29.541107178000118], [-89.67991638199993, 29.541334152000047], [-89.68158797499996, 29.540739334000193], [-89.68300437999994, 29.541429520000122], [-89.68502044699994, 29.543008804000067], [-89.68585777299995, 29.543375015000038], [-89.68688201899994, 29.54330635100007], [-89.68861389199998, 29.542665482000075], [-89.69010162399996, 29.542596817000174], [-89.69238281299988, 29.54152107200008], [-89.69636496199996, 29.540994688000183], [-89.69714355499997, 29.541017532000126], [-89.69811820999996, 29.541292191000025], [-89.69968795799991, 29.542459488000077], [-89.70123290999993, 29.543169022000143], [-89.70343072299988, 29.542917371000044], [-89.7051086429999, 29.543283463000137], [-89.70543670699993, 29.54364967200013], [-89.7068939209999, 29.54291725200011], [-89.70629119899996, 29.54291725200011], [-89.70367431699998, 29.54232215900015], [-89.70110321099997, 29.542436600000144], [-89.69751739499992, 29.540395737000097], [-89.69549751299996, 29.54035377500003], [-89.69261741599996, 29.540651321000098], [-89.69015502899992, 29.54188728300005], [-89.68850517299995, 29.542001724000045], [-89.68664359999991, 29.542848587000037], [-89.6859657739999, 29.54291694000011], [-89.68544006299999, 29.542688370000178], [-89.68441772499989, 29.541681290000156], [-89.68198394899997, 29.540121078000027], [-89.68214034999994, 29.53870201100011], [-89.68169403099995, 29.536664963000135], [-89.68035888699995, 29.534715652000102], [-89.68093490599995, 29.534692764000113], [-89.6810913089999, 29.534486771000047], [-89.68051528899991, 29.534235001000184], [-89.67836761499996, 29.53398323100015], [-89.6777648929999, 29.53354835500005], [-89.67469978299988, 29.532655716000193], [-89.67430877699996, 29.532678604000125], [-89.67341613799988, 29.531511307000073], [-89.67187118499999, 29.530775070000175], [-89.67100715599997, 29.529607773000123], [-89.67082214399994, 29.529699326000184], [-89.67063903799999, 29.53095817600007], [-89.67166137699991, 29.532220840000093], [-89.67176628099998, 29.532495499000163], [-89.67166137699991, 29.532632828000033], [-89.67001342799989, 29.532518387000096], [-89.66862297099999, 29.532609938999997], [-89.66734123199996, 29.53299522399999], [-89.66647338899992, 29.53299522399999], [-89.66574096699998, 29.533273697000027], [-89.6643541009999, 29.533315608000066], [-89.66249847399996, 29.533109665000154], [-89.66097641099992, 29.532331467000063], [-89.65950775099992, 29.53203392000006], [-89.65809440599998, 29.532445908000057], [-89.65733337399996, 29.53285789500012], [-89.65673190499996, 29.532994939000105], [-89.65652465799991, 29.532903671000156], [-89.65631294299999, 29.532720566000023], [-89.65631294299999, 29.532491684000092], [-89.65668487499994, 29.53157615700013], [-89.65691566499993, 29.52937507600018], [-89.65707397499989, 29.528985977000048], [-89.65809631299993, 29.528367996000156], [-89.6599807739999, 29.528394699000103], [-89.66097542899996, 29.528116500000124], [-89.66199874899996, 29.528345107999996], [-89.66228485099992, 29.528554916000132], [-89.66267776499996, 29.529333115000156], [-89.66351318399995, 29.529470444000026], [-89.6647224429999, 29.53029441800004], [-89.66592407199994, 29.53068351700017], [-89.6670227059999, 29.53070640599998], [-89.66760253899992, 29.5309123990001], [-89.66773223899997, 29.53125572200014], [-89.66738941599988, 29.531530104000126], [-89.66466903699995, 29.5309123990001], [-89.66349029499992, 29.53109550500011], [-89.66299247699993, 29.531827927000165], [-89.6627311709999, 29.531827927000165], [-89.66215515099998, 29.53125572200014], [-89.66157913299998, 29.531461716000138], [-89.66178703299994, 29.531965256000035], [-89.66477394099991, 29.532880783000053], [-89.66566467299998, 29.532651901000122], [-89.66563796999998, 29.531621933000167], [-89.66582379399989, 29.53153090600017], [-89.66728782699988, 29.532217026000126], [-89.66990661499995, 29.531923294000137], [-89.66980743399995, 29.53172111500004], [-89.66828346299997, 29.531370163000133], [-89.66802215599989, 29.530614853000145], [-89.66736602799989, 29.529790878000085], [-89.66747283999996, 29.529241562000095], [-89.66778564399999, 29.529035568000154], [-89.66849517799989, 29.529081345000122], [-89.66920471199995, 29.52892112700016], [-89.6691513049999, 29.5286006930001], [-89.66859817499989, 29.527959824000106], [-89.66878128099995, 29.52725029000004], [-89.66948699999995, 29.526952744000084], [-89.67053604099999, 29.527341843000045], [-89.67155456599988, 29.527502060000074], [-89.67323303099994, 29.529058456000087], [-89.67372923199997, 29.529012829000123], [-89.67418670699999, 29.529348373000175], [-89.6750640869999, 29.528249741000025], [-89.67467498799988, 29.52793693500007], [-89.67451858499999, 29.52718162500014], [-89.67530822799995, 29.526746750000086], [-89.67530822799995, 29.526609421000046], [-89.67509460399998, 29.526403427000048], [-89.67441413799997, 29.526540664000095], [-89.67375945999999, 29.526357651000183], [-89.67360115099996, 29.526151657000185], [-89.67355346699998, 29.525072098000123], [-89.67337036199996, 29.5245914460001], [-89.67313003499993, 29.524408340000093], [-89.67276382499995, 29.524408340000093], [-89.67179107599992, 29.52518653900006], [-89.67148017899996, 29.52518653900006], [-89.67153167699996, 29.52399635300003], [-89.67124366799999, 29.523698807000073], [-89.67074584999995, 29.52383613600017], [-89.66977691699998, 29.5245914460001], [-89.66967010499991, 29.524866104000125], [-89.66979980499991, 29.52504921000019], [-89.67048482299992, 29.524980707999987], [-89.67087554999995, 29.52527809100019], [-89.67087554999995, 29.52573585500005], [-89.67061614999994, 29.526302338000107], [-89.66999025199993, 29.52644518400001], [-89.66912269599993, 29.525552750000088], [-89.66854858399995, 29.525209426999993], [-89.66768264799998, 29.525094986000056], [-89.66726684599996, 29.524682999000163], [-89.66718482999988, 29.523859024000103], [-89.66679382399997, 29.523332596000046], [-89.66564178499993, 29.522413254000185], [-89.66498565699993, 29.522230148000176], [-89.66320419299996, 29.52261924700008], [-89.66265022199997, 29.523180248000074], [-89.6618423459999, 29.524545670000066], [-89.66202545199997, 29.525484085000187], [-89.66233825799992, 29.525758743000154], [-89.6631774899999, 29.52589607200008], [-89.66336059599996, 29.526079178000145], [-89.66346549999992, 29.526720046000037], [-89.66406822199997, 29.52775383000011], [-89.66385681199989, 29.528074090000132], [-89.66218185499991, 29.526994705000106], [-89.66121292099996, 29.526582718000043], [-89.65953826999998, 29.526147842000114], [-89.65794372599993, 29.526010513000017], [-89.6569976809999, 29.525552750000088], [-89.65631484999989, 29.524633408000057], [-89.65636825599995, 29.523397446000104], [-89.6560058579999, 29.522665024000048], [-89.65597724899993, 29.52216148400015], [-89.65631866499996, 29.521955490000153], [-89.65663146999998, 29.52193260200005], [-89.65788841199998, 29.522367477000046], [-89.65998086399998, 29.52229885800017], [-89.66079521199998, 29.52271080000014], [-89.6613464369999, 29.522802353000145], [-89.66171264599996, 29.522642136000115], [-89.66192245499997, 29.522069931000146], [-89.66215705899992, 29.52186393700015], [-89.66317939799995, 29.521909714000117], [-89.66372862299994, 29.52129181200013], [-89.66519927999991, 29.521245956000087], [-89.66632080099993, 29.520605087000092], [-89.66689707099988, 29.520582340000033], [-89.66810607899993, 29.521085739000057], [-89.66887818199996, 29.520961044000103], [-89.6691826099999, 29.520643933000088], [-89.66880127199988, 29.519957485000134], [-89.66695415599992, 29.51868646600002], [-89.66483674399996, 29.51809624500015], [-89.66501505799988, 29.51651873300017], [-89.66551955899996, 29.516204774000073], [-89.66567899499995, 29.515345926000066], [-89.66641819299997, 29.515446939000128], [-89.66757308699988, 29.51669342100007], [-89.66948893499995, 29.518132243000082], [-89.67462987999988, 29.52001584500016], [-89.67632435299993, 29.520339357000125], [-89.68007872199996, 29.522859815000118], [-89.6810883789999, 29.523949497000046], [-89.68186714999996, 29.523217146000093], [-89.68091036599992, 29.522193251000033], [-89.68013241099999, 29.52068701600018], [-89.68012333099995, 29.520019530000013], [-89.67970764099988, 29.519353557999978], [-89.68275484999998, 29.52000110700004], [-89.68282169799988, 29.51916867500006], [-89.68240324399994, 29.51874324700003], [-89.67981238599998, 29.517901405000032], [-89.6782154199999, 29.517072854000105], [-89.67688794999992, 29.515974875000154], [-89.67578996999993, 29.515725381000095], [-89.67421353299989, 29.514964007000174], [-89.67370441499997, 29.51437304000018], [-89.67251853399989, 29.51401603900007], [-89.67253840299992, 29.512810682000065], [-89.67147805799993, 29.51249144700006], [-89.67122856499992, 29.51139346700012], [-89.67093748999997, 29.511142725000184], [-89.67096064999993, 29.510855070000105], [-89.66896812699991, 29.510031125000012], [-89.66830978699988, 29.510084024000037], [-89.6671204839999, 29.509758473000034], [-89.66585841399996, 29.509859927000093], [-89.6652945539999, 29.508959727000047], [-89.66476069699996, 29.509257513000136], [-89.66275843699998, 29.509562668000115], [-89.66157716099991, 29.509467726000025], [-89.66057037299993, 29.510029414000144], [-89.65940896799992, 29.510379112000123], [-89.66197337599993, 29.51121641400016], [-89.66317728499996, 29.51111963000011], [-89.66446843799997, 29.512414533000083], [-89.66474069599991, 29.513095441000075], [-89.66211851899993, 29.512884701000075], [-89.66098777299999, 29.513299930000073], [-89.65719484899995, 29.513549422999972], [-89.65625767099988, 29.513893594000137], [-89.65464859999997, 29.513764242000093], [-89.6530988749999, 29.51433336600013], [-89.65236263299994, 29.515187905000005], [-89.65185127799998, 29.51514684900019], [-89.65046182899994, 29.515731961000085], [-89.64998608799993, 29.515024331000177], [-89.65155219999991, 29.514806747000137], [-89.65192031899988, 29.51450920100018], [-89.65274303099994, 29.51354367400012], [-89.65301904399996, 29.512131131000046], [-89.65363523199994, 29.51141689000019], [-89.65260515199998, 29.509919866000132], [-89.65046235599999, 29.50871365400019], [-89.6501865439999, 29.50812920100003], [-89.6494728049999, 29.507467900000165], [-89.64903066499994, 29.50561183600007], [-89.64731904499996, 29.503842658000053], [-89.64937129599997, 29.504038187000162], [-89.64988938399989, 29.503099427999985], [-89.64653244699997, 29.502586930000064], [-89.6450994409999, 29.501168991000043], [-89.64172589099991, 29.50067599300013], [-89.6410163619999, 29.50172278400015], [-89.64104320599995, 29.50304091200013], [-89.64015168999998, 29.50350022500004], [-89.63915029699996, 29.502538045000165], [-89.63779390099995, 29.50000829000004], [-89.63692933599998, 29.500072262000174], [-89.63563278899989, 29.499827637000124], [-89.63500326599996, 29.49946714900011], [-89.63347683199993, 29.49901915400011], [-89.63268032299993, 29.497727870000176], [-89.63144128099992, 29.497601545000123], [-89.63003406599995, 29.49813026900017], [-89.62876291499992, 29.497402186000045], [-89.62781744799992, 29.497646811000152], [-89.62757295499995, 29.49794117600004], [-89.62700896399991, 29.498185800000044], [-89.62676447099994, 29.498749660000158], [-89.6259309859999, 29.49899428300006], [-89.62563227899989, 29.50034175600007], [-89.62410031799999, 29.500057524], [-89.62349763999993, 29.4990052710001], [-89.62430007099988, 29.497890383000026], [-89.62459482999992, 29.496236242000066], [-89.62705291499992, 29.496783520000008], [-89.62877989099991, 29.496034515000133], [-89.62990326699997, 29.495101417], [-89.63014933899996, 29.492687349000107], [-89.62942243999998, 29.491011298000103], [-89.62814470999996, 29.48994996600004], [-89.62745294599989, 29.48882836600012], [-89.62622548299993, 29.487945008000054], [-89.62394135899996, 29.48765274900012], [-89.62349592899994, 29.486875057000077], [-89.62398386199999, 29.486469697000132], [-89.62436270799992, 29.484761012000035], [-89.62491367099994, 29.484704889000113], [-89.62676447199993, 29.484980568000083], [-89.62710055099996, 29.48686703000004], [-89.62784244999989, 29.486352912000143], [-89.62808694199992, 29.48444157900019], [-89.62850368599999, 29.483780278000097], [-89.62740538299994, 29.483201120000103], [-89.62622298299999, 29.48309397500003], [-89.62653405999998, 29.4820891600001], [-89.62717919599999, 29.481265372000166], [-89.62466430699999, 29.479978560999996], [-89.6238150339999, 29.479738650000172], [-89.62376384599992, 29.475411671000188], [-89.62169837999988, 29.47608757000006], [-89.61976623499999, 29.47608757000006], [-89.61842727799996, 29.47551536600014], [-89.6175880429999, 29.47553825400007], [-89.61690580299995, 29.475789807000183], [-89.61497115999993, 29.475400925000145], [-89.61460494999989, 29.47546958900017], [-89.61389732399988, 29.47599983200007], [-89.61392211899988, 29.47620582600007], [-89.61499786399992, 29.476411819000134], [-89.61525726299999, 29.47659111000013], [-89.61523437499994, 29.476869583000166], [-89.61473655699996, 29.47728157000006], [-89.61306108899998, 29.477945106000107], [-89.6124343869999, 29.477647781000087], [-89.61217498699995, 29.47673225400007], [-89.6110229489999, 29.476503371999968], [-89.61091613799988, 29.476343155000166], [-89.61013030999993, 29.476114273000007], [-89.60942077599998, 29.476320267000006], [-89.60832214399994, 29.4761600490001], [-89.60609858899988, 29.477144033000172], [-89.60531043999993, 29.476938248000067], [-89.60499572799995, 29.477010727000106], [-89.6049709319999, 29.477926254000124], [-89.6042633059999, 29.477994919000025], [-89.60408020099993, 29.47824668900006], [-89.60326957699993, 29.478269576999992], [-89.60318756099997, 29.47840690600009], [-89.60329437299993, 29.47872734100008], [-89.60389709499998, 29.47884178200019], [-89.60442161599997, 29.48039817800003], [-89.60562706099995, 29.482095718000153], [-89.60620117199994, 29.482641220000176], [-89.60722732499994, 29.483236313000077], [-89.61013030999993, 29.483831406000036], [-89.61195713399997, 29.483770721999974], [-89.61326369099993, 29.484034048000126], [-89.61495592799997, 29.483823570000084], [-89.61487605399998, 29.484465265000154], [-89.61509409599995, 29.484708573000034], [-89.61693121199994, 29.484002466000163], [-89.61733190099994, 29.48450276799997], [-89.6181053809999, 29.484406576000026], [-89.61919125499998, 29.485344478000172], [-89.6183365839999, 29.485238153000182], [-89.61765021499997, 29.486095325000065], [-89.61467498499991, 29.485859320000145], [-89.61337196599993, 29.486799018000113], [-89.61861384199995, 29.486608720000163], [-89.61957246899993, 29.487012633000063], [-89.61922099399993, 29.488241872999993], [-89.61410244099989, 29.48957467400004], [-89.61406717499989, 29.48985818200009], [-89.61596547999994, 29.490188536000062], [-89.61663934699993, 29.49072824900003], [-89.6161764169999, 29.491306452000174], [-89.61422165999988, 29.491864587000066], [-89.61229203799996, 29.491802608], [-89.61214399999994, 29.49061212200013], [-89.6133447499999, 29.490106161000085], [-89.61164159199996, 29.489858248000075], [-89.61201477999998, 29.486873937000155], [-89.61165514599992, 29.487452930000188], [-89.61061032899988, 29.48842096599998], [-89.61030780499999, 29.4890619360001], [-89.60801223299995, 29.489024368000173], [-89.60869070599995, 29.48768281700012], [-89.60948089899995, 29.486950588000184], [-89.60805868399996, 29.48650035600008], [-89.60754667099997, 29.487585243000012], [-89.60708400399989, 29.486604838000176], [-89.60636526399992, 29.486345607000146], [-89.60652882899996, 29.487672355000143], [-89.60619630399998, 29.48876079400003], [-89.60460275899993, 29.488202263999995], [-89.60382914699994, 29.488232925000148], [-89.60386835999992, 29.48922306600008], [-89.60202913899997, 29.488096926000026], [-89.60278853999989, 29.48916523300005], [-89.60275735399989, 29.489952597000183], [-89.60173148399997, 29.490576723999993], [-89.60221546999992, 29.48920549900015], [-89.60086549699997, 29.48929261100011], [-89.60091471099997, 29.489775280000117], [-89.59981502099998, 29.49066482300009], [-89.59854321099994, 29.49121644400003], [-89.59809172899998, 29.492257511000105], [-89.59628658999992, 29.492526414000054], [-89.59521124399993, 29.493142316000046], [-89.59305752499989, 29.49336187300014], [-89.5906273359999, 29.49255128400017], [-89.5899057019999, 29.492138028000056], [-89.58806924499999, 29.493065403000116], [-89.58752209699992, 29.492736101000048], [-89.58738234999993, 29.491365732000133], [-89.5877171119999, 29.489856338000095], [-89.5894617209999, 29.490125110000122], [-89.59055233099991, 29.491438238000057], [-89.59249405999992, 29.49142290700013], [-89.5940431269999, 29.49231008099997], [-89.59680728799992, 29.491898339000045], [-89.59685597599997, 29.491419684000107], [-89.59564759299997, 29.490549944999998], [-89.59359703999996, 29.490397368000117], [-89.59065207599991, 29.489521115000173], [-89.59194822799998, 29.48824463600016], [-89.59293040899996, 29.48814456200006], [-89.59334333699991, 29.489096741000026], [-89.59479555399992, 29.489928450000036], [-89.59602959599988, 29.4898027160001], [-89.59788724099991, 29.489992073000053], [-89.59793092799998, 29.489563027000088], [-89.59672820299994, 29.48860624200006], [-89.5954781069999, 29.488239372000066], [-89.59460369699991, 29.487186724000026], [-89.59146055899993, 29.48683426300005], [-89.59170531499996, 29.486328040000046], [-89.59282040199992, 29.485640158000137], [-89.59278092499994, 29.485253154000077], [-89.59335202099993, 29.48445947500005], [-89.5929672549999, 29.483082854000088], [-89.59377152699994, 29.483164835000025], [-89.59389179999994, 29.481985599000154], [-89.59329412199992, 29.47994859900001], [-89.59172821199996, 29.478455391000125], [-89.58714864699994, 29.478873186000158], [-89.58739629799999, 29.477690332000122], [-89.58595118599999, 29.475841373000037], [-89.58445870299994, 29.474734840000053], [-89.58365021999992, 29.47440396000019], [-89.58409367499996, 29.474010903000078], [-89.58596434499992, 29.474556340000163], [-89.58809950999995, 29.474597396000036], [-89.58698231899996, 29.473634821000076], [-89.58429553299993, 29.47021324000019], [-89.5830864909999, 29.47018225100004], [-89.58153058199997, 29.46957983599998], [-89.58036733499989, 29.46717767700011], [-89.57634649699992, 29.464251924000052], [-89.57541774099991, 29.46317394600004], [-89.57428344299996, 29.463585096000145], [-89.57248146199998, 29.46519061500004], [-89.57311256299988, 29.466699022000057], [-89.57254988799997, 29.466653820000033], [-89.57264989599997, 29.467895693000173], [-89.57402236999991, 29.469078350000075], [-89.57294649799991, 29.469402322000064], [-89.57206116599991, 29.469331199000123], [-89.57124610299991, 29.469978222000123], [-89.57287833499998, 29.47070663400018], [-89.57205458599992, 29.47162019100017], [-89.57308913999998, 29.472511444000077], [-89.57450161799989, 29.471797771000126], [-89.57443634999998, 29.4744962690001], [-89.57529378399988, 29.474427382000158], [-89.57523783899995, 29.47512504100007], [-89.57302071299995, 29.475550692000013], [-89.57199405499989, 29.474977885000158], [-89.57209143099993, 29.473764568000036], [-89.57166929299996, 29.47261526800014], [-89.56982125599995, 29.47038088500011], [-89.56826166199988, 29.469911309000167], [-89.56747317999992, 29.46927573300013], [-89.56838032199994, 29.467996438000114], [-89.56792742599993, 29.467621000000122], [-89.56675654599997, 29.468274341000097], [-89.56597095799998, 29.467973264000136], [-89.56529274799999, 29.46612634500019], [-89.56622966299989, 29.464447136000047], [-89.56610089899999, 29.462844144000087], [-89.56529116899998, 29.46425731900007], [-89.56446794799996, 29.4642246840001], [-89.56379921199988, 29.46280799600015], [-89.56341444599991, 29.460391296000182], [-89.56284887599992, 29.458778211000038], [-89.56108373899991, 29.45831817600009], [-89.5591141139999, 29.45996448700015], [-89.55937308099993, 29.4607333620001], [-89.55827115299991, 29.46188003000009], [-89.55803166099997, 29.46074823200007], [-89.55662523699988, 29.45966972700012], [-89.55568884899992, 29.460680529000058], [-89.55506485299998, 29.462651602000165], [-89.55355184099994, 29.462591597000085], [-89.5521072549999, 29.462859974000025], [-89.55361895199991, 29.461353476000056], [-89.55400161199998, 29.457309479000003], [-89.55333419299996, 29.456679101000077], [-89.5535610529999, 29.454855340999984], [-89.55202014399998, 29.45230540700004], [-89.55023053199994, 29.45075226100016], [-89.54873857499996, 29.449846138000055], [-89.5481445819999, 29.449135491000163], [-89.5459112509999, 29.448334179000085], [-89.54454851499992, 29.448079817000178], [-89.54353448899997, 29.447371539000017], [-89.54043582799989, 29.447186853000005], [-89.5389867689999, 29.44785190400006], [-89.5373756589999, 29.450474326000176], [-89.5378111519999, 29.44968165100005], [-89.53654184199996, 29.451102354000056], [-89.53438746599994, 29.45247252500019], [-89.53402427899994, 29.453263639000113], [-89.53001475899998, 29.45324817700009], [-89.52999265199992, 29.45287893799997], [-89.53390348099998, 29.451969065000128], [-89.53607996499994, 29.45041618200014], [-89.5374979689999, 29.44798869100009], [-89.53753112999999, 29.445745689000148], [-89.53932968999993, 29.444920099000058], [-89.54034292599994, 29.442712757000038], [-89.54241820199996, 29.44195548800019], [-89.54358001899999, 29.441055392000123], [-89.5424280879999, 29.439659890000144], [-89.54234676599992, 29.43864928500011], [-89.54334342099997, 29.43796620600017], [-89.54453930399995, 29.43776974300016], [-89.54511697999999, 29.43851809100005], [-89.54645997799997, 29.43889206800003], [-89.55025658699998, 29.441278370000077], [-89.55258018799992, 29.440934988000095], [-89.55156826699988, 29.44247339700013], [-89.54940704799992, 29.441683533000116], [-89.54860909099989, 29.442164820000073], [-89.54753795699992, 29.442382995000116], [-89.54839170599996, 29.44353466299998], [-89.5480519429999, 29.444576388000144], [-89.54861803999995, 29.44538671400005], [-89.55066740799992, 29.445908728000063], [-89.55187802799992, 29.445063136999977], [-89.5526333499999, 29.446337906000053], [-89.55102296199999, 29.44706500200016], [-89.55206725399995, 29.447998166000104], [-89.55276441199999, 29.449094238000043], [-89.55458034199995, 29.450196758000118], [-89.55621757299997, 29.450502374000166], [-89.55830878799998, 29.451298817000065], [-89.55826062599994, 29.452107103000174], [-89.55884698799991, 29.451852741000096], [-89.56078055799998, 29.44938524700001], [-89.55963678599994, 29.447535302000176], [-89.56018709099999, 29.445882938000068], [-89.56153166899992, 29.44509471900011], [-89.56302967999989, 29.445908729000166], [-89.56454742899996, 29.44525012500003], [-89.56443189299989, 29.443312278000178], [-89.56560093099989, 29.442412867000087], [-89.56563224999991, 29.439997219000077], [-89.56471691599995, 29.436493132000123], [-89.56400949199997, 29.43728490400008], [-89.56188511799996, 29.436788813000135], [-89.56044869099992, 29.43595256400016], [-89.55984338099995, 29.43500071500017], [-89.55666234599994, 29.43406301000016], [-89.55782269899993, 29.432953779000115], [-89.55637021799998, 29.43297970200001], [-89.55562805499989, 29.432149310000057], [-89.55323892399991, 29.431411621000052], [-89.55316839199992, 29.430224292000105], [-89.55332287699991, 29.429180527000028], [-89.5521309429999, 29.428918269000178], [-89.5518840819999, 29.42793898300016], [-89.55000630499995, 29.428403559000003], [-89.54894227599993, 29.429010776000098], [-89.54857382599994, 29.43111876800009], [-89.54792482899995, 29.430689854000093], [-89.54768902099988, 29.43158327800012], [-89.54643471299994, 29.431335430000047], [-89.54511724299994, 29.431876788000068], [-89.54615732399998, 29.42971523900019], [-89.54821985099994, 29.4289798530001], [-89.54795588399998, 29.427801407000118], [-89.54939941599991, 29.42515765000013], [-89.54930756699997, 29.423838534000083], [-89.55024763999995, 29.423548249000135], [-89.5477558689999, 29.42246099400012], [-89.54570492099998, 29.420049754000104], [-89.54643971399992, 29.419777892000184], [-89.5485617199999, 29.42192049199997], [-89.55107244099997, 29.422434742000064], [-89.55241017599991, 29.421785810000017], [-89.55398582399988, 29.419049941000083], [-89.55210462599996, 29.418032955000115], [-89.55353263099988, 29.41681358400001], [-89.55464350599993, 29.418908220000162], [-89.55399108699999, 29.420813696000096], [-89.55578964699993, 29.4220166180001], [-89.55622968099999, 29.422923925000134], [-89.55699526699993, 29.423295269000164], [-89.55827141799995, 29.42462353000019], [-89.55988575299989, 29.424116056000116], [-89.55931728799993, 29.420783101000097], [-89.56034499899988, 29.419567218000168], [-89.56279518899993, 29.41767108400012], [-89.56491350999988, 29.417338691000054], [-89.56611833999995, 29.417987885000116], [-89.56712341799994, 29.417288752000104], [-89.57062579399991, 29.417886167000063], [-89.5714190139999, 29.417276251000033], [-89.57096924199999, 29.41680818900005], [-89.56774004499988, 29.416227947000152], [-89.56772451699993, 29.41546630900001], [-89.57417106799988, 29.41515029699997], [-89.57441503399991, 29.414113244000077], [-89.57326994599993, 29.41371334400003], [-89.5722188119999, 29.412703464000117], [-89.57258094499997, 29.411957156000028], [-89.57301808499989, 29.411966104000044], [-89.5741102739999, 29.41035492700007], [-89.57258620899995, 29.410351242000047], [-89.57310677599992, 29.40979863400014], [-89.57532957899991, 29.410123462000172], [-89.57663967999997, 29.409804029000156], [-89.57690048899997, 29.408454911000035], [-89.57581987999998, 29.40793072600013], [-89.57474216499998, 29.40659911000006], [-89.57528141799992, 29.40332319900017], [-89.57355338899993, 29.40156812900011], [-89.57231408299998, 29.401992307], [-89.5715040199999, 29.401714982999977], [-89.56989231599988, 29.40356525700014], [-89.56985415599996, 29.405432967000138], [-89.57042498899989, 29.406541079000135], [-89.5699249509999, 29.406601084000044], [-89.56846431199995, 29.40584859100005], [-89.56630730299992, 29.405427506000137], [-89.56530327799999, 29.404685738000012], [-89.56611307699995, 29.40117750600018], [-89.56678444599999, 29.399873985000056], [-89.56571883599997, 29.396601495000027], [-89.56238752599995, 29.397674078000023], [-89.56207039599991, 29.397409913000104], [-89.56208171399999, 29.395242903000053], [-89.56099794599999, 29.395265010000003], [-89.56287914299998, 29.39311379000003], [-89.56193643999995, 29.39260032900006], [-89.55963415599996, 29.392553351999993], [-89.55965547399995, 29.39361014500014], [-89.55912227399989, 29.394709637000176], [-89.55845353799998, 29.394391390000067], [-89.55884383199992, 29.393633436000016], [-89.55788086199993, 29.392320703000053], [-89.55479430799988, 29.39282317600015], [-89.55365395699988, 29.39321346899999], [-89.5541300459999, 29.392289582000046], [-89.55159195599998, 29.393362165000042], [-89.54921519299995, 29.39230642500013], [-89.54884674299996, 29.393441776000145], [-89.54643787299995, 29.39266007100008], [-89.54646708599995, 29.391216669000187], [-89.54557017399998, 29.390354958000046], [-89.54455877999999, 29.38797227400005], [-89.54213332999996, 29.386899691000053], [-89.5413406369999, 29.38770277900005], [-89.54143774999994, 29.386252272000036], [-89.54007527599992, 29.384206851000158], [-89.5392938999999, 29.38545839500017], [-89.53822302799995, 29.386184373000162], [-89.53571993899999, 29.384487728000067], [-89.53206597299999, 29.383665756000084], [-89.52789775699989, 29.384468845000185], [-89.52650764899988, 29.383131636000087], [-89.52487199599994, 29.383882352000057], [-89.52453223299995, 29.385117513000182], [-89.52300711499998, 29.38389176100003], [-89.5220109849999, 29.383951173000128], [-89.5205166589999, 29.382749501000035], [-89.51669952299989, 29.38216886400005], [-89.5119549449999, 29.382451648000142], [-89.51035718999998, 29.382834705000164], [-89.5083441399999, 29.384999082000093], [-89.50343849799992, 29.38518245100005], [-89.49848021899993, 29.387982536000038], [-89.4975567269999, 29.388267690000134], [-89.49513838199994, 29.38958180400016], [-89.49265292699988, 29.389853866000124], [-89.49223999999998, 29.388954190000106], [-89.4923010579999, 29.38792950600009], [-89.4914736259999, 29.388244465000128], [-89.49038248799997, 29.390071119000083], [-89.48954716099996, 29.39094598900016], [-89.48714855399999, 29.389866562999998], [-89.48820679299996, 29.391658808000102], [-89.4858271359999, 29.393635670000037], [-89.4838722479999, 29.396439177000104], [-89.47977245799996, 29.395519500000148], [-89.47849656999989, 29.394788720000065], [-89.4785965769999, 29.395769783000162], [-89.47780019999993, 29.39526375700018], [-89.47654931299991, 29.395749255000055], [-89.47476943899989, 29.397958702000153], [-89.47275402099996, 29.39899549300003], [-89.47178026099994, 29.39928130400017], [-89.47041804999992, 29.400359283000114], [-89.46835683799992, 29.40008991899998], [-89.46737334199997, 29.399272947999975], [-89.46688040899988, 29.398412552000025], [-89.46700726099988, 29.39636088100019], [-89.46543450799999, 29.394872016000193], [-89.46367568699992, 29.393596391000074], [-89.46266139899996, 29.393699819999995], [-89.46225241899992, 29.39320754400012], [-89.46034964099988, 29.392544072000135], [-89.45901085399998, 29.391777302000094], [-89.45758942699996, 29.391780921000134], [-89.45455735099989, 29.391177782000057], [-89.45580402699994, 29.390155072000027], [-89.46008593599993, 29.38933468000016], [-89.4567325189999, 29.38884891800012], [-89.45401836299999, 29.388850826000066], [-89.45296064899992, 29.38866173200006], [-89.44831002599989, 29.388840562000155], [-89.4470091359999, 29.388448887000152], [-89.44684333399988, 29.387969836000025], [-89.44594142299997, 29.38736768400014], [-89.44754338899997, 29.385306539], [-89.4478023559999, 29.38419691300004], [-89.44847056499998, 29.3827963440001], [-89.44685438699997, 29.383460278000143], [-89.44619591599997, 29.381581119000145], [-89.44620565299988, 29.378258230000085], [-89.44563666199997, 29.377479618000166], [-89.44377651899998, 29.380167128000153], [-89.44237404099994, 29.383807410000088], [-89.44113394599998, 29.384584180000047], [-89.43971646699993, 29.38446022300019], [-89.43763551699999, 29.384692412000106], [-89.43671597299993, 29.383048403000032], [-89.43597538899996, 29.379598531000056], [-89.43349309199988, 29.380691049000063], [-89.43216851599999, 29.38043642500014], [-89.43215535699989, 29.37939147600008], [-89.4332472829999, 29.378322971000046], [-89.4329930539999, 29.377726609000092], [-89.43192744499993, 29.377397571000017], [-89.43188454699992, 29.37667672599997], [-89.43266276499992, 29.374575708000066], [-89.4335738879999, 29.373690706000048], [-89.43164558099988, 29.373390221000136], [-89.43201560999995, 29.37185674800014], [-89.43345939499994, 29.37130178300015], [-89.43327307599998, 29.370423545000165], [-89.43230826399991, 29.370639811000103], [-89.43192718199992, 29.36913015500005], [-89.43059523699992, 29.36949130200003], [-89.4301117789999, 29.370707514000117], [-89.42923513199992, 29.370177210000122], [-89.4273420909999, 29.372639769000045], [-89.4256911739999, 29.37258746200007], [-89.42539693999998, 29.373671954000088], [-89.42230828099997, 29.375128974000177], [-89.42168402199991, 29.37475236600011], [-89.42060604399995, 29.37445221100006], [-89.42057498899999, 29.373983228000043], [-89.4194933259999, 29.374125146999972], [-89.41860483699992, 29.37529135500006], [-89.41721999299995, 29.374365494000074], [-89.4164412479999, 29.37372156200007], [-89.41701392399995, 29.371075108000127], [-89.41754238599998, 29.37071238300007], [-89.41758362899992, 29.368648554999993], [-89.41696181499998, 29.36705400800014], [-89.41571935099995, 29.366698783000174], [-89.41578646099998, 29.36615814900017], [-89.41478112099992, 29.365352955000162], [-89.41368208799997, 29.36503872000003], [-89.41323178999988, 29.365094711000154], [-89.41297361199997, 29.36558224900017], [-89.41247909999998, 29.36482311100002], [-89.41225908299998, 29.363965281000105], [-89.41183010299994, 29.363855207000086], [-89.41097293199988, 29.3642743850001], [-89.41063237899994, 29.365082868000115], [-89.41006338699992, 29.365322492000075], [-89.40951888199993, 29.365169529000127], [-89.40846405299993, 29.364267673000086], [-89.40899777799996, 29.36344826800007], [-89.40977389199998, 29.362702551999973], [-89.40959335099996, 29.36207164800004], [-89.4084527359999, 29.362659128000132], [-89.40845536899997, 29.360486000000094], [-89.4098062629999, 29.359600405000094], [-89.40949150099999, 29.359368544000176], [-89.40791980099993, 29.359675344000152], [-89.4068470869999, 29.360489355000084], [-89.40628730599997, 29.360477907000075], [-89.40522748799992, 29.361581019000027], [-89.40482324599998, 29.361160262000112], [-89.40414819299991, 29.36131053700018], [-89.40249490799988, 29.360848330000067], [-89.40082898999998, 29.36067851400003], [-89.39978259299994, 29.359655211000188], [-89.40038895599992, 29.35915148800018], [-89.40065739699992, 29.358532559000025], [-89.40238832099993, 29.357464976000074], [-89.40183617299994, 29.35558298800015], [-89.40058344399995, 29.355710696000074], [-89.40100005499994, 29.354983205000167], [-89.40095557799998, 29.353492103000065], [-89.39992049799997, 29.35378613900008], [-89.3995804729999, 29.354570081000077], [-89.39829932099991, 29.355623189000028], [-89.39734556299999, 29.35444283400011], [-89.39210805299996, 29.352350567000144], [-89.39323498199997, 29.351997448000134], [-89.39430216999989, 29.35121337400011], [-89.39362501199997, 29.35024395700009], [-89.39409820599997, 29.34982135900009], [-89.39260098499989, 29.350238167000157], [-89.39113981999998, 29.349654898000097], [-89.38890806899997, 29.34978793400012], [-89.3869094939999, 29.34932296400018], [-89.38907623899996, 29.348803188000147], [-89.38904834299996, 29.348334598000122], [-89.39206489099996, 29.348940961000096], [-89.39198251699997, 29.34755835400017], [-89.39308602299997, 29.347279517000118], [-89.3925688779999, 29.346195749000174], [-89.39095191099989, 29.345819536000192], [-89.39018395699992, 29.345205146000183], [-89.38961417599995, 29.343835040000158], [-89.38998025799998, 29.342458486999988], [-89.38958180599991, 29.342107275000103], [-89.38826512499998, 29.342483751000145], [-89.3864976189999, 29.34364311700017], [-89.38583888399995, 29.343362241000193], [-89.38664736799996, 29.342714821000072], [-89.38701792299997, 29.341418472000043], [-89.38637787399995, 29.340697955000167], [-89.38614153899994, 29.33938206400012], [-89.38550938599997, 29.337671931000102], [-89.38483196399994, 29.337324932000058], [-89.38448983299998, 29.338136902000088], [-89.38415954399994, 29.3380958460001], [-89.38417191399998, 29.336354988000096], [-89.38275522599997, 29.336531251000054], [-89.3823133489999, 29.337082873000043], [-89.38199832499998, 29.335981077000156], [-89.38211228099999, 29.33506462500003], [-89.38314393999991, 29.33462998600004], [-89.38339843299991, 29.33402579500006], [-89.38475090599991, 29.333991581000078], [-89.38390005099996, 29.333491411000068], [-89.38287444499997, 29.33339824600006], [-89.3847990679999, 29.332847940000192], [-89.38443482899993, 29.331571986000142], [-89.38340448599996, 29.33170015400009], [-89.38287444499997, 29.33082719200013], [-89.38248306599996, 29.330641678000063], [-89.38233545599996, 29.33001870800007], [-89.38124247699994, 29.328855131000125], [-89.38066348499996, 29.329578016000028], [-89.38068085499992, 29.330620070000066], [-89.37987158199996, 29.33051947000007], [-89.37899414599991, 29.331366181000078], [-89.37856253299992, 29.330827191000083], [-89.37765719999999, 29.330318073000058], [-89.3777745779999, 29.33126301400017], [-89.37884123899988, 29.331910829000037], [-89.37829303899991, 29.33373689000001], [-89.37961340399988, 29.33479434100002], [-89.37988000299993, 29.33553900400011], [-89.37871280799999, 29.335393795000073], [-89.3775758779999, 29.335591639000086], [-89.37829303899991, 29.337564555000085], [-89.37935022499988, 29.337897278000185], [-89.37874359899996, 29.339670113000068], [-89.37911257599995, 29.340024745000107], [-89.37774167999993, 29.339996717000076], [-89.37817013399996, 29.342172477000133], [-89.37750402899991, 29.343297828000118], [-89.37638894399993, 29.343806880000102], [-89.37612471299991, 29.34323617700005], [-89.3753162289999, 29.342843977000086], [-89.37665843799994, 29.341904693000004], [-89.37610839599989, 29.340266672000098], [-89.37554071999989, 29.33992927700018], [-89.37490935599999, 29.338522721000174], [-89.37418824799994, 29.336372423000057], [-89.37275339899992, 29.336050753000052], [-89.36970395399999, 29.336742386000026], [-89.36889546999993, 29.33755086900004], [-89.36781775499998, 29.335635787], [-89.36699137599999, 29.332966107000118], [-89.36414615599995, 29.33109181700013], [-89.3608956409999, 29.32962940100009], [-89.35966659899992, 29.331880891000026], [-89.3582901769999, 29.33196293700007], [-89.35712271799991, 29.331785357000115], [-89.3562163329999, 29.330623820000028], [-89.35617159199995, 29.328430492999985], [-89.35779382299995, 29.326828724000052], [-89.35745669099992, 29.325756404000174], [-89.35626896799988, 29.32699248700004], [-89.35591262499992, 29.326258022000104], [-89.35509887799998, 29.325993923], [-89.35429565799996, 29.325157937000142], [-89.35254131199991, 29.32504799400016], [-89.35136646699999, 29.32587065200005], [-89.35194731899992, 29.32608800900016], [-89.35236998299996, 29.327973220000104], [-89.35176440999999, 29.329591437000147], [-89.35062168999991, 29.33047696700004], [-89.34884181599989, 29.330347088000053], [-89.34738117599994, 29.329800598000134], [-89.34673717899994, 29.330293136000023], [-89.34639057299995, 29.33181897800017], [-89.34513126499996, 29.332903930000043], [-89.34458122299998, 29.335683027000186], [-89.34433172999996, 29.337858984000036], [-89.34311558299999, 29.339622542000086], [-89.3432761219999, 29.341621907000047], [-89.3424181609999, 29.34250105400008], [-89.34242526599996, 29.343443759000024], [-89.34204734199994, 29.346006325000133], [-89.34171099999992, 29.347034825000094], [-89.3439609109999, 29.348332031000155], [-89.34418698099995, 29.349571995000076], [-89.34352824599989, 29.34915281900004], [-89.33960557399996, 29.348224522000066], [-89.33999744599998, 29.349358426000094], [-89.33924896799988, 29.35046259000012], [-89.33774069299994, 29.351228440000114], [-89.33651270399997, 29.352366158000052], [-89.33840469199998, 29.35347854700018], [-89.33873787599993, 29.35432854800007], [-89.33676009099992, 29.354282162000175], [-89.33679246199995, 29.353462954000065], [-89.33574869699999, 29.35350433900004], [-89.33529366199997, 29.353344919000165], [-89.33470098499998, 29.354613372000188], [-89.33397698099992, 29.354219920000162], [-89.3335495799999, 29.35374159400004], [-89.33246896999998, 29.353201223000156], [-89.32959637999994, 29.353506378000077], [-89.33033696299992, 29.352143641000055], [-89.32999825199988, 29.35184098700006], [-89.32919213799988, 29.351889083000117], [-89.32869657299995, 29.353494272000148], [-89.32815811099988, 29.35320174900005], [-89.32720882699994, 29.3532583330001], [-89.32680905899997, 29.352387542000088], [-89.32582977199996, 29.352919754000027], [-89.32546474499998, 29.35212462700008], [-89.32485022399999, 29.35184263100018], [-89.32245977499991, 29.35198514200016], [-89.3225163589999, 29.35293383400017], [-89.32221554599988, 29.35320260399999], [-89.32196131599989, 29.354026221000026], [-89.32133547799998, 29.354550078000102], [-89.32061384299993, 29.35483470400004], [-89.31974798699991, 29.35508906600012], [-89.31908530399988, 29.354347364000034], [-89.31818681399994, 29.354835559000037], [-89.3153331709999, 29.35548883399997], [-89.3147662859999, 29.356123159000163], [-89.31406307299989, 29.354709958], [-89.31322590299993, 29.355164861000105], [-89.31225451299991, 29.35618770300016], [-89.31170920799991, 29.355891430999975], [-89.31085098399996, 29.35724094300008], [-89.31016145599995, 29.356469238000102], [-89.30929507399992, 29.358877122000024], [-89.30817709199988, 29.359938388000103], [-89.30874845199992, 29.361075779000146], [-89.31018698499992, 29.36089688400017], [-89.31100204699993, 29.3613761310001], [-89.3122368789999, 29.364216614000043], [-89.3113589169999, 29.365710348000164], [-89.31233109699997, 29.36905139600003], [-89.31307536499997, 29.369364906000044], [-89.31391306199993, 29.371421579000128], [-89.31353829599993, 29.373071378000134], [-89.3114310279999, 29.37259272200015], [-89.31125732999993, 29.374270681000155], [-89.31335196499998, 29.374283774000048], [-89.31520421399989, 29.37559650800017], [-89.31639325299989, 29.375448601000073], [-89.31766150899995, 29.377536526000085], [-89.31995352799993, 29.37850239000005], [-89.31976798799997, 29.379994479000175], [-89.31905687999995, 29.38056386500017], [-89.31986667899997, 29.381357216000026], [-89.3198422029999, 29.38469510600015], [-89.32090912799998, 29.38554951400016], [-89.32030329199995, 29.38635799800005], [-89.32085649199996, 29.386801058000117], [-89.32165813299997, 29.38834881000014], [-89.32078332799995, 29.389038008000114], [-89.31900424399993, 29.386882051000157], [-89.3165930049999, 29.385765122000066], [-89.31494682499994, 29.385969875], [-89.31332801599996, 29.38576847800016], [-89.31272428499989, 29.38740169700003], [-89.31162051599995, 29.387690535000104], [-89.31096151699995, 29.386867839000047], [-89.31124890799992, 29.384430611000028], [-89.3099216999999, 29.384187106000013], [-89.30966115399991, 29.380534652000165], [-89.31035041699994, 29.37933620400014], [-89.31093019999997, 29.376852065000037], [-89.30969141899993, 29.374872175000178], [-89.30568689899991, 29.37527516600005], [-89.30129682299992, 29.378807478000056], [-89.29984223699995, 29.37883715300012], [-89.2979868299999, 29.376927992000162], [-89.29715755499996, 29.376658891000034], [-89.2968456889999, 29.375697962000174], [-89.2931090859999, 29.37501494800017], [-89.29177292899999, 29.37265338400016], [-89.29239087199988, 29.371924117000162], [-89.29478842599991, 29.369883170000094], [-89.29430207199994, 29.367888674000085], [-89.29239850399989, 29.36553046500012], [-89.2921745399999, 29.363855204000174], [-89.29244403399991, 29.35954329200007], [-89.28813212199992, 29.358195818000127], [-89.28044389599995, 29.356182176000175], [-89.27725286099997, 29.35312805800004], [-89.27754540699999, 29.345752284000127], [-89.27298437299993, 29.34727372300017], [-89.27472373999996, 29.351962348000086], [-89.27243830399993, 29.350019214000042], [-89.26689890299991, 29.349377504000074], [-89.27074156799989, 29.34800680600017], [-89.27155057799996, 29.34673473400005], [-89.27021836999995, 29.34463615100009], [-89.27093316199995, 29.343493431000184], [-89.26782765899992, 29.343163208000135], [-89.26720840099995, 29.339561219000075], [-89.26401999699993, 29.33887754700004], [-89.26372786799999, 29.33812433200012], [-89.26481321599994, 29.335685459000047], [-89.26335994599992, 29.33548485100016], [-89.26185667099998, 29.33732644100013], [-89.26004705799994, 29.33711767500006], [-89.25946753999995, 29.33838040400019], [-89.25782162299998, 29.337635279999972], [-89.25818612399996, 29.335547751000036], [-89.25729237199988, 29.334065860000067], [-89.26012337999992, 29.33188680899997], [-89.26237802799994, 29.331553626000016], [-89.26655782399996, 29.331983594000064], [-89.26722971899994, 29.330016928000077], [-89.27017599899989, 29.32929049100011], [-89.26538562899992, 29.324348595000117], [-89.26268541999991, 29.322780184000123], [-89.25868326899996, 29.322966975000043], [-89.25606227599991, 29.322622540000054], [-89.25894749899999, 29.32166838800015], [-89.26018259499995, 29.320074975000182], [-89.26021101899988, 29.318101927000043], [-89.26210274399995, 29.31711204800007], [-89.26465609899998, 29.316566480000063], [-89.26618516499991, 29.31778598200009], [-89.26634859899997, 29.314621527000156], [-89.26483111199997, 29.31471199500004], [-89.2648805899999, 29.313265172000115], [-89.26132505199996, 29.313023443000134], [-89.26166191999994, 29.311985073000187], [-89.26370339399995, 29.31117941800005], [-89.26324625299992, 29.308819236000147], [-89.2640442099999, 29.308498751000172], [-89.26810847099989, 29.30983648600011], [-89.27126503099993, 29.311316929000157], [-89.27266803399993, 29.309530475000088], [-89.27240906699996, 29.30860882500008], [-89.27316280999997, 29.307383665000145], [-89.27640911299994, 29.305784660000086], [-89.27363179299994, 29.30445659700007], [-89.27371706299988, 29.30146458900009], [-89.27190560799994, 29.30024350800005], [-89.26981702499995, 29.299888546000034], [-89.26896116999995, 29.2977116670001], [-89.27147136399998, 29.2975728400001], [-89.27423947199992, 29.296624872000166], [-89.27613698699992, 29.296586120000143], [-89.27573537699999, 29.29890702200015], [-89.27712443199988, 29.29981564500008], [-89.27992017399993, 29.300666303000128], [-89.28176110499993, 29.30174697900003], [-89.28589063599992, 29.300527345000035], [-89.28410339199996, 29.297232815000086], [-89.28519926699994, 29.296637242000088], [-89.28657121499992, 29.293589112000177], [-89.29028808099997, 29.29270864900002], [-89.29325252099994, 29.291091682000115], [-89.29766522999995, 29.29113188200006], [-89.30040938999997, 29.291668109000113], [-89.30201635599997, 29.289565117000166], [-89.30502185199992, 29.287769319999995], [-89.30610746199989, 29.28447393300013], [-89.30603982499997, 29.281794121000075], [-89.30783259499998, 29.28049362600001], [-89.30938403099992, 29.282660044000068], [-89.31418071699989, 29.281301189000146], [-89.31606770499997, 29.280192089000025], [-89.31976167499988, 29.280714103000037], [-89.32052436599992, 29.27938360600018], [-89.31926874199996, 29.278266020000103], [-89.31890950399998, 29.276732546000062], [-89.31912399499998, 29.274383022000166], [-89.31898635299996, 29.273437226000055], [-89.31979509899998, 29.27262861000014], [-89.32226818499998, 29.271135271000105], [-89.32234792799989, 29.26916327700019], [-89.32007011999991, 29.268866543000172], [-89.31878107299991, 29.268023057000164], [-89.32031145499997, 29.26676795900005], [-89.31684092399996, 29.26526481700006], [-89.31760045599992, 29.2647064840001], [-89.3196793009999, 29.26571827300006], [-89.32276980299991, 29.265616818000126], [-89.32010512399995, 29.264318427999967], [-89.31876475699988, 29.261877450000156], [-89.31493919799993, 29.25835573000012], [-89.31333749499993, 29.256454004000148], [-89.31014303799992, 29.25350180200013], [-89.30833184499988, 29.252720162000116], [-89.30578401699995, 29.252712793000114], [-89.30445707199993, 29.251903126000173], [-89.3021713689999, 29.252681081000162], [-89.30069388699997, 29.251242416000082], [-89.30057466699998, 29.248967240000127], [-89.2979073549999, 29.250790539000036], [-89.29661357199996, 29.25187259600017], [-89.29582035299995, 29.253177829000037], [-89.2983981829999, 29.254761241000153], [-89.29907428799999, 29.255982388000007], [-89.29499660399995, 29.25458280600003], [-89.29244403899992, 29.25497941599997], [-89.29418075199993, 29.252538701000105], [-89.29338174299988, 29.250644211000008], [-89.29325252199993, 29.24932003100008], [-89.29130105599995, 29.248883418000105], [-89.29116683499996, 29.247039328000085], [-89.28908535899996, 29.248925790000044], [-89.28826371499991, 29.249480174000098], [-89.28784999899995, 29.246137153000177], [-89.28580957899999, 29.247813072000156], [-89.28348466199998, 29.248548260000064], [-89.2833912349999, 29.24430964200019], [-89.2846934399999, 29.24264727700006], [-89.28681386699992, 29.243508528000177], [-89.28666727699988, 29.241083077000155], [-89.28582931699992, 29.240044181000144], [-89.28312910899996, 29.23761438800011], [-89.2809684149999, 29.24062514700006], [-89.27998939199989, 29.241617197000096], [-89.2796651569999, 29.240000231000067], [-89.27699547599997, 29.237781901000176], [-89.2750205879999, 29.23957006500018], [-89.27318676099998, 29.238882380000007], [-89.27153347499996, 29.236004790000152], [-89.26925119399993, 29.23610453400005], [-89.26803109999997, 29.23510827300015], [-89.26587198599998, 29.23672721400004], [-89.26590514599997, 29.23460849700018], [-89.26743973899988, 29.23146957000006], [-89.26780634599993, 29.228426308000167], [-89.26709708099997, 29.226621827000145], [-89.26672468399988, 29.227104101000066], [-89.26507297699993, 29.227988249000077], [-89.26429923299992, 29.228990563000025], [-89.26288622899989, 29.228491182000027], [-89.26148138299993, 29.226295617000176], [-89.26034182199999, 29.228416834000086], [-89.25998732099993, 29.229494812000098], [-89.26159928699991, 29.232733615000143], [-89.25984862599995, 29.234122405999983], [-89.26010469799996, 29.23584530300019], [-89.25999679499995, 29.239913249000153], [-89.26233934399994, 29.239724945000034], [-89.26462373099997, 29.24168128100007], [-89.26503639399994, 29.243769864000114], [-89.26661651699999, 29.246040828000105], [-89.26738104899994, 29.24770306200014], [-89.26616069199997, 29.249915208000004], [-89.26542379299991, 29.253085715000054], [-89.2645437239999, 29.253489563000073], [-89.26292675799988, 29.256723497000166], [-89.2605986829999, 29.258692728000085], [-89.25838298499991, 29.26181968000003], [-89.2567460169999, 29.262056409000138], [-89.25670943499989, 29.260681434000162], [-89.25399001399995, 29.261888764000048], [-89.25407633599991, 29.26512072500003], [-89.25279781699999, 29.268020159000116], [-89.25053500999991, 29.267697371000054], [-89.2499960209999, 29.27020848700016], [-89.25214302799998, 29.271527734000188], [-89.25172510199997, 29.27289810300016], [-89.25351023999997, 29.273981673000094], [-89.25700761499996, 29.273981542000172], [-89.25675338499997, 29.26935644800011], [-89.25806611799999, 29.269145247000154], [-89.25891749999988, 29.270748529000116], [-89.25914409599989, 29.274374270000123], [-89.26103555799989, 29.277271731000155], [-89.25944332899996, 29.27935623400009], [-89.26076606299989, 29.282142436000186], [-89.26064368499999, 29.28516280100007], [-89.26076606299989, 29.287196446000053], [-89.25941858999988, 29.28798005900012], [-89.25816296699998, 29.290098248000163], [-89.25626018799994, 29.290565522000065], [-89.25649862799997, 29.287653388000024], [-89.25647888899994, 29.285757716000035], [-89.25701787899993, 29.281334281000056], [-89.25512667999993, 29.277976983000087], [-89.25290913999999, 29.27799566800013], [-89.2485145899999, 29.276274614000158], [-89.24733897299996, 29.277177381000172], [-89.24862433499999, 29.282002293000062], [-89.25292914199991, 29.282674582000027], [-89.25348971099993, 29.284410242999968], [-89.25206617999993, 29.28662087400005], [-89.25048105699989, 29.290456105000032], [-89.24928622799996, 29.292656012000066], [-89.24797744199992, 29.295673087000182], [-89.24891304099998, 29.29873260100004], [-89.25132901699999, 29.30284686599998], [-89.25081581999996, 29.303912409000134], [-89.24664181199995, 29.307085747000144], [-89.24371737599989, 29.310627335999982], [-89.24256202399994, 29.310009525000112], [-89.24056923799992, 29.310368698000104], [-89.24136561499989, 29.307841989000053], [-89.24053291899992, 29.305105395000112], [-89.24079793999994, 29.3029733890001], [-89.2402544769999, 29.30253815800006], [-89.24162695199993, 29.30113680000011], [-89.24106269699996, 29.299850252000056], [-89.2402544769999, 29.30004408300016], [-89.23896674599996, 29.30094560000009], [-89.23846802399999, 29.30172289700016], [-89.23679947299996, 29.303422963000173], [-89.23657129799989, 29.302858906000097], [-89.23703133299995, 29.301730397000085], [-89.23669972899995, 29.301185289000102], [-89.23541436699998, 29.30034496200011], [-89.23449245299992, 29.3014547840001], [-89.23308497599999, 29.301168841000163], [-89.23246413799995, 29.301303325000106], [-89.23196462599992, 29.302291098000183], [-89.23059504599996, 29.303064251000137], [-89.22911598399998, 29.302977007000038], [-89.22682738699996, 29.30441922400007], [-89.22572914399996, 29.306140936000077], [-89.2251830489999, 29.30934526300007], [-89.22359845199998, 29.31327030300008], [-89.22292655899997, 29.316062822000163], [-89.22411217599995, 29.318029750000164], [-89.22387136799989, 29.318733357000042], [-89.22228019299996, 29.319541117000085], [-89.22119273999994, 29.32098109600014], [-89.22108509999993, 29.322037033000186], [-89.21945260499996, 29.322682346000192], [-89.21780642499988, 29.323014345000047], [-89.21797196499989, 29.32139172000018], [-89.21390112399996, 29.318505313000173], [-89.21356582899995, 29.321196763000103], [-89.21433247299996, 29.322621157000185], [-89.21468486799989, 29.323974486000168], [-89.2118746509999, 29.328609121000056], [-89.21054717999993, 29.32902059900016], [-89.21078719899998, 29.327203946000054], [-89.20901548299997, 29.32536702800013], [-89.20845412399996, 29.322563455000022], [-89.20651713199999, 29.319533352000064], [-89.20336609899988, 29.32247779100004], [-89.20254287799997, 29.324205951000067], [-89.20257077399998, 29.32631486400004], [-89.20531888199997, 29.32868340200008], [-89.20531335399988, 29.331561585000088], [-89.20393114199999, 29.335693023000147], [-89.19853993599997, 29.33948917200007], [-89.18857600799998, 29.338106039000138], [-89.18398486399997, 29.336056143000178], [-89.18476860799996, 29.334627480000165], [-89.18327612499996, 29.33216649900004], [-89.18404118399991, 29.330298000000084], [-89.18086225499997, 29.328894404000096], [-89.17895658099997, 29.325987733000034], [-89.17508443999992, 29.324048175000144], [-89.17571632999989, 29.32285946400009], [-89.1759742449999, 29.320182744000135], [-89.17697326999996, 29.318707301000188], [-89.17604951399994, 29.31828338600019], [-89.17501732999989, 29.316400083000076], [-89.17239186299997, 29.315390729000057], [-89.17401672599993, 29.314884966000193], [-89.1749036359999, 29.314092602000187], [-89.17431595899996, 29.31281256800014], [-89.17023590799994, 29.311914999000066], [-89.16977955699991, 29.31050495599999], [-89.16930820399995, 29.309637520000024], [-89.17182155599994, 29.3074029390001], [-89.17267083299998, 29.305751298000132], [-89.17138046999997, 29.304434486000105], [-89.16913082299999, 29.30408393300013], [-89.1682407539999, 29.30201883900014], [-89.1722494839999, 29.299176514000067], [-89.17081963699991, 29.2974606570001], [-89.17040302599992, 29.295581105000053], [-89.16728173299992, 29.295181731000014], [-89.16674958599998, 29.293896698000026], [-89.16389515499998, 29.292169656000112], [-89.16424386599994, 29.28959945700018], [-89.16264400599994, 29.28585502300018], [-89.15971562099992, 29.285839364000026], [-89.15821840099994, 29.28530024300011], [-89.15702567699992, 29.286108726000123], [-89.15649405699997, 29.28528754500013], [-89.15416045599989, 29.284229568000057], [-89.15265744499999, 29.28448649600017], [-89.15173500499998, 29.285557039000025], [-89.15028041899996, 29.285393342000077], [-89.15064281499991, 29.283534316999976], [-89.14946719799997, 29.282882096000094], [-89.14910295899995, 29.28127920800017], [-89.14666145599989, 29.281083009000042], [-89.14469656599988, 29.282586151000032], [-89.14193661599995, 29.28235962000008], [-89.14273430999998, 29.274243466000144], [-89.14394835099995, 29.27213962000019], [-89.15010251099989, 29.26737615900015], [-89.15358093799989, 29.265058612000132], [-89.15950744899999, 29.262390511000092], [-89.16889580599991, 29.25701549000007], [-89.17059041099998, 29.255167585000038], [-89.17132125599994, 29.254859534000047], [-89.17351142599989, 29.253218487000026], [-89.17321008699992, 29.251089111000056], [-89.17167838999995, 29.251465193000115], [-89.17147021599993, 29.251862855000127], [-89.17104597199989, 29.251313471000174], [-89.16905502999992, 29.252096162000157], [-89.16855051599993, 29.250863172000095], [-89.1670248719999, 29.250238782000167], [-89.16443414599996, 29.25030312900003], [-89.16322142099989, 29.250123904000077], [-89.16226774799998, 29.2502648090001], [-89.16169629099994, 29.251695530000063], [-89.16082280299997, 29.25216768500013], [-89.16015460499989, 29.251862855000127], [-89.16032119599993, 29.25080698300019], [-89.16135232899995, 29.250011133000044], [-89.16056832099991, 29.249202912000044], [-89.16128706099988, 29.248973289000162], [-89.16102125099991, 29.247612526000125], [-89.1602396109999, 29.24794373600014], [-89.15877476099996, 29.247703060000106], [-89.15898056699996, 29.248226916000135], [-89.15677092199996, 29.24855338800012], [-89.15701594099994, 29.24750751700003], [-89.15674723599989, 29.247020769000073], [-89.15584032399988, 29.247654371000124], [-89.15356225299996, 29.24724960300017], [-89.15189501899994, 29.24756068000005], [-89.15086914999989, 29.247928866000166], [-89.14556189799998, 29.247918602000027], [-89.14479525999997, 29.247501991000092], [-89.14098812399999, 29.247433564000062], [-89.14140236599997, 29.245746460000078], [-89.14276247099997, 29.245152861000065], [-89.14429416799999, 29.24563303100018], [-89.14655802699997, 29.245038378999993], [-89.14925060399992, 29.24460005600008], [-89.15082204099991, 29.24406225100006], [-89.1529882619999, 29.243759728000157], [-89.15297773399993, 29.24325376700017], [-89.15606455199998, 29.24257608400012], [-89.15688829899995, 29.241774179000117], [-89.15731754299992, 29.24028077500003], [-89.15677329099998, 29.23940123300008], [-89.15700962499994, 29.239188453000054], [-89.15756808899994, 29.23928464500017], [-89.15793864499994, 29.237917697000057], [-89.15778547499991, 29.237293833000138], [-89.15789311499992, 29.236427187000174], [-89.15672012899995, 29.235171564000154], [-89.15710226399995, 29.234865487000093], [-89.15697462299994, 29.233838961000117], [-89.15607981699998, 29.232880860000137], [-89.15911031399992, 29.23112875100003], [-89.15649642799991, 29.22983365100015], [-89.15740597199994, 29.22959389500005], [-89.15892187899993, 29.230038667000088], [-89.15919084599994, 29.230362507000052], [-89.1605388449999, 29.230063669000174], [-89.16335616899994, 29.22856894800003], [-89.16580583099994, 29.228701721000107], [-89.16871929099995, 29.229244842000185], [-89.17200630999997, 29.22885304900001], [-89.17200841599998, 29.229600476000144], [-89.17434570199998, 29.228932266000072], [-89.1751012869999, 29.22902622100014], [-89.17560316799995, 29.229927869000164], [-89.17497627699993, 29.23099439900011], [-89.17536367599996, 29.231653265999967], [-89.17582476399997, 29.233784220000075], [-89.17475889199989, 29.23408898000008], [-89.17485810999995, 29.234886937000113], [-89.17722539799996, 29.235459087000038], [-89.17952583899995, 29.23530631200009], [-89.18149651799996, 29.23482377400012], [-89.18210130099999, 29.234927862000063], [-89.1826713449999, 29.23436308100014], [-89.1819491839999, 29.23382593400015], [-89.18245448599998, 29.23256899500018], [-89.1829408399999, 29.23220712500006], [-89.18260528799993, 29.231957369000042], [-89.1822905269999, 29.231165202000113], [-89.18321243999992, 29.229801412000086], [-89.1842222549999, 29.230570419000173], [-89.18458754599999, 29.229343088000178], [-89.1858786979999, 29.22899292900007], [-89.18610871599992, 29.228683958000147], [-89.1869566769999, 29.228453940000122], [-89.18737460399996, 29.22789218600019], [-89.18892393399989, 29.227573477000192], [-89.18922974699996, 29.22706935900004], [-89.18772331499991, 29.226293115000146], [-89.18783779799998, 29.225519108000128], [-89.18590870199989, 29.22598019600008], [-89.18451209399996, 29.226045172000113], [-89.1829129429999, 29.227623086000108], [-89.18288188799994, 29.22683605200001], [-89.18464623499989, 29.2250655200001], [-89.1858584339999, 29.224891690000106], [-89.18638268499996, 29.224068338000166], [-89.18592028099988, 29.223825951000094], [-89.18586896099998, 29.222839426999997], [-89.18514258999994, 29.22293417100002], [-89.18458044099992, 29.22220569300015], [-89.18422830799994, 29.222257803000048], [-89.18398618399999, 29.22194435700004], [-89.18320796599988, 29.222059366000053], [-89.18323402099992, 29.222761789000174], [-89.18249027999991, 29.223718047000034], [-89.18282846299996, 29.22454113700013], [-89.18126597399998, 29.2246902280001], [-89.18041774999995, 29.224151765000045], [-89.17924555399998, 29.223842530000127], [-89.17807177999993, 29.224796025000103], [-89.17868919599994, 29.225238428000182], [-89.17786439499997, 29.22582952600004], [-89.17739067499997, 29.22649036700011], [-89.17686168599988, 29.226594849000037], [-89.17710038899992, 29.225604509000163], [-89.1760137249999, 29.22626350700017], [-89.17669983199994, 29.22493169400019], [-89.17641375599993, 29.22381529200004], [-89.1762919059999, 29.22156209100018], [-89.17697564199989, 29.221992914000054], [-89.17722039799992, 29.219799849000026], [-89.17776175599994, 29.219258886000148], [-89.17938345999994, 29.21889925300013], [-89.17965663899997, 29.220130401000063], [-89.18000613999999, 29.219324418000042], [-89.18086304799994, 29.21901439400017], [-89.18162073899992, 29.21992643800013], [-89.1835719419999, 29.219727607000095], [-89.18396012999995, 29.217799432000163], [-89.18339271799988, 29.216808828000126], [-89.18288899499998, 29.216860280000105], [-89.18114280599991, 29.216441695000185], [-89.1803343229999, 29.216441695000185], [-89.17967900999992, 29.21500724200007], [-89.17883052299999, 29.214742880000074], [-89.1783452219999, 29.21553044000001], [-89.17790887299992, 29.215633211000068], [-89.17855550199988, 29.216153515000144], [-89.17826758499996, 29.21675553500006], [-89.17777412499998, 29.21687988600013], [-89.17681115599999, 29.21663723600011], [-89.17702117199997, 29.217470722000144], [-89.17594924799988, 29.217740743000036], [-89.17528709099992, 29.21729860400012], [-89.17478415699998, 29.217425324000146], [-89.17467493899989, 29.216441695000185], [-89.17372223299992, 29.216636841000025], [-89.17374433999998, 29.214740247000123], [-89.17346458199995, 29.21387754900013], [-89.17158943699997, 29.214142964000132], [-89.17101123399999, 29.21469879700004], [-89.1718423509999, 29.21468182200016], [-89.17185708999989, 29.21541069400007], [-89.16998404999998, 29.216018635000182], [-89.16888343799997, 29.21738755700011], [-89.16642693299991, 29.21794260000013], [-89.16270559199995, 29.217866673000174], [-89.16239977899994, 29.21876029500004], [-89.16243214999997, 29.220346732999985], [-89.16152313299989, 29.220525037000186], [-89.16054489899994, 29.219543513000133], [-89.1580881299999, 29.220087897999974], [-89.15707331499993, 29.220067106000045], [-89.15379174599997, 29.221393788000057], [-89.15459496499989, 29.220616227999983], [-89.15703094399998, 29.219257833000142], [-89.15783416299996, 29.21927415000016], [-89.15810839499989, 29.218988865000085], [-89.16009512699998, 29.218344078000143], [-89.16085387099992, 29.216419982000104], [-89.16286507899991, 29.21605495400007], [-89.16755544099993, 29.21455654900018], [-89.17006273999993, 29.21313499200005], [-89.16903160799995, 29.210933900000043], [-89.16753649199995, 29.21090337200019], [-89.16726120799996, 29.21172830400019], [-89.1658226749999, 29.211789361], [-89.16296008599994, 29.21118392000011], [-89.16180868099997, 29.210304510000185], [-89.1579915449999, 29.211722909000002], [-89.15811576399994, 29.21046886400012], [-89.15969325399993, 29.20792787800019], [-89.16145378899995, 29.206933269000046], [-89.16338459299999, 29.20503383800019], [-89.16621796999993, 29.2041417960001], [-89.16746069699991, 29.203531617000124], [-89.16752175499988, 29.202624836000155], [-89.16820706999994, 29.202966968000055], [-89.16860131199996, 29.20404047200003], [-89.16893607399993, 29.206050891000018], [-89.16886922699996, 29.207422971000028], [-89.16950901399991, 29.20770838800013], [-89.17305797199992, 29.20770483500013], [-89.17431352999989, 29.20755981600007], [-89.1746978359999, 29.209634458000153], [-89.17535262299998, 29.210679671000037], [-89.1758958229999, 29.210636114000067], [-89.17695564099995, 29.2114660470001], [-89.17837864599989, 29.21200608900017], [-89.17905106599994, 29.21278654400004], [-89.18045406999994, 29.21332763800018], [-89.1819512909999, 29.213207760000046], [-89.1823107919999, 29.213656743000172], [-89.18560446699996, 29.21521410000014], [-89.18603607999995, 29.21575308900009], [-89.18665770599995, 29.215357664000123], [-89.18700773399996, 29.21373951200019], [-89.18847047899993, 29.213921369000047], [-89.18906315499993, 29.213446859000044], [-89.1889970979999, 29.21216768100004], [-89.18988637799993, 29.210107257999994], [-89.18941186799992, 29.209546689000092], [-89.1889544629999, 29.209603535000156], [-89.18793412099996, 29.20889611200016], [-89.18681350899999, 29.209554715000024], [-89.18581974799997, 29.208576482000183], [-89.18572421399989, 29.20781787100003], [-89.18640426699994, 29.207559166000067], [-89.1853004969999, 29.206010889000083], [-89.18518522499988, 29.205122925000182], [-89.18605766099995, 29.205058973000007], [-89.1864629559999, 29.205716787000085], [-89.18722801399997, 29.205478479000078], [-89.18804702499989, 29.206034180000188], [-89.18825230399989, 29.206744761000095], [-89.18778226699993, 29.207159004000175], [-89.18966083399994, 29.207585353000184], [-89.18955135199991, 29.20846489400003], [-89.1902929879999, 29.208557139000106], [-89.19147334199988, 29.207840240000053], [-89.19180284199996, 29.20557559200006], [-89.19258421799998, 29.20547834700011], [-89.19295135199997, 29.205936936000114], [-89.1942669789999, 29.205773239000166], [-89.19365903699997, 29.203586754000185], [-89.1926160619999, 29.20294486200015], [-89.19310109999992, 29.19988225600008], [-89.19390142499998, 29.19736666700004], [-89.19419592199989, 29.195303745000047], [-89.19396116599995, 29.19478831000015], [-89.18949713799998, 29.195151627000087], [-89.18934738899992, 29.196349484000166], [-89.18837994599988, 29.195919056000093], [-89.18608661099995, 29.197963687000026], [-89.18536787099998, 29.198193310000136], [-89.18447490699992, 29.19763260900004], [-89.1832319159999, 29.197787226000116], [-89.18283872799998, 29.19711822700009], [-89.18581395799998, 29.19544349200015], [-89.18611345499994, 29.19473251600016], [-89.18726749199999, 29.193829157000096], [-89.18945397699997, 29.19387718700017], [-89.19025719599989, 29.192529846000127], [-89.18982558399995, 29.192009938000126], [-89.19084460999989, 29.189222748000077], [-89.1926739619999, 29.186901516000034], [-89.19316136899994, 29.184789379000165], [-89.19109410299995, 29.18424762600017], [-89.19063643699991, 29.185217307000016], [-89.19002033599992, 29.18464660500007], [-89.18596370699998, 29.185647340000173], [-89.18449648799992, 29.185329947000128], [-89.18407066599997, 29.184798196000088], [-89.18183154599996, 29.18586893600002], [-89.18059618699988, 29.18613619400014], [-89.17778912699998, 29.18775539800015], [-89.17602083299994, 29.188012786000115], [-89.1753631499999, 29.18883377000003], [-89.17297201399992, 29.189643113000102], [-89.1715978599999, 29.18860204200007], [-89.1688989669999, 29.188485717000106], [-89.17548026499998, 29.186561621000067], [-89.17659482499994, 29.186700185000177], [-89.1785104999999, 29.18553654200008], [-89.17887710699995, 29.184666343000117], [-89.17898685199998, 29.183293868000135], [-89.17794808699989, 29.182636712000146], [-89.17752937099988, 29.181517415000144], [-89.17508918299995, 29.18013007100012], [-89.17453361299994, 29.18065840100013], [-89.17373170899998, 29.180266792000168], [-89.17296743899999, 29.180639979000034], [-89.1721644829999, 29.180435621000186], [-89.17156417299998, 29.179316850000077], [-89.17014458999995, 29.178890369000044], [-89.16971139899988, 29.1782859810001], [-89.16917846199993, 29.177903978000018], [-89.16971139899988, 29.17693850800009], [-89.1693950589999, 29.175907507000147], [-89.16821891499995, 29.17492664200006], [-89.16583241499995, 29.173947488000067], [-89.16275586099994, 29.17370023100011], [-89.1621010739999, 29.174610960000052], [-89.16002275499994, 29.179629242000146], [-89.15815524199996, 29.179879261000167], [-89.15783679599997, 29.181547285000136], [-89.15658012099999, 29.182569996000097], [-89.15586664399996, 29.184498961000088], [-89.15244927499998, 29.1833213700001], [-89.14880346699994, 29.1846413400001], [-89.14495395899996, 29.18889969500009], [-89.14459840399991, 29.191233955000143], [-89.1394640609999, 29.18958501200018], [-89.13305777599993, 29.18917142700019], [-89.13257484399992, 29.18481859000019], [-89.12427578099994, 29.18490951800004], [-89.11905827399988, 29.18416498700003], [-89.11688073599993, 29.184169723000025], [-89.11765263899991, 29.184957021000173], [-89.1166230849999, 29.18540363500017], [-89.11716523199993, 29.185854065000115], [-89.11670861799996, 29.18623343600018], [-89.11625279299994, 29.189796343000182], [-89.11437027899996, 29.192202845000168], [-89.1124288129999, 29.19263511500003], [-89.11149084599992, 29.192228373000148], [-89.11241012799996, 29.191009989000065], [-89.10927462199993, 29.186458453000057], [-89.10899538999996, 29.184937678000097], [-89.10912724299993, 29.183644946000072], [-89.10783003699999, 29.18290212500017], [-89.10616727699988, 29.184224596000035], [-89.10521641399998, 29.18297094600007], [-89.10343495999996, 29.184269731000143], [-89.10098055999998, 29.183667053000192], [-89.10115057399992, 29.178474677999986], [-89.10479059199992, 29.176720726000042], [-89.10610358799994, 29.176436625000065], [-89.10719182999992, 29.175566163000155], [-89.10812505999996, 29.175682225000173], [-89.10878747999999, 29.175151526000036], [-89.10904907899993, 29.17364956700004], [-89.10990098699989, 29.172967278000158], [-89.10899775899998, 29.170098635000045], [-89.10803478999998, 29.16932739200007], [-89.1075650169999, 29.167260126000087], [-89.10828980999992, 29.166066876000116], [-89.10932594299993, 29.165457881000066], [-89.10983940299997, 29.16481125300004], [-89.11306166799994, 29.163784566000118], [-89.11323019199995, 29.163081777000116], [-89.11284568799994, 29.16279583400018], [-89.11358890399998, 29.16218933900018], [-89.11407209899988, 29.162024064000093], [-89.11587250199989, 29.16229000500016], [-89.11568090799994, 29.160993326000096], [-89.11717891799998, 29.161582187000022], [-89.11926960599993, 29.161211369000114], [-89.12001413799993, 29.160246821000044], [-89.12153793899995, 29.159987854000008], [-89.12235379199996, 29.158930930000167], [-89.1236938959999, 29.158557743000074], [-89.1235509899999, 29.157590300000095], [-89.12439684399999, 29.156449291000058], [-89.12382127399997, 29.155645150000055], [-89.12199929099995, 29.154840745000058], [-89.12080893599995, 29.155016679000028], [-89.11975543299991, 29.15458559400014], [-89.12198086899991, 29.15403265700013], [-89.12253248999991, 29.153292468000075], [-89.12124870699995, 29.149479936000148], [-89.12226589099998, 29.150273155000093], [-89.12307437399988, 29.151351134000038], [-89.12365257699997, 29.153223910000122], [-89.1251516399999, 29.15319324900014], [-89.12809055199989, 29.154854562000025], [-89.1291177359999, 29.15456835600014], [-89.13035914799991, 29.153245227000184], [-89.12998911899996, 29.15291454400011], [-89.13062864199992, 29.15189775500005], [-89.12962961799997, 29.14939558800006], [-89.12850663599994, 29.148986608000143], [-89.12782500499998, 29.147086593000097], [-89.12790264299997, 29.14614586200014], [-89.12454896199995, 29.145295139000154], [-89.12332913099993, 29.144180710000057], [-89.12035679699994, 29.14328879900006], [-89.11657545099996, 29.142518608000046], [-89.1151653419999, 29.143528554000113], [-89.11360238299994, 29.141133088000174], [-89.11156480099999, 29.140312385000186], [-89.11606514899995, 29.139765368000155], [-89.11564115599992, 29.138601679000033], [-89.1128849029999, 29.13735268199997], [-89.11039865799995, 29.13789285600012], [-89.10933673399995, 29.13764073100009], [-89.1087782699999, 29.13708068700015], [-89.10847798299994, 29.13550780200012], [-89.10711782999994, 29.134966083000165], [-89.10624386299992, 29.133853069000054], [-89.10117215599996, 29.134470880000094], [-89.09885302999999, 29.137321232000033], [-89.09237331799989, 29.132222021000132], [-89.09368105099998, 29.13038543200014], [-89.09153325299991, 29.12952155000005], [-89.08911569899999, 29.129548788000193], [-89.0878074389999, 29.127931558000114], [-89.08414899799999, 29.12679936500018], [-89.08021711599991, 29.127904450000187], [-89.07401610999995, 29.124142449000033], [-89.07272364199997, 29.122797213000126], [-89.07072980399994, 29.124406680000163], [-89.06918126299996, 29.122282173000144], [-89.06714663199995, 29.120596517000138], [-89.06541228799995, 29.121731735000083], [-89.06311316199998, 29.122122292000142], [-89.06002976599996, 29.12239889200015], [-89.06404718199997, 29.118764269000053], [-89.06714663199995, 29.118076190000068], [-89.06722821799991, 29.115835358000083], [-89.06468828399989, 29.116314475000024], [-89.06432694099993, 29.11550914899999], [-89.06700188499991, 29.114391300000136], [-89.06672870599988, 29.111774387000082], [-89.06402323299994, 29.112857892000136], [-89.06193938799993, 29.11436077100001], [-89.06026715299993, 29.116085247000058], [-89.06001502799995, 29.114158518000067], [-89.0586283429999, 29.113905604000138], [-89.05624210499997, 29.11768194900003], [-89.05632869099998, 29.120356892000075], [-89.05516412799994, 29.11942076700018], [-89.05644448999993, 29.113929553000048], [-89.05813488299992, 29.111291717000086], [-89.06063165599988, 29.10892456099998], [-89.0667879209999, 29.104661600000156], [-89.06947751999996, 29.10386966599998], [-89.07088613199988, 29.102320760999987], [-89.0715561849999, 29.10309740000008], [-89.06943207199993, 29.104751869999973], [-89.06998632599988, 29.10634317800003], [-89.07149512699993, 29.107987121000065], [-89.07279233299994, 29.11016071000006], [-89.07505145399989, 29.10981028700013], [-89.07754454199994, 29.114859758000023], [-89.08010158099995, 29.115065168000115], [-89.08287600599994, 29.114642373000038], [-89.08480852399998, 29.113909026000044], [-89.0851232849999, 29.112523524000153], [-89.08560700599992, 29.112562343000093], [-89.0864054889999, 29.11417852000011], [-89.08696263799993, 29.116332766000028], [-89.0869431619999, 29.117278234000082], [-89.08830826699989, 29.117940522000026], [-89.08891673599999, 29.1198704090001], [-89.08951467599996, 29.11996265199997], [-89.09020578299993, 29.120619019000003], [-89.09065344799996, 29.12222703800012], [-89.09122586099988, 29.122668914000087], [-89.09286598799997, 29.121696997000072], [-89.09553435199996, 29.12123801399997], [-89.09650969099994, 29.120515196000042], [-89.09807270699991, 29.119968179000182], [-89.09993442899997, 29.11831660400003], [-89.10068132899994, 29.11876729700009], [-89.10245041299993, 29.118979550000176], [-89.10415975599994, 29.11975224100007], [-89.10559355099991, 29.120971283000017], [-89.10610727499989, 29.11865755100007], [-89.10614806799998, 29.116810830000134], [-89.10773213699997, 29.11690517900007], [-89.10798268299999, 29.11552362500015], [-89.11084079799997, 29.116354742000055], [-89.1141818459999, 29.118468985000106], [-89.11827321499993, 29.121364472000153], [-89.12049022799988, 29.120920754000053], [-89.1262496199999, 29.124547219000135], [-89.13185794899994, 29.129415226000162], [-89.13917798799997, 29.131852519999995], [-89.1409183859999, 29.130348588999993], [-89.14544978799995, 29.13035306300003], [-89.14599114699996, 29.127356383000063], [-89.14453208699996, 29.124445896000054], [-89.14258904099995, 29.12224467300007], [-89.14102207899998, 29.119598678000045], [-89.14027254699994, 29.11630684500011], [-89.13910166699998, 29.115111752000075], [-89.14105286999995, 29.115586131000157], [-89.14237218299996, 29.115391116000126], [-89.14355937999994, 29.11492805400013], [-89.14438602199994, 29.115030957000045], [-89.14557690499998, 29.114330771000027], [-89.14707096699993, 29.115329401000054], [-89.14871846299997, 29.114715143000012], [-89.1475983759999, 29.113539921000154], [-89.14895058599996, 29.113617032000036], [-89.14788523999994, 29.1127319630001], [-89.14865635299998, 29.11209138700019], [-89.14787260899993, 29.111730570000077], [-89.14648723799996, 29.111483709000026], [-89.14680173599999, 29.11093458700003], [-89.14634591099991, 29.11013860500009], [-89.14760311399993, 29.110383097000067], [-89.14791287499997, 29.11075588900019], [-89.15043938499997, 29.110498369000027], [-89.15086731299994, 29.109467106000068], [-89.15189502399994, 29.108878508000032], [-89.1524569099999, 29.109634487000108], [-89.15284588699996, 29.111069335000025], [-89.15459075899997, 29.11119566100018], [-89.15647643099993, 29.11085484400013], [-89.15487472799992, 29.112068623000084], [-89.15524738799996, 29.112787494000145], [-89.15674671499994, 29.11279736299997], [-89.15737439499998, 29.11349978600009], [-89.16102757199991, 29.113071859000115], [-89.1613739149999, 29.111216715000126], [-89.16186632099993, 29.112289693000093], [-89.16292798199999, 29.113238187000036], [-89.1634832879999, 29.115254133000064], [-89.16490339699999, 29.11820330800009], [-89.16592400299999, 29.11794907799998], [-89.16690276299994, 29.117137831000093], [-89.16705645899998, 29.116451988000108], [-89.16667985099997, 29.114918580000108], [-89.16707251299994, 29.11386889400012], [-89.16836656099991, 29.11338477800018], [-89.17024986299992, 29.11337740900018], [-89.17236002599992, 29.113629533999983], [-89.17236818499998, 29.112821050000093], [-89.17291559599988, 29.112331933000007], [-89.17104860999996, 29.110928271000034], [-89.17022065099991, 29.11067272500003], [-89.16992747099994, 29.110344411000085], [-89.16757834199996, 29.110761811000145], [-89.16720041799988, 29.10970844100001], [-89.1673093739999, 29.10788014200017], [-89.16693539799996, 29.106669126000156], [-89.16572082999994, 29.105309942000133], [-89.16458416299997, 29.10458686000004], [-89.16302430499991, 29.104187224000157], [-89.16242294299991, 29.102839751000147], [-89.1610554689999, 29.10259025800019], [-89.16022987899998, 29.101440695000008], [-89.15857554099989, 29.10097329100006], [-89.15780653399997, 29.101865728999996], [-89.15784285199993, 29.102317737000135], [-89.1570330529999, 29.101761773000135], [-89.15564136699993, 29.101233574000048], [-89.15301011099996, 29.10126239200008], [-89.15194265999997, 29.102807512000027], [-89.15115128299999, 29.103383609000048], [-89.1494972079999, 29.102891202000023], [-89.15015094299997, 29.10163702599999], [-89.14745599799994, 29.100289553000152], [-89.14355832799993, 29.097926608000137], [-89.14436681099994, 29.097988849000046], [-89.14778365499996, 29.099047090000113], [-89.14937219799992, 29.098463754000193], [-89.15034385199993, 29.099005639000154], [-89.15370674399992, 29.09942869800011], [-89.15542582399996, 29.098911158000078], [-89.15581032699998, 29.097864103000063], [-89.15411256399994, 29.096137917000192], [-89.15519054299995, 29.094210795000095], [-89.15607982199998, 29.094360675000075], [-89.15752282799991, 29.095575110000084], [-89.15985274599996, 29.09328269600013], [-89.15988329699991, 29.090498158000116], [-89.15353830999993, 29.08834178700016], [-89.15506000699997, 29.087995972000044], [-89.15521780599988, 29.087138794000168], [-89.1563548439999, 29.08516522600013], [-89.15511132599988, 29.084257788000173], [-89.15480761899988, 29.08345101500015], [-89.15568558099989, 29.08318665200005], [-89.15601823899999, 29.082441331999973], [-89.15701305299996, 29.08199735000005], [-89.15539608599994, 29.08103069599997], [-89.15473234999996, 29.079807970000047], [-89.15660328499996, 29.080504603000065], [-89.15834078599994, 29.081592845000046], [-89.1649731419999, 29.083041905000016], [-89.16659010799992, 29.082233421000126], [-89.17109571999993, 29.087763980000034], [-89.17643192199995, 29.083451279000144], [-89.17644165999997, 29.08080410000008], [-89.17619400899997, 29.078251008000052], [-89.17487180099994, 29.07564251700012], [-89.17348774699997, 29.073690392000174], [-89.17180866999996, 29.07218224900015], [-89.16994378899994, 29.070794773000102], [-89.16798442699991, 29.069796670000073], [-89.1619418549999, 29.065465413000084], [-89.16134996699998, 29.064458230000128], [-89.16262427599997, 29.061918166000112], [-89.16161446199999, 29.058281832000148], [-89.16416465799995, 29.058248408000054], [-89.1660511199999, 29.057170430000042], [-89.16739859299992, 29.058248409000157], [-89.1645191589999, 29.064589162000118], [-89.16718804999994, 29.065727276000132], [-89.17157575699997, 29.066796569000076], [-89.17110387899999, 29.062214899000026], [-89.17230844599993, 29.062113576000115], [-89.17366460399995, 29.064261505000104], [-89.1762069049999, 29.06428348000003], [-89.17936135899993, 29.069058586999972], [-89.1815046829999, 29.075975964000065], [-89.18624320599997, 29.085487357000034], [-89.19026009599997, 29.088488116000065], [-89.19461753699989, 29.086545334000107], [-89.19235499399991, 29.083041905000016], [-89.1915607229999, 29.081365855000115], [-89.19447594799999, 29.081629822000025], [-89.19691824199998, 29.078854739000178], [-89.19175494799998, 29.078061520000176], [-89.19071986899996, 29.07757056100013], [-89.19253474499993, 29.075268146000155], [-89.19580499799997, 29.07437255100001], [-89.19728044499993, 29.071798568000133], [-89.19073539599992, 29.06826694700004], [-89.19018087999996, 29.066300347000038], [-89.18342140999988, 29.061904876000085], [-89.18206762199998, 29.06025619600007], [-89.18304874999995, 29.058125373000053], [-89.18372643399988, 29.054681422000158], [-89.17674931599993, 29.05036543100016], [-89.17626954199994, 29.049505627000087], [-89.1827454779999, 29.051610736999976], [-89.18651164899995, 29.054879727000127], [-89.18733539699997, 29.057569278000187], [-89.1897703219999, 29.060185137000133], [-89.19010482099998, 29.063151946000062], [-89.19336928399997, 29.066573790000177], [-89.19635767299997, 29.068147069000076], [-89.19892497599994, 29.06837577100015], [-89.19986241699996, 29.069872466000106], [-89.2048241569999, 29.06969105799999], [-89.20549785299994, 29.066928948999987], [-89.20422064899998, 29.063283536000085], [-89.20276290499999, 29.061867242000176], [-89.20200889899996, 29.0599313030001], [-89.19938159099996, 29.058286044000113], [-89.19851362899993, 29.05618693399998], [-89.19687139699994, 29.054665106000016], [-89.19748854999995, 29.052354400000183], [-89.19584447599999, 29.05059400199997], [-89.1918739059999, 29.048435150000046], [-89.1890907959999, 29.041632124000103], [-89.18245580999991, 29.038508329000024], [-89.17998588299992, 29.036582128000077], [-89.17235213499998, 29.034629740000184], [-89.16832076999992, 29.03413917600011], [-89.16831524399993, 29.031202764000113], [-89.16670775099999, 29.031038804000048], [-89.16221766799998, 29.032449570999972], [-89.15892188599997, 29.032496680000065], [-89.15784153899995, 29.0309598500001], [-89.15919927699991, 29.030310590000056], [-89.16400359499994, 29.02881481600008], [-89.16161498999992, 29.022744873000136], [-89.15730491899996, 29.014803864000044], [-89.15373543399988, 29.014171184000134], [-89.15191766099997, 29.01271528100017], [-89.1531996029999, 29.002866099000073], [-89.1488640049999, 28.99814375900013], [-89.1600761869999, 28.995071154000186], [-89.19036879099997, 29.013590614000066], [-89.20321373099989, 29.019853072000046], [-89.22081719599998, 29.02557417300011], [-89.22053375299998, 29.030734440000117], [-89.21711717299996, 29.02903996700013], [-89.21229916899995, 29.02911339299999], [-89.20825175099998, 29.033614400000033], [-89.20800094199996, 29.037937496000097], [-89.21294316599995, 29.038575309000066], [-89.21187282099993, 29.041235778000157], [-89.2173140299999, 29.042165851000107], [-89.22318395699995, 29.050702563000186], [-89.22238626399997, 29.055663473000152], [-89.21493410799991, 29.05904255100012], [-89.21536861599998, 29.063907795000148], [-89.2278582649999, 29.064098731000115], [-89.24614572999991, 29.086259919000042], [-89.25110663999993, 29.096820736000154], [-89.25498430799996, 29.09516916100017], [-89.25390632999995, 29.08438937900013], [-89.25659759099989, 29.079071732000102], [-89.26532984499994, 29.078778420000162], [-89.26375051199994, 29.072373188000086], [-89.25789532299996, 29.070598314000108], [-89.26001232899989, 29.061423262000176], [-89.2758922409999, 29.05623970400012], [-89.28901129099995, 29.0556533620001], [-89.29313304699991, 29.05250823099999], [-89.29525557999995, 29.04656079800003], [-89.29016913399994, 29.04787300400011], [-89.28422709599988, 29.049091388000193], [-89.2855327229999, 29.04762759100015], [-89.28861453999997, 29.04659816900005], [-89.29339596299991, 29.043939147000117], [-89.29472474999989, 29.040596126000025], [-89.29499661299991, 29.036847809000108], [-89.29766918799999, 29.03308765000014], [-89.3089342429999, 29.025171994000118], [-89.32073570799992, 29.013776421000046], [-89.32202949299995, 29.009831643000155], [-89.34072014799989, 28.995104583000057], [-89.35224182799993, 28.98312681499999], [-89.35913341399993, 28.972209786999997], [-89.36519467199997, 28.96394085800017], [-89.38071350399997, 28.954907265000145], [-89.39041056899993, 28.946846906000133], [-89.40581491899997, 28.930914884000174], [-89.41977494399993, 28.928977893000024], [-89.40143168399993, 28.95876348500019], [-89.39165171599996, 28.983056153000007], [-89.37971500399999, 28.99256504500005], [-89.37272341099992, 28.994914173999973], [-89.36999767299994, 29.002518710000174], [-89.3670324439999, 29.006015822000165], [-89.36216206699999, 29.008709978000184], [-89.35778225599995, 29.01769527800019], [-89.36209837799993, 29.024706347000063], [-89.36325030899997, 29.028885222000042], [-89.35861495099994, 29.031713204000084], [-89.35188706199989, 29.032480764000184], [-89.34757067599998, 29.037886707000098], [-89.3519944379999, 29.041866621000054], [-89.33406594699994, 29.04931285400005], [-89.33526919899992, 29.05280562400003], [-89.3305351489999, 29.05183962800004], [-89.3270206659999, 29.04806775800006], [-89.32354644999998, 29.048657803000083], [-89.32295456299994, 29.05016357700015], [-89.32267480399997, 29.051992403000156], [-89.32490076599993, 29.05490960200018], [-89.32263769499991, 29.056484198000078], [-89.31957403799998, 29.056003634000092], [-89.31679276999989, 29.05884609100019], [-89.31626746599994, 29.063442234999968], [-89.30957010599997, 29.06748465300018], [-89.30888321099997, 29.071992633000093], [-89.31418204099998, 29.07385304000013], [-89.31251480699996, 29.077184482000064], [-89.31265613299996, 29.082772415000136], [-89.31128997499997, 29.08593108000008], [-89.30578560299989, 29.086893391000046], [-89.30500317399992, 29.091858380000076], [-89.30173686799992, 29.090981207000027], [-89.29865768299999, 29.094645306000075], [-89.30063888899997, 29.097160237000082], [-89.29767444899989, 29.098976036000124], [-89.29899876199994, 29.102672768000104], [-89.2991708799999, 29.106045398000106], [-89.3028022129999, 29.107153905000075], [-89.30308381299989, 29.11279460500009], [-89.30094312199998, 29.11875993400014], [-89.29392626299995, 29.116697537000107], [-89.2920584879999, 29.120465855000134], [-89.29459999999989, 29.12454406600017], [-89.29631249999994, 29.126778317000174], [-89.29600642399998, 29.12975670500009], [-89.29156818599995, 29.129869082000027], [-89.2863927869999, 29.12905007100005], [-89.27993570799998, 29.126559484000097], [-89.27723234199993, 29.129809736000084], [-89.27879219899995, 29.134995268000182], [-89.27747709699997, 29.137085560999992], [-89.27507164799988, 29.13690791500005], [-89.28004045299997, 29.141143506000105], [-89.28133055199993, 29.145081179000044], [-89.28671438999999, 29.144631408000066], [-89.2888763979999, 29.14576439000018], [-89.28957460999993, 29.150101437000103], [-89.29302408699988, 29.153808434000155], [-89.30932166299993, 29.151427461000083], [-89.30559821699995, 29.154843778000043], [-89.29597799999993, 29.156289021000134], [-89.29382441199994, 29.16185905600014], [-89.28907483499995, 29.160578036000175], [-89.2879126389999, 29.16337430500016], [-89.28818555499993, 29.166771936000032], [-89.28800738399991, 29.174006311000028], [-89.28982515499996, 29.178498369000124], [-89.29409255399992, 29.178989906000027], [-89.30457129499996, 29.177364992000037], [-89.3106270259999, 29.179372648000083], [-89.31579452999989, 29.18702074000015], [-89.31788653399997, 29.19729337600012], [-89.32855630599994, 29.188683763000142], [-89.33676088799996, 29.17081593400013], [-89.34064118799995, 29.15430834200015], [-89.33578897199993, 29.153021794999972], [-89.33583265899989, 29.149607058000186], [-89.35246104999999, 29.13479051700017], [-89.35457252899988, 29.14301444300014], [-89.3555220749999, 29.158568540000033], [-89.35448462599999, 29.174863485000117], [-89.35106857199992, 29.183323876000145], [-89.35062458999988, 29.19532664600007], [-89.35766171299997, 29.188683764000075], [-89.36757405899994, 29.169726904000072], [-89.38595863799992, 29.154188466000164], [-89.3977913949999, 29.15558120600008], [-89.39806167899991, 29.160670415000084], [-89.37640895199996, 29.176841402000036], [-89.36810449099988, 29.18550032200011], [-89.36749375499988, 29.204891158000066], [-89.35787467899996, 29.206417995000038], [-89.35573710699992, 29.214662917000112], [-89.36031761899994, 29.21878537900011], [-89.35497368699993, 29.22367125900007], [-89.35833272999997, 29.227793721000126], [-89.36398202799995, 29.23054202800006], [-89.3684098569999, 29.223213208000118], [-89.3682571729999, 29.216189756000063], [-89.3723796349999, 29.216800491000015], [-89.37528702199995, 29.222511775999976], [-89.3834029109999, 29.224925252000048], [-89.38663763499994, 29.219036375000144], [-89.38308104499993, 29.21474749099997], [-89.39871777999991, 29.19372560300002], [-89.41270717399993, 29.179415001999985], [-89.41390961399998, 29.18641642600005], [-89.42154380099993, 29.186721793000174], [-89.42581894599988, 29.192218408000144], [-89.42459747499998, 29.199852596000085], [-89.43146824399997, 29.202295536000065], [-89.4412050119999, 29.19083972300018], [-89.45587921099991, 29.19112968400009], [-89.45671653699992, 29.19195365900015], [-89.4582042689999, 29.19300651600014], [-89.46002960199996, 29.19541358900011], [-89.46283531199992, 29.198080063000077], [-89.46569824199992, 29.20045280500011], [-89.46980094899993, 29.20448112500003], [-89.47230529799992, 29.207551956000145], [-89.47258758499993, 29.208993912000096], [-89.47283172599998, 29.209451675000025], [-89.47298049999995, 29.210763931000088], [-89.47337341299993, 29.21221351600019], [-89.47372245799994, 29.212842941000133], [-89.47408866899997, 29.21442222600018], [-89.47332486199991, 29.218254212000147], [-89.47378358099996, 29.219253500000036], [-89.4746891769999, 29.219251394000082], [-89.47570030799989, 29.220753616000025], [-89.4769206659999, 29.220880731000136], [-89.47879186199992, 29.221704479000095], [-89.48050699499998, 29.22210345700006], [-89.48248951699998, 29.223721872000112], [-89.48340300899997, 29.225772295000013], [-89.48337247999996, 29.226284702000044], [-89.48419701799992, 29.22734860000014], [-89.48525973099993, 29.229789315000062], [-89.48757171599999, 29.23359108000011], [-89.48639678999996, 29.23661613500019], [-89.48339843899993, 29.24161338800002], [-89.48227691699998, 29.24266624500001], [-89.48073577899999, 29.243467331000033], [-89.47903442299992, 29.243513107000126], [-89.47697484599996, 29.244089009000163], [-89.47608947799995, 29.2439060210001], [-89.47543334999995, 29.24331092799997], [-89.47404861499996, 29.24154853800019], [-89.47386550899989, 29.24110984800012], [-89.47399520899995, 29.240148544000192], [-89.47438812299998, 29.238958359000037], [-89.47485732999996, 29.238294601000177], [-89.47490882899996, 29.23769950900015], [-89.47394180299989, 29.23687553400009], [-89.47313117999988, 29.23549842799997], [-89.47271728499993, 29.235246658000108], [-89.47203445399998, 29.235269547000144], [-89.47096702199997, 29.2345306470001], [-89.47049893099995, 29.23378606400007], [-89.47085761999989, 29.233049393000158], [-89.47174835199996, 29.232637405000162], [-89.47284126299996, 29.2315578460001], [-89.47281646699997, 29.231214523000176], [-89.47197914099996, 29.230871201000014], [-89.47156143199993, 29.230482101000177], [-89.47069930999993, 29.230894089000174], [-89.47070121799999, 29.231172561999983], [-89.47138023399998, 29.231672287000038], [-89.47140502899998, 29.232042313000136], [-89.4711189269999, 29.232385635000128], [-89.4702053069999, 29.232820511], [-89.47002220199994, 29.233713150000085], [-89.46978759799998, 29.234102249000046], [-89.46826710099992, 29.23434085100007], [-89.46763389499995, 29.23474272400017], [-89.46693015599999, 29.234603634000052], [-89.46635037399989, 29.23497168900019], [-89.46547635899998, 29.234798913000134], [-89.46624720799997, 29.235808333000136], [-89.4659350789999, 29.23738687600013], [-89.46512475299994, 29.23866342200006], [-89.46418599699996, 29.239336237000032], [-89.4626548249999, 29.239845356000103], [-89.46256692399993, 29.240941230000033], [-89.46188766099988, 29.241526276000116], [-89.46075467899999, 29.24451203300015], [-89.46302459099996, 29.248689856000055], [-89.46480551799988, 29.250224316000185], [-89.46823736199997, 29.251755619000164], [-89.47032594499996, 29.25158784200005], [-89.47202739099993, 29.24984744500017], [-89.47129865099998, 29.24854142300012], [-89.47183948199995, 29.24606215299997], [-89.4741296599999, 29.246246246000055], [-89.47575267899998, 29.24684221200016], [-89.47734859199994, 29.24671404500009], [-89.47825050399996, 29.246210848000146], [-89.4796248209999, 29.245898587000113], [-89.48116035699996, 29.245956998000054], [-89.48110361999989, 29.248405360000163], [-89.48204474399995, 29.250525787000186], [-89.48094544999992, 29.25240922300003], [-89.48015696599998, 29.254315686000155], [-89.48054041699999, 29.255235494000033], [-89.48038619499994, 29.255922652000038], [-89.48050699299989, 29.256461641000158], [-89.48036829999995, 29.257888988000047], [-89.47945243799995, 29.257683577000023], [-89.4790937269999, 29.258642336000037], [-89.47848727799993, 29.259253120000096], [-89.47773809599994, 29.258681681000155], [-89.47705620099993, 29.259669652000127], [-89.4747536779999, 29.25902852100006], [-89.47204997899996, 29.260638421000067], [-89.46780137999997, 29.261724220000133], [-89.46745807999997, 29.262622720000024], [-89.46565558099996, 29.261649320000117], [-89.46458278099993, 29.260376319000045], [-89.46230828199992, 29.261724220000133], [-89.45938998299988, 29.262285720000193], [-89.45630008399996, 29.261274920000062], [-89.4566433839999, 29.25981472000001], [-89.45595678399997, 29.25745602000012], [-89.43909108899999, 29.25573372000008], [-89.42389899299991, 29.258317119000026], [-89.42248279299992, 29.258354618], [-89.42308359299989, 29.261087718], [-89.4084065959999, 29.263034518000154], [-89.40694749699998, 29.26423251799997], [-89.40630369699988, 29.26419511800009], [-89.40561709699995, 29.26363351599997], [-89.40076759899989, 29.263558716000034], [-89.4000809989999, 29.26408281800002], [-89.39866479899996, 29.262997117000168], [-89.39102590099998, 29.263184317000025], [-89.39085420199996, 29.264644417000056], [-89.38948090199995, 29.26528081600003], [-89.37866620399996, 29.266628616000162], [-89.37514720599995, 29.267714216000115], [-89.37531880499995, 29.268762515000105], [-89.37501840599992, 29.269997914000044], [-89.37411720599988, 29.270933814000045], [-89.37132770699992, 29.272655815000178], [-89.3701690069999, 29.274040914000125], [-89.36441840799989, 29.278121213000134], [-89.36875280699996, 29.28403551100007], [-89.38124120399993, 29.276586414000064], [-89.38214240299999, 29.277297713000166], [-89.38385900299994, 29.279356514000085], [-89.3855756019999, 29.280479514000092], [-89.38643390199996, 29.281639912000173], [-89.38913760099996, 29.289949412000112], [-89.38960970099993, 29.292120211000054], [-89.38943800099992, 29.295825610000122], [-89.39081129999988, 29.297622010000055], [-89.3904250999999, 29.298782209000024], [-89.39201289999994, 29.300728309000135], [-89.39364369899994, 29.30364740800013], [-89.39488819899998, 29.30667870700006], [-89.39862189699988, 29.312853306000136], [-89.39364369899994, 29.31741850500015], [-89.39986639699993, 29.324677404000056], [-89.40239839599991, 29.325350904000175], [-89.40454419499997, 29.325276104000068], [-89.41038069399991, 29.321384804000104], [-89.41132479299995, 29.324452905000044], [-89.41299849299998, 29.326510804000065], [-89.41437179199988, 29.326623104000134], [-89.41488679299988, 29.329316903000176], [-89.41819129099991, 29.33036450300017], [-89.41887789099997, 29.32969110400012], [-89.41746169199996, 29.328755704000173], [-89.41776209199992, 29.32785780300003], [-89.41930709099995, 29.328157104000013], [-89.42020829099994, 29.327595904000134], [-89.41960749199995, 29.326436004000072], [-89.42089489099999, 29.324602605000166], [-89.42939218799995, 29.332272602000046], [-89.44381168399997, 29.33896940200009], [-89.4445841839999, 29.33769740100007], [-89.44973408199996, 29.332609403000106], [-89.45084988199989, 29.33354470300003], [-89.47127757699991, 29.322170506000134], [-89.48050437499995, 29.31899000800007], [-89.48548247399998, 29.319102308000083], [-89.50518066799992, 29.330364505000148], [-89.51148916599999, 29.331935905000137], [-89.51874186399994, 29.33216040500008], [-89.52093056299992, 29.33152440500004], [-89.52530796199994, 29.337285905000158], [-89.52539376199991, 29.34024140300005], [-89.52672416099995, 29.340802505000113], [-89.52376296199998, 29.344019703000072], [-89.52865536099995, 29.348059803000183], [-89.53268935999995, 29.344917504000193], [-89.53852585699997, 29.34899500300014], [-89.54328945699996, 29.351613502000134], [-89.55238755399989, 29.353708201000188], [-89.55496245299997, 29.357785301000035], [-89.56281595099989, 29.3600295010001], [-89.5824282449999, 29.365191001000085], [-89.59384374299992, 29.355316603000063], [-89.59796364099992, 29.367958699000155], [-89.60036683999994, 29.37364339999999], [-89.60328513899998, 29.37446609900013], [-89.60749083699989, 29.386432697000146], [-89.60867093699989, 29.38768539700004], [-89.60955073699995, 29.38789099500019], [-89.61051633599999, 29.3885266960001], [-89.61219003599996, 29.388657596000087], [-89.61364913499995, 29.389816796000105], [-89.61596653499993, 29.39215369600015], [-89.61935693399988, 29.393387696000104], [-89.62154553399995, 29.393630693999967], [-89.62379863199993, 29.395705895000162], [-89.62199613299993, 29.397276193000096], [-89.62405613199996, 29.399669094000103], [-89.62869093099994, 29.401538493000146], [-89.62860513099992, 29.399070894000147], [-89.63169503099988, 29.397575294000035], [-89.6367590289999, 29.398472695000123], [-89.6371023289999, 29.400042995000035], [-89.64087892799989, 29.40505289400005], [-89.64276722699992, 29.40587539200004], [-89.64517042599988, 29.406398792000005], [-89.64723042599991, 29.409987793000084], [-89.64937612499989, 29.410436493000077], [-89.65135022499999, 29.40983829300012], [-89.65298102499992, 29.397799696000163], [-89.65152192499988, 29.394060696000054], [-89.64645792599993, 29.39024679700003], [-89.66834472099998, 29.389947597000173], [-89.6698897199999, 29.391592896000134], [-89.67117711999992, 29.39555629700004], [-89.67332291999992, 29.395257196999978], [-89.67598371899999, 29.393462396000075], [-89.67838691799994, 29.392938997000044], [-89.69203401399989, 29.393985897000164], [-89.69787051299988, 29.393238097000108], [-89.70241951099996, 29.391667697000173], [-89.71632410799998, 29.388975400000106], [-89.72070140699998, 29.38972329800015], [-89.72696710499997, 29.39234069800017], [-89.7259371049999, 29.39458419900012], [-89.72480773899991, 29.392881393000096], [-89.72433471699992, 29.39258384700014], [-89.72331809999991, 29.39379692100016], [-89.72287368799994, 29.39494133000005], [-89.72298311799995, 29.395380927000133], [-89.72250390599999, 29.396752798000193], [-89.72298296299994, 29.39767105900006], [-89.72319030799991, 29.398626328000148], [-89.72360786699994, 29.398868881000055], [-89.7237913049999, 29.399220496999988], [-89.72567960499993, 29.40015519700006], [-89.7259039299999, 29.400493941000036], [-89.72556877099998, 29.401102066000192], [-89.72575378399995, 29.401559830000053], [-89.72628704999994, 29.40107247500015], [-89.72696710499997, 29.40209939700003], [-89.73052910299998, 29.40325839600007], [-89.7323315029999, 29.40404349700009], [-89.73413390199988, 29.406884896000122], [-89.73494930199996, 29.408978496000145], [-89.73493957499994, 29.411497116000135], [-89.73514361499997, 29.411532948000115], [-89.73593640099995, 29.412380394000024], [-89.73773880099992, 29.41223089500005], [-89.73805908199995, 29.41258737100003], [-89.73789215099993, 29.413030624000044], [-89.73823547399991, 29.413099289000115], [-89.73838194199993, 29.41294671800017], [-89.7385113009999, 29.413090695000108], [-89.7364514009999, 29.418062594000162], [-89.73709509999998, 29.419258793000097], [-89.73782470099991, 29.421651193000173], [-89.74039959999999, 29.422697893000077], [-89.74203039899993, 29.423109092000118], [-89.74293159899997, 29.422137193000083], [-89.74597859799991, 29.414025295000158], [-89.74876809799997, 29.41297859400015], [-89.75164339699995, 29.408081195000022], [-89.75348879699993, 29.405725897000025], [-89.75481909699988, 29.406211896000173], [-89.75537699699993, 29.404155698000068], [-89.75383209699993, 29.40067859900006], [-89.75399299699995, 29.400575798000148], [-89.75462599699989, 29.40157129800008], [-89.75594029699994, 29.40223959700006], [-89.75673419599997, 29.402089998000008], [-89.75759789599994, 29.401435698000057], [-89.7588263959999, 29.40013649700012], [-89.75863319599989, 29.398968099000115], [-89.75866539499998, 29.3978697980001], [-89.75934129499996, 29.397047198000053], [-89.76151389599994, 29.396304099000133], [-89.76856279299989, 29.39722009800016], [-89.77021499299991, 29.398210999000128], [-89.7689167929999, 29.40239849800014], [-89.77374479099996, 29.404791196000076], [-89.77581596399989, 29.403352737000148], [-89.77591220499994, 29.41436424700015], [-89.77537559099989, 29.414660794999975], [-89.77513588099993, 29.41526524400018], [-89.77436958699997, 29.415604991000123], [-89.77416419999992, 29.41555976900014], [-89.77395629899996, 29.41517067000018], [-89.77350997899998, 29.414827347000085], [-89.77338027999997, 29.410291672000085], [-89.77314758299991, 29.409261703000027], [-89.77351379399994, 29.40827751200004], [-89.77327728299991, 29.40804863000011], [-89.77416522399994, 29.406758278000098], [-89.77429978499993, 29.40533417200004], [-89.76618051299988, 29.401244990000123], [-89.76374399899998, 29.40097122399999], [-89.76048618899989, 29.40340773800017], [-89.7575842739999, 29.403133972999967], [-89.75594168099997, 29.40340773800017], [-89.75503825399989, 29.406720301000064], [-89.75443596999997, 29.406638170999997], [-89.75342957099991, 29.4062002820001], [-89.75268387099999, 29.407240455000135], [-89.75350516699996, 29.407213079000144], [-89.75397056799994, 29.40767848100012], [-89.75465971799991, 29.407851035000192], [-89.75533939699994, 29.40855453000006], [-89.75418958099993, 29.411483822000093], [-89.75475476499997, 29.411804325000105], [-89.75493417899992, 29.41160248300008], [-89.75579761399996, 29.411871605000158], [-89.7558595509999, 29.412770519000105], [-89.75481924199988, 29.415179657000124], [-89.74455303299993, 29.422872468000037], [-89.74334846499994, 29.422434443000157], [-89.7423629089999, 29.42328311700004], [-89.74364960699995, 29.423693765000053], [-89.74249979199993, 29.425007839999978], [-89.73620318399998, 29.42927858200005], [-89.71785361999997, 29.443968242999972], [-89.71471258799988, 29.447182849000058], [-89.71263196999996, 29.448496924000153], [-89.71159166099994, 29.45016689400012], [-89.70833385099996, 29.45068704800019], [-89.70860761599994, 29.45222013500012], [-89.70786844899999, 29.454848284000036], [-89.70723878799993, 29.455368438999983], [-89.70489695899988, 29.453738681000175], [-89.70497472799991, 29.452433514000063], [-89.70394978099995, 29.4518765630001], [-89.70274942499992, 29.45180504400014], [-89.70081427499991, 29.451986637000175], [-89.69977735299994, 29.452646097000184], [-89.69952312199996, 29.45320021800012], [-89.69857225899989, 29.453327399000045], [-89.69839237799994, 29.452167638000105], [-89.69872463999997, 29.451572197000132], [-89.69790852499995, 29.45086911600015], [-89.69884175499999, 29.44874599200017], [-89.69878267099989, 29.446951775000116], [-89.69803879799997, 29.44547093600005], [-89.69737203599999, 29.44491714300017], [-89.69637459099994, 29.44454316700012], [-89.69714840099994, 29.44339396800018], [-89.69642656799988, 29.44253735300009], [-89.69494711199997, 29.44206896200012], [-89.69393795499997, 29.44155227700014], [-89.69372135899988, 29.44039166200008], [-89.69115576599995, 29.439376057000175], [-89.6908340309999, 29.438641855000185], [-89.69056400999995, 29.437437157000147], [-89.69082245099992, 29.436220681000066], [-89.69171330899991, 29.43405590800006], [-89.69089929899997, 29.43332861500005], [-89.69064691099999, 29.432735740000112], [-89.68903050499989, 29.432949281000106], [-89.68794459699996, 29.43365186400007], [-89.6876824709999, 29.434352707000016], [-89.68736349999989, 29.434572856000045], [-89.68708689899995, 29.435650834000057], [-89.68649895899995, 29.43455357800002], [-89.68661002099998, 29.434058540000137], [-89.6864759309999, 29.43346079600002], [-89.68674831999988, 29.43241689900009], [-89.68647093099997, 29.4317140820001], [-89.6864931689999, 29.430573205000144], [-89.68707084599993, 29.4301743580001], [-89.68845779499992, 29.427583499000036], [-89.69054361399992, 29.426520260000075], [-89.69148500299997, 29.425193315000172], [-89.68824527899994, 29.42243908800009], [-89.68881032299998, 29.420562167000128], [-89.68733389199991, 29.419112253000094], [-89.68630512899989, 29.42136716400006], [-89.68605471399997, 29.42313223500014], [-89.68654777899991, 29.42471498800012], [-89.68482804099989, 29.425569462000112], [-89.68494541799993, 29.426946082000143], [-89.68399047599996, 29.428112291000105], [-89.68337595499992, 29.42774469600016], [-89.68277906599991, 29.427618501999973], [-89.68282262299988, 29.426517825000133], [-89.68225086799993, 29.427028127000085], [-89.6823045559999, 29.428381652999974], [-89.6815419969999, 29.428411918999984], [-89.68119499699998, 29.42731604400018], [-89.68038651299992, 29.42693450200005], [-89.68185886399988, 29.42620451100015], [-89.68139238099997, 29.42532306100003], [-89.68172582799991, 29.42461675700008], [-89.68275051199998, 29.42515897000004], [-89.68335134799992, 29.42274358500015], [-89.68337148099994, 29.421686595999972], [-89.68254246999999, 29.420481766000137], [-89.68467644999998, 29.420285501000137], [-89.68389967999991, 29.419738353000184], [-89.68413943499996, 29.419221406000133], [-89.6848783079999, 29.418432858000074], [-89.6853670299999, 29.418293110000036], [-89.68518925299998, 29.417830575000096], [-89.6852992609999, 29.416946098000153], [-89.6833606909999, 29.41517898800015], [-89.68189162999994, 29.41455999200008], [-89.68168635099994, 29.415118259000167], [-89.68111472799995, 29.414614010000093], [-89.68064113799994, 29.414672896000184], [-89.68007451599999, 29.41433977800017], [-89.67936577699993, 29.414427943000078], [-89.68013820499993, 29.413114091000068], [-89.67978883599994, 29.41167444000007], [-89.67952447399995, 29.409549473000027], [-89.6776690669999, 29.411584894000157], [-89.67703401799992, 29.41191741900019], [-89.67685821499992, 29.410763778000046], [-89.67555850899998, 29.410605278000105], [-89.67585287399999, 29.41248391099998], [-89.67528059299997, 29.412529901000084], [-89.6751262389999, 29.411016758000187], [-89.67442578999993, 29.410002073000157], [-89.67360230599996, 29.411207693999984], [-89.67317200899993, 29.412662871000066], [-89.67163241599991, 29.413007964000087], [-89.67145384999998, 29.412211388999992], [-89.67040139999995, 29.411454159000073], [-89.67033175699999, 29.410273458000177], [-89.66931723799996, 29.41048915100015], [-89.66868495099993, 29.41156469400005], [-89.6677300099999, 29.41086707500017], [-89.66647254299994, 29.410507573000075], [-89.6659342129999, 29.40983521900006], [-89.66394458499997, 29.409465387000182], [-89.66289766199992, 29.4088174420001], [-89.66261448199992, 29.40843675500014], [-89.66203601699993, 29.408206868000036], [-89.66149702799993, 29.407667879000144], [-89.66121555899991, 29.406300076000036], [-89.6597434709999, 29.40699585400006], [-89.66021337599994, 29.408048830000098], [-89.66103488699997, 29.408756583000127], [-89.6618166579999, 29.41036947000009], [-89.66176981199993, 29.411760630000117], [-89.66109252299998, 29.41234416300017], [-89.66048629199997, 29.414357410000036], [-89.6610423869999, 29.415871607000156], [-89.66092711499994, 29.41730717700011], [-89.66314373299997, 29.41814836100008], [-89.66416525999989, 29.418377458000123], [-89.66653659899993, 29.41809095800005], [-89.6679697639999, 29.41733494300007], [-89.66731089799993, 29.418562604000158], [-89.66556234099994, 29.41919903400003], [-89.66452910399988, 29.42012213300012], [-89.66446172999991, 29.420960355000034], [-89.66219050199993, 29.42125754900013], [-89.66279528599989, 29.42202807000018], [-89.66301424999989, 29.423004921000086], [-89.6620310159999, 29.42514054700007], [-89.66112015499994, 29.426493349000054], [-89.65990506199995, 29.42708898700016], [-89.66003007199998, 29.427903852000156], [-89.66123963799998, 29.427806674000124], [-89.66150676499996, 29.42846376500006], [-89.66047880199989, 29.429349387000116], [-89.65937080999998, 29.430613996000034], [-89.66182836799999, 29.430168436000145], [-89.66285423699998, 29.42838915300007], [-89.6631880789999, 29.428101565000077], [-89.66374720099998, 29.428146437000066], [-89.66361640099996, 29.429774590000022], [-89.66278409999995, 29.429763865000155], [-89.66114792099995, 29.433130770000105], [-89.6598393989999, 29.433524681999984], [-89.65904973299996, 29.434441266000192], [-89.65906131199995, 29.433011089000047], [-89.65742105399994, 29.432721067000045], [-89.65750527099999, 29.433769570000038], [-89.65691654099993, 29.434599962000163], [-89.6577385789999, 29.435421604999988], [-89.65880563399992, 29.43502979900012], [-89.65908131299989, 29.436046917000056], [-89.65823953799998, 29.436772170000097], [-89.66096777499996, 29.43918893600005], [-89.66169651599995, 29.439514158000122], [-89.66363021799998, 29.438715610000145], [-89.66366100899995, 29.43946336500011], [-89.66427408299995, 29.439468497000178], [-89.66474319799994, 29.440550291000193], [-89.66614409599993, 29.439868462000163], [-89.66641503799997, 29.439134722000176], [-89.6656131339999, 29.438665474000118], [-89.6663924049999, 29.437799618000042], [-89.66814714599997, 29.437628618000076], [-89.66900839699997, 29.436381219000168], [-89.67061259899992, 29.43623548400012], [-89.67005913599996, 29.43708555000012], [-89.67092433399995, 29.438414336999983], [-89.67000215799993, 29.438660408000032], [-89.6706670779999, 29.439460865000115], [-89.67167254899988, 29.440081045000056], [-89.67162280899993, 29.441739133000112], [-89.67238326299997, 29.441152114000147], [-89.67482687299992, 29.437936406000176], [-89.67539573199991, 29.437427221000064], [-89.67712941899993, 29.43756598200008], [-89.67787473999994, 29.43704765200016], [-89.67865651099999, 29.437314581000123], [-89.6797076449999, 29.439313682999966], [-89.68257523499994, 29.439458694000166], [-89.68311343399995, 29.44063128500011], [-89.68415864599996, 29.44156517300013], [-89.6842890509999, 29.442817112000057], [-89.68469592399998, 29.442674535000094], [-89.68552796299991, 29.443505191000042], [-89.68546650999997, 29.445055904000185], [-89.68578666699989, 29.44566114800017], [-89.68606313599997, 29.447963167000125], [-89.68685438099999, 29.44833661800004], [-89.68766286399989, 29.449953585000173], [-89.68792209499992, 29.451556078000124], [-89.68682289899994, 29.450557765000042], [-89.68680385099998, 29.45132191400012], [-89.68710874199996, 29.45266366300001], [-89.6894083929999, 29.45328963300011], [-89.68898309799988, 29.454843898000036], [-89.6900569959999, 29.454757575000087], [-89.69042044499997, 29.455179384000076], [-89.69063217199988, 29.45695557400012], [-89.69144762999997, 29.458922700000187], [-89.69243586399995, 29.459774082000138], [-89.69276812699997, 29.460359916000073], [-89.69194319499991, 29.459899683000117], [-89.69022240399994, 29.459972978000053], [-89.6896856699999, 29.46099243900011], [-89.68885622399995, 29.46158107800005], [-89.68753008999994, 29.46153698000012], [-89.68777431099988, 29.462074029000064], [-89.68864217399994, 29.462691464000102], [-89.68996290999996, 29.462646541000026], [-89.69140473199997, 29.464320156000042], [-89.69088166499995, 29.46477091600019], [-89.69021792899991, 29.466263135000133], [-89.6914059159999, 29.466897329000176], [-89.69246060199993, 29.466797651000093], [-89.69425587299997, 29.466138390000026], [-89.69734953299997, 29.466575331000172], [-89.7004576679999, 29.466238726000142], [-89.70192357099995, 29.467370261000042], [-89.70149353799991, 29.46883570400007], [-89.70247111299989, 29.468796951000172], [-89.70272244799997, 29.472063650000166], [-89.70381305899997, 29.47208338900009], [-89.70423282799999, 29.471630394000044], [-89.70583847799998, 29.47120963700013], [-89.70758545599995, 29.471772838999982], [-89.70964679899993, 29.470285487000012], [-89.71081938999998, 29.470532743000092], [-89.71013446899997, 29.471081207000168], [-89.71125073899998, 29.471785405000162], [-89.71320154699998, 29.471508081000138], [-89.71292099899995, 29.468840704000115], [-89.71233648099991, 29.46678205900008], [-89.70948520799999, 29.466176945000086], [-89.70653274299997, 29.46498547100009], [-89.70464588599998, 29.46188108700011], [-89.7084236789999, 29.458405489000143], [-89.71030496199995, 29.457038409000177], [-89.71287835899989, 29.45569695800009], [-89.71372703199995, 29.454136494000124], [-89.71528749599992, 29.45345208100008], [-89.71553388499996, 29.451836864000086], [-89.71747761999995, 29.451672605000113], [-89.71714910199995, 29.44940035100001], [-89.71952455199994, 29.44637438600006], [-89.73048586899995, 29.436749815000155], [-89.74062048399998, 29.42999570900014], [-89.7505457069999, 29.422541626000054], [-89.75557542399991, 29.41834851100009], [-89.7581972889999, 29.417018573000007], [-89.77006480999995, 29.41637004500018], [-89.76867103599989, 29.415281296000103], [-89.7683566629999, 29.41437220199998], [-89.76919555699993, 29.412786484000094], [-89.77024078399995, 29.410127640000155], [-89.77275085399998, 29.41624641400017], [-89.77326965299989, 29.416498184000034], [-89.77319335899989, 29.41752815199999], [-89.7738494869999, 29.41802024800006], [-89.77454566999995, 29.417825699000048], [-89.77379608199993, 29.417047501000127], [-89.77392768899989, 29.416749954000124], [-89.77481240499992, 29.41608091400019], [-89.77456019099992, 29.416716895000093], [-89.77503229099989, 29.41839909500004], [-89.77855128999994, 29.41768879500006], [-89.78378698799997, 29.417202796000083], [-89.78554648799997, 29.41608139600004], [-89.7871772879999, 29.415520596000192], [-89.78889388699992, 29.414286996000044], [-89.79112548699999, 29.413128096000094], [-89.79168338699998, 29.41129629700015], [-89.7949449859999, 29.41073549800018], [-89.79614658499992, 29.41017479700008], [-89.80065268399994, 29.40995049700018], [-89.80400008299995, 29.408866298000078], [-89.81070815999993, 29.40710405800013], [-89.8147726279999, 29.408835040000156], [-89.81309818099999, 29.410062598000138], [-89.81097388099994, 29.41124019800003], [-89.8110381809999, 29.41322159700013], [-89.81087728099999, 29.414417796000066], [-89.81208428099995, 29.416057996000063], [-89.8130552799999, 29.41615609600018], [-89.81329127999999, 29.416361697000013], [-89.81295776399992, 29.416868210000132], [-89.81233024599999, 29.417119980000166], [-89.81178092999988, 29.418058395000116], [-89.81212234499998, 29.418287277000047], [-89.81285095199996, 29.418199539000057], [-89.81329127999999, 29.41845115500007], [-89.81329127999999, 29.418772895000075], [-89.81412807999993, 29.419464395999967], [-89.81472897999993, 29.421034395000106], [-89.81372037999995, 29.42267919500017], [-89.81335567999997, 29.424118294000095], [-89.81108117999992, 29.426622694000002], [-89.81035157999992, 29.428080493000095], [-89.81069487999991, 29.429575592000106], [-89.81116697999988, 29.43002409200011], [-89.81069487999991, 29.43069689300006], [-89.81176564099997, 29.43218901200015], [-89.81138157999999, 29.433088992000023], [-89.81185357999999, 29.433500092000088], [-89.81348437899999, 29.432378893000134], [-89.81382767899998, 29.431519192000167], [-89.81507227899993, 29.43211719300018], [-89.81563017899998, 29.432191993000117], [-89.81584477899997, 29.43103329200011], [-89.81743257799997, 29.431107994000058], [-89.81859127799993, 29.430360493000137], [-89.8195783779999, 29.429201794000107], [-89.82000747799998, 29.428304694000133], [-89.82108037799992, 29.428267394000045], [-89.82245367699994, 29.427332893000084], [-89.82417027699995, 29.425351795000097], [-89.82442777699993, 29.42486589500004], [-89.82803267599996, 29.423707096000044], [-89.83090797499995, 29.42415569500008], [-89.83133717499999, 29.424006195000175], [-89.8318092749999, 29.424641594000093], [-89.83301087399991, 29.424678994000146], [-89.83374047399997, 29.424417294000136], [-89.83416957399999, 29.423669696000104], [-89.83356877499989, 29.423445495000124], [-89.83343997499998, 29.422959496000146], [-89.83537117399999, 29.422436196000035], [-89.83854697299995, 29.422623096000052], [-89.83897607299991, 29.423520196000027], [-89.83961987299989, 29.423856595000018], [-89.83854697299995, 29.425538695000114], [-89.83850407299997, 29.426248894000025], [-89.83794617299998, 29.42583779600011], [-89.83661577299995, 29.427669295000044], [-89.8358432739999, 29.428360794000127], [-89.83509227399992, 29.42871589400005], [-89.83487767399993, 29.42834209500012], [-89.83483477399994, 29.427706695000097], [-89.83382627399999, 29.427258094000024], [-89.83256027399995, 29.427762694000023], [-89.83213107499995, 29.427314195000122], [-89.83204527499998, 29.425856395000153], [-89.83140157499992, 29.426043295000113], [-89.83170197499999, 29.42654789500017], [-89.83116547499992, 29.42708989500005], [-89.83127277499989, 29.427501094000036], [-89.83172337499997, 29.427407694000124], [-89.83189507399999, 29.427818794000075], [-89.83067197499992, 29.428285993000088], [-89.82967385299997, 29.42918965200016], [-89.82851551899995, 29.42917086800003], [-89.82794687599988, 29.427631894000058], [-89.82798977599998, 29.427052594000088], [-89.8266482709999, 29.42763431300017], [-89.82588195799991, 29.427267075000145], [-89.82477107699992, 29.427332893000084], [-89.82429907699998, 29.42778139300009], [-89.82484404299993, 29.428137457000048], [-89.82473182699988, 29.42861747700016], [-89.82536767199991, 29.42836970500008], [-89.82726017599998, 29.42890279400001], [-89.82732457599991, 29.430005393000044], [-89.82811847599999, 29.430416594000064], [-89.82936307599994, 29.430435294000176], [-89.8316160739999, 29.43088379400018], [-89.83217397499993, 29.43082769400013], [-89.83290357399994, 29.43114539400011], [-89.8332254739999, 29.430865094000012], [-89.83328977499991, 29.430435294000176], [-89.83492057399991, 29.43095849300005], [-89.83472747399992, 29.43140709400012], [-89.83277487399994, 29.431874293000135], [-89.83245297399998, 29.43217329400011], [-89.8311011749999, 29.431631294], [-89.8310581739999, 29.43189299400018], [-89.82992097499988, 29.431556593000153], [-89.82908407499991, 29.43174349300017], [-89.8289017749999, 29.432276092000052], [-89.8277537759999, 29.43289279400011], [-89.82732457599991, 29.43330389300013], [-89.8268310759999, 29.434443892000047], [-89.82658900599989, 29.435778944000162], [-89.82609367399994, 29.43626976000013], [-89.82606506299999, 29.436521530000164], [-89.82671935199994, 29.436521530000164], [-89.82684177599992, 29.437218991000066], [-89.82851547499996, 29.439414691000025], [-89.82903047499991, 29.439666992000184], [-89.82976007499997, 29.439676391000148], [-89.83112257499994, 29.439433392000012], [-89.83210967399998, 29.438414992000162], [-89.83162687399988, 29.435836092000102], [-89.83425537399995, 29.434939093000082], [-89.83560727399998, 29.436639693000075], [-89.83646557299994, 29.43708819300008], [-89.83748477299991, 29.43691069300013], [-89.8392335719999, 29.436116393000134], [-89.8394696719999, 29.436359392000043], [-89.83905117199993, 29.43755539299997], [-89.83831087199997, 29.437947791000113], [-89.83793537299988, 29.438499093000075], [-89.83687327299992, 29.439227892000076], [-89.83656207299993, 29.438835391000055], [-89.83614367299998, 29.438854091000167], [-89.83591837299997, 29.439760392000096], [-89.83497427299994, 29.440377091000073], [-89.83459877399997, 29.44113389200004], [-89.83433047399996, 29.44096569200019], [-89.83386917399997, 29.44095639200009], [-89.83368868299999, 29.441141285000015], [-89.83263397199994, 29.441213608000055], [-89.83232116699998, 29.441419601000177], [-89.83237457299992, 29.44178581200015], [-89.83352569599998, 29.441664337000134], [-89.8337082729999, 29.44279699100008], [-89.83391207399995, 29.44297449100003], [-89.83454507299996, 29.442694291000123], [-89.83485627299996, 29.443591190000177], [-89.83451287299994, 29.444105091000154], [-89.83448067299997, 29.446169890000192], [-89.83425537299996, 29.446870589000127], [-89.83442707299997, 29.447767490000047], [-89.83431977399994, 29.449720090000085], [-89.83391207299996, 29.451439089000132], [-89.83317177399994, 29.451158789000033], [-89.83250657399992, 29.45136438900016], [-89.8319272739999, 29.451186788000143], [-89.83098408299992, 29.45164347300016], [-89.83075714099988, 29.451246262000097], [-89.83057212799991, 29.45122337300006], [-89.83025741599994, 29.451360703000034], [-89.83044284999988, 29.451905534000105], [-89.8294381739999, 29.452391988000045], [-89.82886957399995, 29.451943589000166], [-89.82805417499998, 29.450729088999992], [-89.82775377499996, 29.4505421880001], [-89.82771087499998, 29.45016848900019], [-89.82728167499994, 29.44966399000009], [-89.82717437499991, 29.448692389000087], [-89.8255864759999, 29.44796369000011], [-89.82541487499998, 29.447141490000092], [-89.82552217499989, 29.446898590000046], [-89.82410597599988, 29.445945590000065], [-89.82320467599999, 29.444301291000045], [-89.82161687699988, 29.44443208900003], [-89.82178847699998, 29.44482449000003], [-89.82127347699998, 29.44538509000006], [-89.8208228769999, 29.445179491000033], [-89.82028647699997, 29.445291589000078], [-89.81859127799993, 29.446300690000157], [-89.81648847799994, 29.44798239000005], [-89.81580177799998, 29.44775809000015], [-89.81575887799988, 29.448019689000034], [-89.81627387799995, 29.448337389000187], [-89.81638117799997, 29.44874848900008], [-89.81618807799998, 29.44925298999999], [-89.81575887799988, 29.449421089000168], [-89.81597347799999, 29.45021518900012], [-89.81385987899995, 29.454120289000116], [-89.81345217899997, 29.454335188000073], [-89.81080217899995, 29.45463408700016], [-89.80981517999999, 29.454092288000027], [-89.80790537999997, 29.453886787000158], [-89.80475108099989, 29.45586728600017], [-89.80316328099991, 29.45640908700011], [-89.79990168199998, 29.455474886000047], [-89.79846398299992, 29.455624387000057], [-89.79640408399996, 29.45483968800005], [-89.79260608499993, 29.454073587000153], [-89.79204818499994, 29.454596787000128], [-89.79033158499993, 29.454839687000117], [-89.78915138499997, 29.45353178800019], [-89.7886363849999, 29.45353178800019], [-89.78565378699994, 29.451980887000047], [-89.78391568699993, 29.450859888000082], [-89.78277848699992, 29.450822487000096], [-89.77977438799996, 29.452130388000057], [-89.77831528799993, 29.453139387000135], [-89.77668448899999, 29.453793286000177], [-89.77670598899994, 29.454054886000108], [-89.7744957889999, 29.455306786000165], [-89.7709767909999, 29.453868086000114], [-89.76973219099995, 29.453755987000193], [-89.7684876909999, 29.45149508800006], [-89.76865929099989, 29.45114008600018], [-89.76917429099996, 29.45115878600012], [-89.77007549099994, 29.45164458700009], [-89.77112698999997, 29.451850187000048], [-89.77125568999998, 29.451551187000177], [-89.77086949099998, 29.45115878600012], [-89.77121279099998, 29.45085988699998], [-89.77123429099998, 29.45018718600005], [-89.77031159099994, 29.450056388000064], [-89.76938889099995, 29.449421088000065], [-89.7688309909999, 29.449589287000038], [-89.76908849099999, 29.448916587000156], [-89.76953909099996, 29.448468188000106], [-89.76928159099998, 29.44822528800006], [-89.7686807909999, 29.44859898800007], [-89.76638479199994, 29.448412088000055], [-89.76610589099994, 29.447795488000054], [-89.76445359199994, 29.44837468800017], [-89.76421759199991, 29.449066088000166], [-89.76389569199995, 29.448841888000118], [-89.76318759199995, 29.448804488000007], [-89.76054829299989, 29.450093787000014], [-89.76056979399999, 29.45063558700008], [-89.75981879299997, 29.45114008600018], [-89.75928229399995, 29.45242938600012], [-89.75949689299995, 29.452560187000188], [-89.75977589399997, 29.452242486000102], [-89.76029079299991, 29.452541487000076], [-89.75968999299994, 29.45295248700012], [-89.75973289299992, 29.453214086000173], [-89.75850989399999, 29.453718587000083], [-89.75887459299997, 29.45513858600009], [-89.7584239929999, 29.456353086000036], [-89.7587458939999, 29.45695088600013], [-89.75812359399993, 29.457829085000014], [-89.75820949299992, 29.45848298500016], [-89.7580162939999, 29.459062185999983], [-89.75835969299999, 29.459454485000037], [-89.75775879299994, 29.46317238300003], [-89.75713659399997, 29.46369558400005], [-89.75683619299997, 29.46492858400012], [-89.7563211939999, 29.466049483000006], [-89.75694339299997, 29.467170383000052], [-89.75724389399988, 29.468739682000148], [-89.75662159399991, 29.46980448300019], [-89.75692199299988, 29.470308882000097], [-89.75754429299997, 29.470869382000103], [-89.75763009299993, 29.47378358200018], [-89.75835969299999, 29.474138482000058], [-89.75855279299998, 29.474941780999984], [-89.75896049299996, 29.475277982000023], [-89.75926089199999, 29.476174682000135], [-89.75981879199992, 29.476977881000096], [-89.76050539199991, 29.47751968100016], [-89.76211469099991, 29.479555780000112], [-89.76387429099992, 29.48123688100003], [-89.76597709099991, 29.481871980000108], [-89.76803708999995, 29.482189480000102], [-89.77074068899998, 29.482133480000073], [-89.77464598899991, 29.48127428100014], [-89.77571888799997, 29.48048968000012], [-89.77730678699999, 29.47987328100004], [-89.77722088799999, 29.47908878200019], [-89.77773588699995, 29.47862178200012], [-89.77754278799995, 29.477855882000142], [-89.77810068699995, 29.476716382000006], [-89.77846548699995, 29.476473581000107], [-89.77872298799991, 29.474287983000067], [-89.77861568799989, 29.47311108300005], [-89.7810403869999, 29.469374884000104], [-89.78234928599994, 29.468590183999993], [-89.78224198599992, 29.46647918400015], [-89.78292868599999, 29.466292384000155], [-89.78346508699997, 29.465862684000115], [-89.78333638699996, 29.46539558400019], [-89.78385138599998, 29.464853885000025], [-89.78335778699989, 29.464293384000143], [-89.78413028599994, 29.463994484000068], [-89.78421608599996, 29.462910886000145], [-89.78470968599999, 29.462051484000085], [-89.78468818599998, 29.46053818500019], [-89.78533188599988, 29.460444685000084], [-89.78522468599988, 29.459379785000067], [-89.78455948599992, 29.45842698500013], [-89.78470968599999, 29.45756748600013], [-89.78627608599993, 29.457455386000106], [-89.78646918599992, 29.457679587000086], [-89.78676958599999, 29.456988286000183], [-89.78771368599996, 29.456539887000133], [-89.78897978499998, 29.45711908700008], [-89.79015988499992, 29.456932287000086], [-89.79061048499995, 29.457025686000065], [-89.79312108399989, 29.456409086000065], [-89.79430128299992, 29.45646518600006], [-89.7971765829999, 29.457324587000016], [-89.80140368199989, 29.458090587000186], [-89.80339928099988, 29.458240086000046], [-89.80606007999995, 29.457660887000145], [-89.80846327999996, 29.456278287000146], [-89.80872077999993, 29.456278287000146], [-89.81178927899998, 29.45777298700017], [-89.81316247899991, 29.458240087000092], [-89.81517957799991, 29.459305087000132], [-89.81560867799999, 29.460426087000144], [-89.81764717699997, 29.46175258700015], [-89.81816217699998, 29.46246248500006], [-89.81925647599991, 29.46347138600015], [-89.82241077599997, 29.465993485000183], [-89.82193867599995, 29.466497885000024], [-89.82397717499998, 29.46810448600013], [-89.82487837499991, 29.468123185000024], [-89.82603717499995, 29.469468284000186], [-89.82764647399989, 29.470663883999975], [-89.83163757299997, 29.472700084000053], [-89.8354141719999, 29.474848383999984], [-89.83964127099989, 29.476249383000038], [-89.84678666899993, 29.4763427850001], [-89.84901826799995, 29.47654828400016], [-89.8552195659999, 29.475147285000162], [-89.85695766599997, 29.474287985000103], [-89.85820216499997, 29.473951685000145], [-89.86004756499989, 29.473820984999975], [-89.86041076499993, 29.473557475000064], [-89.86064910899995, 29.474046707000184], [-89.86143493699996, 29.474756241000136], [-89.86225128199999, 29.474824905000105], [-89.86311236299991, 29.474573439000096], [-89.86368560799991, 29.4749393460001], [-89.86386871299993, 29.475351334000038], [-89.8639507289999, 29.477094650000083], [-89.86368560799991, 29.477388382000186], [-89.86159515399999, 29.478399277000108], [-89.86106872599993, 29.478906631000143], [-89.86369132999994, 29.48071098300005], [-89.86573409999994, 29.48169517500014], [-89.86678298699997, 29.481489228000044], [-89.8680629729999, 29.481557846000044], [-89.86830139199998, 29.48137474100008], [-89.86832427999991, 29.480867386000114], [-89.8689002989999, 29.48075294500012], [-89.86895179699997, 29.48031806900002], [-89.86981964099994, 29.48038673400015], [-89.87054824799992, 29.479883194000024], [-89.87070465099998, 29.47963142400016], [-89.87062835699999, 29.47841835000014], [-89.87162017799994, 29.47764015200005], [-89.87209320099993, 29.476724625000088], [-89.8719577789999, 29.475416183000164], [-89.87114715599989, 29.47422599800001], [-89.87091064499998, 29.473676682000075], [-89.87096405099993, 29.473379135000016], [-89.87166788999991, 29.473150543000145], [-89.87402534499995, 29.473447800000145], [-89.87564849899991, 29.472764969000025], [-89.8762226099999, 29.472169876000066], [-89.87727355999994, 29.46948814400008], [-89.8777179729999, 29.468984604000127], [-89.87829589899997, 29.46864128100009], [-89.87894439699988, 29.46864128100009], [-89.87923431399997, 29.468919754000126], [-89.87962722799989, 29.469972610000184], [-89.88041686999992, 29.46999549900005], [-89.88038635299989, 29.46972084000015], [-89.87944412199994, 29.468183517], [-89.87978553799991, 29.467176437000035], [-89.88028716999997, 29.46674156199998], [-89.88093566899988, 29.46674156199998], [-89.88287353499999, 29.467775345000177], [-89.88441657999994, 29.46786689800001], [-89.88530731199995, 29.467546463000076], [-89.8865661619999, 29.466722488000187], [-89.88682746899991, 29.466173172000026], [-89.88685607899998, 29.465185165000094], [-89.88709258999995, 29.464956284000095], [-89.88777271999999, 29.464920697000082], [-89.89148022399996, 29.468068567000103], [-89.88967763399995, 29.46864490700017], [-89.88923263499998, 29.468484879000073], [-89.88821411099991, 29.467660904000013], [-89.88766288799997, 29.467706680000106], [-89.88687705999996, 29.468072891000133], [-89.88664245599989, 29.468461990000037], [-89.88721847499994, 29.4690799710001], [-89.88732147199994, 29.469423294000023], [-89.88790130599989, 29.469514847000028], [-89.88839721699998, 29.46910285900009], [-89.88941574099994, 29.469377518000158], [-89.89028143299998, 29.469057209000027], [-89.8909339899999, 29.469106674000102], [-89.89161621299996, 29.46882844800018], [-89.89216422999988, 29.468969345000005], [-89.89299774199992, 29.469747543000096], [-89.89375905399999, 29.46993920200009], [-89.89493765599997, 29.47090668700008], [-89.89502071599998, 29.471297175000075], [-89.89383697499994, 29.47176170300014], [-89.89386367799989, 29.472013474000107], [-89.89414977999996, 29.472242355000105], [-89.8951578899999, 29.471942067000157], [-89.89579595599992, 29.47494178500017], [-89.89108235499992, 29.47417233100009], [-89.89148139999998, 29.47370719900016], [-89.89151001099992, 29.47334098800019], [-89.89135169999992, 29.473226547000024], [-89.89095878599989, 29.47320365900009], [-89.88941325899992, 29.47400447399997], [-89.88854980499997, 29.47370719900016], [-89.88838958699995, 29.474210739000114], [-89.88891366299998, 29.475859141000058], [-89.88669795799996, 29.47875248500003], [-89.88146225899993, 29.483534384000166], [-89.88180555899999, 29.488017183000068], [-89.88918705599997, 29.492051581000112], [-89.89965835399994, 29.4922009820001], [-89.90257665299998, 29.49010918300013], [-89.90532325299995, 29.486149384000157], [-89.90641755199988, 29.483459684000024], [-89.90749045199993, 29.482507084000076], [-89.90861417899993, 29.483027738000146], [-89.90828323499989, 29.48385810900004], [-89.90827941899994, 29.4847049710001], [-89.90896415699996, 29.486993790000042], [-89.90893554699988, 29.48821067800003], [-89.90851593099995, 29.48912620500016], [-89.90836143499996, 29.490064620999988], [-89.90791320899996, 29.490728378000142], [-89.9078369149999, 29.491346359000033], [-89.90757560799989, 29.4918498990001], [-89.90756988499993, 29.492582321000157], [-89.90822601299999, 29.49372673000005], [-89.9091186519999, 29.49473762500014], [-89.91000938399998, 29.495332718000043], [-89.9113693239999, 29.497117996000156], [-89.91147422799997, 29.49775886500015], [-89.90878295899995, 29.496591568000156], [-89.90757369999989, 29.49675178500013], [-89.90811920199991, 29.498056411999983], [-89.90851592999996, 29.498170853000147], [-89.91055297999992, 29.499734879000073], [-89.91228485099998, 29.499769211000057], [-89.91278266899997, 29.499544144000026], [-89.9132308959999, 29.498994827000104], [-89.91301917999988, 29.497896194000077], [-89.91194915799991, 29.496500015000095], [-89.9111633309999, 29.494760513000074], [-89.91019439699994, 29.49379539500012], [-89.90974807699996, 29.492971420000117], [-89.90979957599995, 29.492147446000104], [-89.91003608699998, 29.491529465000042], [-89.9111099239999, 29.489995956000087], [-89.91160583499993, 29.48878288300017], [-89.91129619099996, 29.48427039000012], [-89.91650264999998, 29.486410885000055], [-89.91849824899998, 29.490501383000094], [-89.9203650479999, 29.492070282000157], [-89.9208370479999, 29.493807281000045], [-89.92034354799989, 29.496440683000174], [-89.91899174799988, 29.496851581000044], [-89.91843384799989, 29.497841381000057], [-89.91824074899989, 29.500343981000185], [-89.91740384899992, 29.503332080000064], [-89.91733944799995, 29.50488207900014], [-89.91691034799999, 29.506039879000184], [-89.91680304799996, 29.50773927800003], [-89.91903464799998, 29.509644079000168], [-89.92098734699988, 29.510988578000138], [-89.92201724599994, 29.51138067800008], [-89.92429174599994, 29.511362079000037], [-89.9283258449999, 29.51080187900004], [-89.93062174499988, 29.509924179000052], [-89.93399064399995, 29.507776679000187], [-89.93377604399996, 29.503873580000118], [-89.93231694399992, 29.502155480000056], [-89.93066474499989, 29.500530680999987], [-89.92873354499989, 29.499372782000023], [-89.92712414599998, 29.49860708099999], [-89.9243990469999, 29.498252282000067], [-89.92388404699994, 29.497561281000173], [-89.9242059469999, 29.496832881000103], [-89.92527884699996, 29.495338782000033], [-89.92575094699993, 29.494106083000077], [-89.92562214699996, 29.492070282000157], [-89.92629952199997, 29.490953573000183], [-89.92707669899994, 29.490705755000135], [-89.92775726299993, 29.491209030000107], [-89.92835998499999, 29.491415024000105], [-89.92875099199995, 29.49116325400007], [-89.92883300799997, 29.489698410000187], [-89.92909240699993, 29.489629745000116], [-89.93047904999992, 29.49274635300003], [-89.93045425399998, 29.494234085000187], [-89.9296150209999, 29.49526405300014], [-89.9289855969999, 29.49700355500005], [-89.9288024899999, 29.498102188000075], [-89.92901420599992, 29.498331070000177], [-89.9292907709999, 29.49835205100004], [-89.92993164099994, 29.49785041800004], [-89.93029622499995, 29.497804845000076], [-89.93045043899991, 29.497919083000113], [-89.93058395399999, 29.498769760000073], [-89.93247071099995, 29.498445820000086], [-89.93312072799989, 29.49927330000014], [-89.93367385999994, 29.49927330000014], [-89.93419837999988, 29.498998642000174], [-89.93419837999988, 29.498445511000114], [-89.93337249899997, 29.49803924600019], [-89.93341064499998, 29.49762153600011], [-89.93487739599993, 29.49700355500005], [-89.93655395599995, 29.495561599999974], [-89.93665695199991, 29.49425697300012], [-89.93634796099991, 29.493913651000184], [-89.93600273099997, 29.49395942700005], [-89.93490409899994, 29.495195389000173], [-89.9343271279999, 29.495561154000143], [-89.93398666399997, 29.49540138200007], [-89.93349075299994, 29.494783401000177], [-89.93280983099993, 29.494440079000185], [-89.93254852299998, 29.493822098000123], [-89.93136978099989, 29.492998123000064], [-89.93161010699998, 29.492311478000033], [-89.9316062929999, 29.491781235000133], [-89.93045425399998, 29.490270614999986], [-89.9303741459999, 29.489995956000087], [-89.93058395399999, 29.489309311000056], [-89.93042755199991, 29.488554001000068], [-89.92993164099994, 29.488096237000036], [-89.92883109999997, 29.48811912500014], [-89.92854309099994, 29.4890117650001], [-89.92819976799996, 29.489240646000155], [-89.9273605919999, 29.48933446600006], [-89.92774644599996, 29.488745684000037], [-89.92776794599996, 29.488222684000107], [-89.93055744499992, 29.486933884000052], [-89.9305788449999, 29.486560383000153], [-89.93188774499993, 29.486074684000187], [-89.93139424499998, 29.484935284000073], [-89.93068614499998, 29.484841885000094], [-89.9304501449999, 29.484430984000085], [-89.93021414599991, 29.48325418400009], [-89.93092224499998, 29.482974086000183], [-89.93171614499994, 29.481984084000146], [-89.9321452449999, 29.48217088400014], [-89.93213475499994, 29.481255248000025], [-89.93260063399993, 29.481134639000118], [-89.93320465099993, 29.481340408000165], [-89.93385334099992, 29.481134551000082], [-89.93427276599994, 29.481431961], [-89.93503427999997, 29.481249103000152], [-89.93623352099996, 29.481592178000028], [-89.93754577599992, 29.481592178000028], [-89.93843841599988, 29.481386185000133], [-89.93875121999992, 29.481203079000068], [-89.93877601699995, 29.480264664000174], [-89.93911743299992, 29.478845596000156], [-89.93864631699995, 29.478292465000152], [-89.93791198699995, 29.477949142000057], [-89.93636894199989, 29.47781181300013], [-89.93608093299997, 29.47801780700013], [-89.93608093299997, 29.480173111000113], [-89.93577511399997, 29.480802700000083], [-89.93537244399994, 29.48090526700014], [-89.9345111849999, 29.480493546000105], [-89.93375240799992, 29.48058452000015], [-89.93307495099992, 29.480333328000143], [-89.93212655699989, 29.48053957999997], [-89.93212384599991, 29.480302885000015], [-89.93173754499992, 29.479817287000174], [-89.93154444599998, 29.47897668600018], [-89.93107244599997, 29.478322886000058], [-89.93122264599998, 29.477967985000134], [-89.93317524499997, 29.477874586000098], [-89.93362584499994, 29.477164687000084], [-89.93401214499994, 29.475819786999978], [-89.93371174499993, 29.474586886000054], [-89.93298214499998, 29.473989088000167], [-89.93255294499988, 29.474026386000048], [-89.93223114599994, 29.4737275870001], [-89.92808974699994, 29.47189678600006], [-89.92770354599992, 29.47096278800001], [-89.9270598469999, 29.470626488000107], [-89.92622294799992, 29.470757288000073], [-89.92547194699995, 29.470402288000002], [-89.92581524699995, 29.470009988000072], [-89.92560074699998, 29.46946828800003], [-89.92845454699989, 29.469244088000096], [-89.9305359459999, 29.468851789000098], [-89.93163034599996, 29.468403389000116], [-89.93259594599994, 29.467450687000166], [-89.93278904499988, 29.466796790000103], [-89.93371174499993, 29.466254989000163], [-89.9339515939999, 29.465677221000135], [-89.93524169899996, 29.466432571000098], [-89.9368362429999, 29.467004776000124], [-89.93652343799988, 29.46833229100008], [-89.93678665099998, 29.468744278000145], [-89.93759727499992, 29.468904495000174], [-89.93861770599989, 29.470094681000035], [-89.93859100299989, 29.470415115000094], [-89.93817270999995, 29.47050638000013], [-89.93757057299996, 29.47020912200003], [-89.93657684299995, 29.46938514700014], [-89.93474578899998, 29.468904495000174], [-89.93406677199994, 29.468011856000146], [-89.93372344999995, 29.467920303000085], [-89.93335723899992, 29.46833229100008], [-89.93322563199996, 29.469110489000172], [-89.93218040499988, 29.469728470000064], [-89.9316310879999, 29.470346451000125], [-89.93110656699997, 29.47190666200015], [-89.93118286099997, 29.472017288000075], [-89.93136787399999, 29.472040176000178], [-89.9316329959999, 29.471788406000144], [-89.93254852299998, 29.470254898000064], [-89.93283462499994, 29.470254898000064], [-89.9330959319999, 29.472089767000114], [-89.93375396799996, 29.47220039400014], [-89.93408966099997, 29.47176551800004], [-89.93411636399992, 29.471170425000082], [-89.9337005619999, 29.470575333000056], [-89.9337005619999, 29.470277785999997], [-89.93427276599994, 29.469911575000026], [-89.93511199999989, 29.469888687000093], [-89.93586730999988, 29.47020912200003], [-89.93602752699996, 29.47112464899999], [-89.93623733499993, 29.471239090000154], [-89.93681335399998, 29.470918655000048], [-89.9380416869999, 29.47098732000012], [-89.93835449199997, 29.47114753700015], [-89.93811798099995, 29.472383499000102], [-89.93822479199997, 29.47309684800001], [-89.93859100299989, 29.4737834930001], [-89.93966484099991, 29.47456169100019], [-89.94005775599993, 29.474584579000123], [-89.94110870399993, 29.474126815999966], [-89.94246673599997, 29.47410011300019], [-89.94325256299993, 29.47348213200013], [-89.94414520299989, 29.47348213200013], [-89.94427108799994, 29.47295570400007], [-89.94377004099994, 29.47257349900019], [-89.94356536899988, 29.47153663600011], [-89.94309425299991, 29.470460892000062], [-89.94335365299997, 29.469522476000066], [-89.94322395299997, 29.469408035000072], [-89.94254302999997, 29.469476699999973], [-89.94157600499994, 29.46906471300008], [-89.93890571599991, 29.46917915300014], [-89.9388275149999, 29.468950272000143], [-89.93919372599993, 29.468446732000018], [-89.93924713099995, 29.46810340900015], [-89.93908882099998, 29.46787452700005], [-89.93840789799992, 29.467782973999988], [-89.9372043599999, 29.468080521000047], [-89.93780708299988, 29.467161179000186], [-89.93793678299994, 29.466543198000124], [-89.9388275149999, 29.466180801000064], [-89.93919372599993, 29.465833664], [-89.93916702299992, 29.46464347800014], [-89.93948364299996, 29.46402549700008], [-89.93950843799996, 29.462972641000192], [-89.93903732299998, 29.46251487700016], [-89.9380416869999, 29.46242332500003], [-89.93738746599996, 29.461919785000077], [-89.93608093299997, 29.46141624500018], [-89.93580079199995, 29.46112873100003], [-89.93703764499998, 29.461042591000023], [-89.93875424399988, 29.459622691000106], [-89.93931214399998, 29.45880059000001], [-89.93946234399988, 29.458184091000078], [-89.94081414399989, 29.45833349100019], [-89.94287414399997, 29.459099591000154], [-89.9429814429999, 29.459473190999972], [-89.94349634299988, 29.459398490000126], [-89.94469804199991, 29.459603990000062], [-89.94501984199997, 29.4598094910001], [-89.94540614199997, 29.45945449100003], [-89.9491183419999, 29.459080891000042], [-89.95019114099995, 29.458539091000148], [-89.95759403899996, 29.45797849100012], [-89.96016903799995, 29.46104259200007], [-89.96379723099994, 29.46362326899998], [-89.96558340899992, 29.464117071000032], [-89.96801913899992, 29.463726527000006], [-89.97132781199997, 29.462737262000132], [-89.97223413099988, 29.46213035200003], [-89.97325373999996, 29.461960417000114], [-89.97602462399999, 29.46099990900018], [-89.97692574499996, 29.461003199000118], [-89.97743307299993, 29.460119262999967], [-89.9774557739999, 29.46328130400002]], [[-90.42999267599998, 30.23413085900006], [-90.42999267599998, 30.243103027000075], [-90.42919921899988, 30.246276855000133], [-90.42797851599994, 30.25549316400003], [-90.42153167699996, 30.26321601900014], [-90.41619872999996, 30.268127441000104], [-90.40759277299998, 30.272521973000096], [-90.40411376999998, 30.275085449000073], [-90.4013061519999, 30.28088378900003], [-90.40177917599999, 30.285404205000134], [-90.40202957899999, 30.285313149000046], [-90.40248870799996, 30.28793144200006], [-90.40612792999991, 30.289123535000044], [-90.41101074199997, 30.289123535000044], [-90.41626548799991, 30.290765762000092], [-90.42193603499993, 30.294816971000046], [-90.42639160199991, 30.29562950100012], [-90.42882537799994, 30.297246933000167], [-90.42882537799994, 30.29968071000019], [-90.42639160199991, 30.301706314000114], [-90.42153167699996, 30.304944992000003], [-90.41668701199995, 30.311279297], [-90.41862300799994, 30.313801959000045], [-90.42437744199998, 30.319519043000184], [-90.43121337899998, 30.32147216800007], [-90.43571281399994, 30.32601356500004], [-90.44178856699995, 30.324796889000083], [-90.44503021199995, 30.325609207000127], [-90.45721435499996, 30.3308715820001], [-90.46771240199996, 30.334106445000145], [-90.4749984749999, 30.341596603000085], [-90.47509145899988, 30.341394207000064], [-90.47750721599994, 30.344247092000103], [-90.47510528599997, 30.34200668300008], [-90.4778473419999, 30.344649059000062], [-90.48352050799997, 30.343872070000145], [-90.49243239299989, 30.340597656000114], [-90.49648379599995, 30.337356533000104], [-90.50175061999988, 30.33411541100014], [-90.50421142599998, 30.331726074000073], [-90.50842285199991, 30.330505371000072], [-90.51147460899995, 30.328918457000043], [-90.52443847799998, 30.317909798000187], [-90.53009033299992, 30.311889648000147], [-90.53448486199989, 30.307922363000102], [-90.53902356499992, 30.304135013000064], [-90.54793548599991, 30.300489426000127], [-90.55108642699997, 30.300109863000102], [-90.55482482899993, 30.300489426000127], [-90.55798339799998, 30.302124023000147], [-90.5613062459999, 30.303324746999976], [-90.56373708799998, 30.30210932600005], [-90.56333194799993, 30.30008362500007], [-90.56169483299999, 30.297043269000028], [-90.56031138299994, 30.29389388100003], [-90.56127929699988, 30.290100098000096], [-90.57299804699988, 30.279479980000133], [-90.57751464799992, 30.27456092800014], [-90.58398437499994, 30.260925293000128], [-90.58561706499995, 30.254707336000024], [-90.58561706499995, 30.24700927700019], [-90.58399410399994, 30.24214856000009], [-90.58117675799997, 30.235290527000075], [-90.57870655299996, 30.231447623000122], [-90.57751464799992, 30.229589462000092], [-90.57183989299989, 30.226348088000123], [-90.57143475399994, 30.221891544000187], [-90.57467651399998, 30.217435836999982], [-90.57550048899992, 30.214294434000067], [-90.57672119099993, 30.21069335900006], [-90.58318382299996, 30.207306493000146], [-90.58926092799999, 30.208116774000132], [-90.59095868799994, 30.20717986500017], [-90.59411621099991, 30.205322266000053], [-90.59574317899995, 30.200014114000112], [-90.5941238399999, 30.191507339000168], [-90.59007263199999, 30.1846179960001], [-90.58270263699995, 30.177673340000126], [-90.57347203699993, 30.172471388000133], [-90.56089973399992, 30.169630051000127], [-90.5438842769999, 30.16800880400018], [-90.5361862179999, 30.169630051000127], [-90.52443695099998, 30.169630051000127], [-90.51633453499994, 30.17043876600019], [-90.50337028499996, 30.170843124000044], [-90.49486350999996, 30.17246437100016], [-90.48271792199995, 30.175297642000032], [-90.47176933299988, 30.18097496000007], [-90.46240234399988, 30.187072754000155], [-90.45831298799993, 30.19030761700003], [-90.45678710899989, 30.194274902000075], [-90.45431236399992, 30.199646910000126], [-90.44818115299995, 30.205871581999986], [-90.44300460799997, 30.212575912000148], [-90.43814086899994, 30.215814590000093], [-90.42999267599998, 30.23413085900006]]]]}}]}